<?xml version="1.0" encoding="UTF-8"?>
<gpx version="1.1" creator="Chemins Noirs"
  xmlns="http://www.topografix.com/GPX/1/1"
  xmlns:xsi="http://www.w3.org/2001/XMLSchema-instance"
  xsi:schemaLocation="http://www.topografix.com/GPX/1/1 http://www.topografix.com/GPX/1/1/gpx.xsd">
<metadata><name>J3 — Villeperdrix — Vallée de l'Eygues</name>
<desc>Boucle depuis Villeperdrix. Gorges sauvages Eygues, village perché, mont Angèle. Balisage GRP. — 23.9 km, +1673m</desc></metadata>
<wpt lat="44.422673" lon="5.272449"><ele>507</ele>
  <name>🅿️ Parking village, Villeperdrix</name><sym>Parking Area</sym></wpt>
<trk><name>J3 — Villeperdrix — Vallée de l'Eygues</name>
  <desc>Boucle depuis Villeperdrix. Gorges sauvages Eygues, village perché, mont Angèle. Balisage GRP.</desc><trkseg>
    <trkpt lat="44.422673" lon="5.272449"><ele>506.7</ele></trkpt>
    <trkpt lat="44.422730" lon="5.272478"><ele>508.4</ele></trkpt>
    <trkpt lat="44.423084" lon="5.272601"><ele>518.4</ele></trkpt>
    <trkpt lat="44.423149" lon="5.272628"><ele>519.7</ele></trkpt>
    <trkpt lat="44.423207" lon="5.272677"><ele>519.7</ele></trkpt>
    <trkpt lat="44.423292" lon="5.272712"><ele>521.4</ele></trkpt>
    <trkpt lat="44.423596" lon="5.272787"><ele>529.9</ele></trkpt>
    <trkpt lat="44.423652" lon="5.272791"><ele>531.9</ele></trkpt>
    <trkpt lat="44.423656" lon="5.272766"><ele>533.4</ele></trkpt>
    <trkpt lat="44.423644" lon="5.272741"><ele>534.3</ele></trkpt>
    <trkpt lat="44.423488" lon="5.272567"><ele>536.8</ele></trkpt>
    <trkpt lat="44.423294" lon="5.272362"><ele>537.4</ele></trkpt>
    <trkpt lat="44.423277" lon="5.272321"><ele>538.5</ele></trkpt>
    <trkpt lat="44.423276" lon="5.272305"><ele>539.2</ele></trkpt>
    <trkpt lat="44.423307" lon="5.272304"><ele>540.4</ele></trkpt>
    <trkpt lat="44.423513" lon="5.272343"><ele>548.6</ele></trkpt>
    <trkpt lat="44.423646" lon="5.272379"><ele>553.5</ele></trkpt>
    <trkpt lat="44.423758" lon="5.272427"><ele>556.7</ele></trkpt>
    <trkpt lat="44.423806" lon="5.272483"><ele>556.0</ele></trkpt>
    <trkpt lat="44.423946" lon="5.272666"><ele>550.6</ele></trkpt>
    <trkpt lat="44.424365" lon="5.272640"><ele>561.1</ele></trkpt>
    <trkpt lat="44.424608" lon="5.272581"><ele>565.8</ele></trkpt>
    <trkpt lat="44.424703" lon="5.272533"><ele>568.5</ele></trkpt>
    <trkpt lat="44.425022" lon="5.272549"><ele>573.0</ele></trkpt>
    <trkpt lat="44.425074" lon="5.272554"><ele>573.2</ele></trkpt>
    <trkpt lat="44.425119" lon="5.272554"><ele>573.5</ele></trkpt>
    <trkpt lat="44.425194" lon="5.272490"><ele>576.0</ele></trkpt>
    <trkpt lat="44.425258" lon="5.272377"><ele>579.1</ele></trkpt>
    <trkpt lat="44.425284" lon="5.272261"><ele>582.1</ele></trkpt>
    <trkpt lat="44.425314" lon="5.272080"><ele>586.2</ele></trkpt>
    <trkpt lat="44.425331" lon="5.271875"><ele>590.5</ele></trkpt>
    <trkpt lat="44.425366" lon="5.271732"><ele>593.3</ele></trkpt>
    <trkpt lat="44.425459" lon="5.271612"><ele>595.6</ele></trkpt>
    <trkpt lat="44.425575" lon="5.271570"><ele>597.6</ele></trkpt>
    <trkpt lat="44.425650" lon="5.271595"><ele>599.8</ele></trkpt>
    <trkpt lat="44.425787" lon="5.271794"><ele>600.9</ele></trkpt>
    <trkpt lat="44.425964" lon="5.272055"><ele>604.7</ele></trkpt>
    <trkpt lat="44.426132" lon="5.272366"><ele>610.3</ele></trkpt>
    <trkpt lat="44.426251" lon="5.272658"><ele>614.3</ele></trkpt>
    <trkpt lat="44.426272" lon="5.272729"><ele>614.9</ele></trkpt>
    <trkpt lat="44.426281" lon="5.272776"><ele>615.1</ele></trkpt>
    <trkpt lat="44.426287" lon="5.272833"><ele>615.5</ele></trkpt>
    <trkpt lat="44.426304" lon="5.272875"><ele>616.2</ele></trkpt>
    <trkpt lat="44.426325" lon="5.272862"><ele>616.9</ele></trkpt>
    <trkpt lat="44.426343" lon="5.272821"><ele>617.5</ele></trkpt>
    <trkpt lat="44.426381" lon="5.272616"><ele>619.3</ele></trkpt>
    <trkpt lat="44.426424" lon="5.272292"><ele>621.1</ele></trkpt>
    <trkpt lat="44.426443" lon="5.272211"><ele>621.7</ele></trkpt>
    <trkpt lat="44.426467" lon="5.272148"><ele>622.4</ele></trkpt>
    <trkpt lat="44.426490" lon="5.272119"><ele>622.8</ele></trkpt>
    <trkpt lat="44.426552" lon="5.272127"><ele>623.4</ele></trkpt>
    <trkpt lat="44.426666" lon="5.272406"><ele>623.3</ele></trkpt>
    <trkpt lat="44.426680" lon="5.272477"><ele>622.9</ele></trkpt>
    <trkpt lat="44.426659" lon="5.272741"><ele>622.9</ele></trkpt>
    <trkpt lat="44.426664" lon="5.272803"><ele>623.0</ele></trkpt>
    <trkpt lat="44.426679" lon="5.272844"><ele>622.8</ele></trkpt>
    <trkpt lat="44.426709" lon="5.272891"><ele>622.3</ele></trkpt>
    <trkpt lat="44.426915" lon="5.273119"><ele>618.8</ele></trkpt>
    <trkpt lat="44.427029" lon="5.273173"><ele>616.4</ele></trkpt>
    <trkpt lat="44.427066" lon="5.273165"><ele>615.5</ele></trkpt>
    <trkpt lat="44.427129" lon="5.273210"><ele>614.3</ele></trkpt>
    <trkpt lat="44.427234" lon="5.273350"><ele>612.5</ele></trkpt>
    <trkpt lat="44.427294" lon="5.273499"><ele>610.0</ele></trkpt>
    <trkpt lat="44.427335" lon="5.273578"><ele>608.4</ele></trkpt>
    <trkpt lat="44.427355" lon="5.273580"><ele>607.8</ele></trkpt>
    <trkpt lat="44.427468" lon="5.273442"><ele>604.1</ele></trkpt>
    <trkpt lat="44.427613" lon="5.273276"><ele>598.8</ele></trkpt>
    <trkpt lat="44.427745" lon="5.273168"><ele>594.1</ele></trkpt>
    <trkpt lat="44.427786" lon="5.273108"><ele>592.7</ele></trkpt>
    <trkpt lat="44.427804" lon="5.272977"><ele>591.6</ele></trkpt>
    <trkpt lat="44.427784" lon="5.272859"><ele>592.0</ele></trkpt>
    <trkpt lat="44.427817" lon="5.272775"><ele>590.3</ele></trkpt>
    <trkpt lat="44.428017" lon="5.272455"><ele>580.4</ele></trkpt>
    <trkpt lat="44.428222" lon="5.272164"><ele>570.0</ele></trkpt>
    <trkpt lat="44.428309" lon="5.271979"><ele>565.3</ele></trkpt>
    <trkpt lat="44.428439" lon="5.271682"><ele>560.0</ele></trkpt>
    <trkpt lat="44.428503" lon="5.271546"><ele>558.2</ele></trkpt>
    <trkpt lat="44.428635" lon="5.271422"><ele>553.6</ele></trkpt>
    <trkpt lat="44.428730" lon="5.271368"><ele>550.2</ele></trkpt>
    <trkpt lat="44.429093" lon="5.271139"><ele>538.0</ele></trkpt>
    <trkpt lat="44.429164" lon="5.271144"><ele>534.7</ele></trkpt>
    <trkpt lat="44.429194" lon="5.271178"><ele>532.6</ele></trkpt>
    <trkpt lat="44.429203" lon="5.271207"><ele>531.7</ele></trkpt>
    <trkpt lat="44.429202" lon="5.271315"><ele>530.2</ele></trkpt>
    <trkpt lat="44.429184" lon="5.271891"><ele>519.2</ele></trkpt>
    <trkpt lat="44.429175" lon="5.272520"><ele>512.4</ele></trkpt>
    <trkpt lat="44.429212" lon="5.272744"><ele>510.0</ele></trkpt>
    <trkpt lat="44.429241" lon="5.272870"><ele>508.2</ele></trkpt>
    <trkpt lat="44.429327" lon="5.273076"><ele>502.5</ele></trkpt>
    <trkpt lat="44.429483" lon="5.273375"><ele>495.8</ele></trkpt>
    <trkpt lat="44.429717" lon="5.273760"><ele>486.9</ele></trkpt>
    <trkpt lat="44.429838" lon="5.273847"><ele>484.4</ele></trkpt>
    <trkpt lat="44.430035" lon="5.273909"><ele>479.6</ele></trkpt>
    <trkpt lat="44.430167" lon="5.273918"><ele>475.6</ele></trkpt>
    <trkpt lat="44.430320" lon="5.273950"><ele>470.7</ele></trkpt>
    <trkpt lat="44.430487" lon="5.274026"><ele>465.5</ele></trkpt>
    <trkpt lat="44.430531" lon="5.274083"><ele>463.7</ele></trkpt>
    <trkpt lat="44.430548" lon="5.274117"><ele>462.9</ele></trkpt>
    <trkpt lat="44.430549" lon="5.274167"><ele>462.1</ele></trkpt>
    <trkpt lat="44.430532" lon="5.274316"><ele>460.8</ele></trkpt>
    <trkpt lat="44.430608" lon="5.274294"><ele>461.5</ele></trkpt>
    <trkpt lat="44.430689" lon="5.274254"><ele>462.5</ele></trkpt>
    <trkpt lat="44.430778" lon="5.274146"><ele>463.8</ele></trkpt>
    <trkpt lat="44.430801" lon="5.274075"><ele>464.5</ele></trkpt>
    <trkpt lat="44.430821" lon="5.274034"><ele>464.9</ele></trkpt>
    <trkpt lat="44.430861" lon="5.274010"><ele>466.7</ele></trkpt>
    <trkpt lat="44.430903" lon="5.274055"><ele>468.8</ele></trkpt>
    <trkpt lat="44.430950" lon="5.274285"><ele>469.7</ele></trkpt>
    <trkpt lat="44.430928" lon="5.274527"><ele>468.3</ele></trkpt>
    <trkpt lat="44.430907" lon="5.274690"><ele>468.4</ele></trkpt>
    <trkpt lat="44.430893" lon="5.274805"><ele>468.5</ele></trkpt>
    <trkpt lat="44.430913" lon="5.274937"><ele>469.4</ele></trkpt>
    <trkpt lat="44.430982" lon="5.274838"><ele>470.8</ele></trkpt>
    <trkpt lat="44.431113" lon="5.274587"><ele>476.4</ele></trkpt>
    <trkpt lat="44.431383" lon="5.274393"><ele>476.7</ele></trkpt>
    <trkpt lat="44.431703" lon="5.274118"><ele>471.0</ele></trkpt>
    <trkpt lat="44.432102" lon="5.273895"><ele>459.2</ele></trkpt>
    <trkpt lat="44.432542" lon="5.273713"><ele>449.6</ele></trkpt>
    <trkpt lat="44.432870" lon="5.273691"><ele>446.2</ele></trkpt>
    <trkpt lat="44.433320" lon="5.273554"><ele>448.3</ele></trkpt>
    <trkpt lat="44.433334" lon="5.273683"><ele>449.3</ele></trkpt>
    <trkpt lat="44.433718" lon="5.273659"><ele>455.7</ele></trkpt>
    <trkpt lat="44.433759" lon="5.273656"><ele>456.5</ele></trkpt>
    <trkpt lat="44.433799" lon="5.273778"><ele>460.9</ele></trkpt>
    <trkpt lat="44.433872" lon="5.273791"><ele>462.8</ele></trkpt>
    <trkpt lat="44.434007" lon="5.273812"><ele>465.9</ele></trkpt>
    <trkpt lat="44.434074" lon="5.273817"><ele>467.3</ele></trkpt>
    <trkpt lat="44.434206" lon="5.273830"><ele>469.6</ele></trkpt>
    <trkpt lat="44.434245" lon="5.273848"><ele>470.5</ele></trkpt>
    <trkpt lat="44.434262" lon="5.273859"><ele>470.9</ele></trkpt>
    <trkpt lat="44.434282" lon="5.273876"><ele>471.5</ele></trkpt>
    <trkpt lat="44.434345" lon="5.273935"><ele>473.8</ele></trkpt>
    <trkpt lat="44.434354" lon="5.273957"><ele>474.6</ele></trkpt>
    <trkpt lat="44.434354" lon="5.273984"><ele>475.5</ele></trkpt>
    <trkpt lat="44.434342" lon="5.273993"><ele>475.8</ele></trkpt>
    <trkpt lat="44.434313" lon="5.274001"><ele>475.9</ele></trkpt>
    <trkpt lat="44.434269" lon="5.274041"><ele>477.0</ele></trkpt>
    <trkpt lat="44.434030" lon="5.274314"><ele>484.6</ele></trkpt>
    <trkpt lat="44.434021" lon="5.274338"><ele>485.4</ele></trkpt>
    <trkpt lat="44.434017" lon="5.274367"><ele>486.4</ele></trkpt>
    <trkpt lat="44.434017" lon="5.274376"><ele>486.8</ele></trkpt>
    <trkpt lat="44.434030" lon="5.274385"><ele>487.3</ele></trkpt>
    <trkpt lat="44.434076" lon="5.274404"><ele>488.5</ele></trkpt>
    <trkpt lat="44.434164" lon="5.274385"><ele>488.8</ele></trkpt>
    <trkpt lat="44.434215" lon="5.274376"><ele>488.8</ele></trkpt>
    <trkpt lat="44.434278" lon="5.274391"><ele>489.8</ele></trkpt>
    <trkpt lat="44.434330" lon="5.274419"><ele>491.2</ele></trkpt>
    <trkpt lat="44.434420" lon="5.274491"><ele>494.2</ele></trkpt>
    <trkpt lat="44.434512" lon="5.274598"><ele>497.6</ele></trkpt>
    <trkpt lat="44.434724" lon="5.275118"><ele>510.1</ele></trkpt>
    <trkpt lat="44.434849" lon="5.275409"><ele>514.6</ele></trkpt>
    <trkpt lat="44.434948" lon="5.275534"><ele>516.4</ele></trkpt>
    <trkpt lat="44.435019" lon="5.275549"><ele>517.1</ele></trkpt>
    <trkpt lat="44.435145" lon="5.275619"><ele>517.6</ele></trkpt>
    <trkpt lat="44.435265" lon="5.275770"><ele>517.4</ele></trkpt>
    <trkpt lat="44.435496" lon="5.275911"><ele>518.6</ele></trkpt>
    <trkpt lat="44.435768" lon="5.276102"><ele>519.4</ele></trkpt>
    <trkpt lat="44.435988" lon="5.276218"><ele>520.7</ele></trkpt>
    <trkpt lat="44.436185" lon="5.276364"><ele>522.2</ele></trkpt>
    <trkpt lat="44.436347" lon="5.276493"><ele>523.7</ele></trkpt>
    <trkpt lat="44.436507" lon="5.276605"><ele>524.1</ele></trkpt>
    <trkpt lat="44.436683" lon="5.276726"><ele>523.4</ele></trkpt>
    <trkpt lat="44.436797" lon="5.276785"><ele>522.6</ele></trkpt>
    <trkpt lat="44.436900" lon="5.276803"><ele>522.1</ele></trkpt>
    <trkpt lat="44.436995" lon="5.276804"><ele>521.7</ele></trkpt>
    <trkpt lat="44.437208" lon="5.276744"><ele>521.9</ele></trkpt>
    <trkpt lat="44.437423" lon="5.276681"><ele>522.8</ele></trkpt>
    <trkpt lat="44.437529" lon="5.276637"><ele>523.7</ele></trkpt>
    <trkpt lat="44.437598" lon="5.276631"><ele>523.6</ele></trkpt>
    <trkpt lat="44.437885" lon="5.276679"><ele>522.4</ele></trkpt>
    <trkpt lat="44.437923" lon="5.276687"><ele>522.4</ele></trkpt>
    <trkpt lat="44.438071" lon="5.276753"><ele>521.8</ele></trkpt>
    <trkpt lat="44.438114" lon="5.276776"><ele>522.2</ele></trkpt>
    <trkpt lat="44.438136" lon="5.276820"><ele>521.5</ele></trkpt>
    <trkpt lat="44.438162" lon="5.276888"><ele>520.5</ele></trkpt>
    <trkpt lat="44.438544" lon="5.277372"><ele>519.2</ele></trkpt>
    <trkpt lat="44.438973" lon="5.277839"><ele>517.8</ele></trkpt>
    <trkpt lat="44.439117" lon="5.277937"><ele>516.1</ele></trkpt>
    <trkpt lat="44.439322" lon="5.277988"><ele>513.9</ele></trkpt>
    <trkpt lat="44.439438" lon="5.278033"><ele>512.3</ele></trkpt>
    <trkpt lat="44.439465" lon="5.278047"><ele>511.9</ele></trkpt>
    <trkpt lat="44.439494" lon="5.278083"><ele>511.2</ele></trkpt>
    <trkpt lat="44.439507" lon="5.278166"><ele>510.0</ele></trkpt>
    <trkpt lat="44.439486" lon="5.278306"><ele>508.7</ele></trkpt>
    <trkpt lat="44.439426" lon="5.278521"><ele>507.1</ele></trkpt>
    <trkpt lat="44.439306" lon="5.278754"><ele>504.9</ele></trkpt>
    <trkpt lat="44.439197" lon="5.278904"><ele>503.5</ele></trkpt>
    <trkpt lat="44.439091" lon="5.278983"><ele>502.5</ele></trkpt>
    <trkpt lat="44.439007" lon="5.279059"><ele>501.2</ele></trkpt>
    <trkpt lat="44.438975" lon="5.279110"><ele>500.2</ele></trkpt>
    <trkpt lat="44.438964" lon="5.279177"><ele>498.9</ele></trkpt>
    <trkpt lat="44.438966" lon="5.279245"><ele>498.1</ele></trkpt>
    <trkpt lat="44.439008" lon="5.279476"><ele>495.3</ele></trkpt>
    <trkpt lat="44.439241" lon="5.280297"><ele>487.9</ele></trkpt>
    <trkpt lat="44.439372" lon="5.280764"><ele>483.5</ele></trkpt>
    <trkpt lat="44.439401" lon="5.280922"><ele>481.7</ele></trkpt>
    <trkpt lat="44.439410" lon="5.281043"><ele>480.3</ele></trkpt>
    <trkpt lat="44.439389" lon="5.281259"><ele>478.4</ele></trkpt>
    <trkpt lat="44.439370" lon="5.281518"><ele>475.9</ele></trkpt>
    <trkpt lat="44.439370" lon="5.281840"><ele>472.8</ele></trkpt>
    <trkpt lat="44.439399" lon="5.282495"><ele>468.5</ele></trkpt>
    <trkpt lat="44.439419" lon="5.282624"><ele>467.0</ele></trkpt>
    <trkpt lat="44.439441" lon="5.282763"><ele>465.2</ele></trkpt>
    <trkpt lat="44.439440" lon="5.282984"><ele>463.7</ele></trkpt>
    <trkpt lat="44.439404" lon="5.283324"><ele>462.4</ele></trkpt>
    <trkpt lat="44.439401" lon="5.283486"><ele>461.7</ele></trkpt>
    <trkpt lat="44.439431" lon="5.283750"><ele>459.8</ele></trkpt>
    <trkpt lat="44.439446" lon="5.283828"><ele>459.2</ele></trkpt>
    <trkpt lat="44.439455" lon="5.283906"><ele>458.5</ele></trkpt>
    <trkpt lat="44.439456" lon="5.283965"><ele>457.8</ele></trkpt>
    <trkpt lat="44.439450" lon="5.284030"><ele>457.3</ele></trkpt>
    <trkpt lat="44.439440" lon="5.284088"><ele>456.9</ele></trkpt>
    <trkpt lat="44.439423" lon="5.284149"><ele>456.4</ele></trkpt>
    <trkpt lat="44.439357" lon="5.284269"><ele>455.0</ele></trkpt>
    <trkpt lat="44.439288" lon="5.284296"><ele>455.1</ele></trkpt>
    <trkpt lat="44.439016" lon="5.284342"><ele>456.3</ele></trkpt>
    <trkpt lat="44.438844" lon="5.284386"><ele>456.6</ele></trkpt>
    <trkpt lat="44.438751" lon="5.284410"><ele>456.7</ele></trkpt>
    <trkpt lat="44.438492" lon="5.284621"><ele>452.1</ele></trkpt>
    <trkpt lat="44.438057" lon="5.284953"><ele>444.2</ele></trkpt>
    <trkpt lat="44.437782" lon="5.285126"><ele>439.3</ele></trkpt>
    <trkpt lat="44.437725" lon="5.285155"><ele>437.5</ele></trkpt>
    <trkpt lat="44.437678" lon="5.285158"><ele>436.4</ele></trkpt>
    <trkpt lat="44.437650" lon="5.285150"><ele>435.9</ele></trkpt>
    <trkpt lat="44.437630" lon="5.285108"><ele>435.9</ele></trkpt>
    <trkpt lat="44.437625" lon="5.285027"><ele>436.7</ele></trkpt>
    <trkpt lat="44.437643" lon="5.284862"><ele>437.9</ele></trkpt>
    <trkpt lat="44.437673" lon="5.284549"><ele>439.3</ele></trkpt>
    <trkpt lat="44.437676" lon="5.284250"><ele>439.3</ele></trkpt>
    <trkpt lat="44.437673" lon="5.284014"><ele>439.2</ele></trkpt>
    <trkpt lat="44.437671" lon="5.283939"><ele>439.1</ele></trkpt>
    <trkpt lat="44.437660" lon="5.283905"><ele>438.9</ele></trkpt>
    <trkpt lat="44.437642" lon="5.283893"><ele>438.5</ele></trkpt>
    <trkpt lat="44.437621" lon="5.283888"><ele>438.2</ele></trkpt>
    <trkpt lat="44.437599" lon="5.283903"><ele>437.7</ele></trkpt>
    <trkpt lat="44.437576" lon="5.283953"><ele>437.0</ele></trkpt>
    <trkpt lat="44.437568" lon="5.283993"><ele>436.6</ele></trkpt>
    <trkpt lat="44.437566" lon="5.284051"><ele>436.1</ele></trkpt>
    <trkpt lat="44.437568" lon="5.284104"><ele>435.8</ele></trkpt>
    <trkpt lat="44.437577" lon="5.284159"><ele>435.8</ele></trkpt>
    <trkpt lat="44.437582" lon="5.284239"><ele>435.7</ele></trkpt>
    <trkpt lat="44.437579" lon="5.284302"><ele>435.3</ele></trkpt>
    <trkpt lat="44.437491" lon="5.284725"><ele>430.8</ele></trkpt>
    <trkpt lat="44.437403" lon="5.285113"><ele>428.5</ele></trkpt>
    <trkpt lat="44.437385" lon="5.285214"><ele>427.6</ele></trkpt>
    <trkpt lat="44.437373" lon="5.285305"><ele>426.6</ele></trkpt>
    <trkpt lat="44.437370" lon="5.285380"><ele>425.5</ele></trkpt>
    <trkpt lat="44.437372" lon="5.285422"><ele>425.0</ele></trkpt>
    <trkpt lat="44.437379" lon="5.285452"><ele>424.7</ele></trkpt>
    <trkpt lat="44.437389" lon="5.285479"><ele>424.6</ele></trkpt>
    <trkpt lat="44.437404" lon="5.285507"><ele>424.4</ele></trkpt>
    <trkpt lat="44.437429" lon="5.285527"><ele>424.5</ele></trkpt>
    <trkpt lat="44.437444" lon="5.285534"><ele>424.6</ele></trkpt>
    <trkpt lat="44.437460" lon="5.285541"><ele>424.7</ele></trkpt>
    <trkpt lat="44.437489" lon="5.285548"><ele>425.0</ele></trkpt>
    <trkpt lat="44.437519" lon="5.285555"><ele>424.9</ele></trkpt>
    <trkpt lat="44.437547" lon="5.285555"><ele>424.8</ele></trkpt>
    <trkpt lat="44.437575" lon="5.285555"><ele>424.7</ele></trkpt>
    <trkpt lat="44.437597" lon="5.285550"><ele>424.8</ele></trkpt>
    <trkpt lat="44.437620" lon="5.285546"><ele>424.9</ele></trkpt>
    <trkpt lat="44.437733" lon="5.285516"><ele>425.8</ele></trkpt>
    <trkpt lat="44.437790" lon="5.285501"><ele>426.2</ele></trkpt>
    <trkpt lat="44.437818" lon="5.285487"><ele>426.4</ele></trkpt>
    <trkpt lat="44.437875" lon="5.285460"><ele>426.7</ele></trkpt>
    <trkpt lat="44.437931" lon="5.285433"><ele>427.1</ele></trkpt>
    <trkpt lat="44.437958" lon="5.285419"><ele>427.3</ele></trkpt>
    <trkpt lat="44.437986" lon="5.285404"><ele>427.5</ele></trkpt>
    <trkpt lat="44.438013" lon="5.285390"><ele>427.8</ele></trkpt>
    <trkpt lat="44.438067" lon="5.285361"><ele>428.2</ele></trkpt>
    <trkpt lat="44.438120" lon="5.285340"><ele>428.3</ele></trkpt>
    <trkpt lat="44.438172" lon="5.285320"><ele>428.3</ele></trkpt>
    <trkpt lat="44.438199" lon="5.285310"><ele>428.2</ele></trkpt>
    <trkpt lat="44.438260" lon="5.285294"><ele>427.7</ele></trkpt>
    <trkpt lat="44.438291" lon="5.285286"><ele>427.5</ele></trkpt>
    <trkpt lat="44.438472" lon="5.285256"><ele>426.4</ele></trkpt>
    <trkpt lat="44.438528" lon="5.285258"><ele>425.8</ele></trkpt>
    <trkpt lat="44.438555" lon="5.285259"><ele>425.4</ele></trkpt>
    <trkpt lat="44.438584" lon="5.285261"><ele>425.0</ele></trkpt>
    <trkpt lat="44.438613" lon="5.285263"><ele>424.6</ele></trkpt>
    <trkpt lat="44.438642" lon="5.285266"><ele>424.3</ele></trkpt>
    <trkpt lat="44.438900" lon="5.285303"><ele>421.9</ele></trkpt>
    <trkpt lat="44.438921" lon="5.285308"><ele>421.9</ele></trkpt>
    <trkpt lat="44.438942" lon="5.285313"><ele>421.9</ele></trkpt>
    <trkpt lat="44.438962" lon="5.285333"><ele>422.0</ele></trkpt>
    <trkpt lat="44.438975" lon="5.285352"><ele>422.0</ele></trkpt>
    <trkpt lat="44.438983" lon="5.285374"><ele>422.0</ele></trkpt>
    <trkpt lat="44.438988" lon="5.285394"><ele>422.0</ele></trkpt>
    <trkpt lat="44.438988" lon="5.285417"><ele>422.0</ele></trkpt>
    <trkpt lat="44.438984" lon="5.285434"><ele>422.0</ele></trkpt>
    <trkpt lat="44.438974" lon="5.285453"><ele>421.9</ele></trkpt>
    <trkpt lat="44.438964" lon="5.285472"><ele>421.9</ele></trkpt>
    <trkpt lat="44.438947" lon="5.285509"><ele>421.7</ele></trkpt>
    <trkpt lat="44.438930" lon="5.285546"><ele>421.5</ele></trkpt>
    <trkpt lat="44.438924" lon="5.285581"><ele>422.3</ele></trkpt>
    <trkpt lat="44.438928" lon="5.285600"><ele>423.0</ele></trkpt>
    <trkpt lat="44.438940" lon="5.285621"><ele>424.0</ele></trkpt>
    <trkpt lat="44.438954" lon="5.285633"><ele>424.6</ele></trkpt>
    <trkpt lat="44.438966" lon="5.285637"><ele>424.8</ele></trkpt>
    <trkpt lat="44.438986" lon="5.285637"><ele>425.1</ele></trkpt>
    <trkpt lat="44.439005" lon="5.285631"><ele>425.1</ele></trkpt>
    <trkpt lat="44.439023" lon="5.285626"><ele>425.1</ele></trkpt>
    <trkpt lat="44.439081" lon="5.285598"><ele>424.7</ele></trkpt>
    <trkpt lat="44.439110" lon="5.285584"><ele>424.5</ele></trkpt>
    <trkpt lat="44.439365" lon="5.285487"><ele>426.0</ele></trkpt>
    <trkpt lat="44.439718" lon="5.285365"><ele>429.8</ele></trkpt>
    <trkpt lat="44.439741" lon="5.285359"><ele>429.9</ele></trkpt>
    <trkpt lat="44.439788" lon="5.285346"><ele>429.9</ele></trkpt>
    <trkpt lat="44.439813" lon="5.285349"><ele>430.2</ele></trkpt>
    <trkpt lat="44.439837" lon="5.285352"><ele>430.5</ele></trkpt>
    <trkpt lat="44.439852" lon="5.285360"><ele>430.8</ele></trkpt>
    <trkpt lat="44.439862" lon="5.285369"><ele>431.1</ele></trkpt>
    <trkpt lat="44.439868" lon="5.285383"><ele>431.6</ele></trkpt>
    <trkpt lat="44.439869" lon="5.285402"><ele>432.2</ele></trkpt>
    <trkpt lat="44.439863" lon="5.285431"><ele>432.9</ele></trkpt>
    <trkpt lat="44.439854" lon="5.285449"><ele>433.3</ele></trkpt>
    <trkpt lat="44.439836" lon="5.285471"><ele>433.7</ele></trkpt>
    <trkpt lat="44.439786" lon="5.285520"><ele>434.3</ele></trkpt>
    <trkpt lat="44.439587" lon="5.285715"><ele>436.5</ele></trkpt>
    <trkpt lat="44.439513" lon="5.285789"><ele>437.7</ele></trkpt>
    <trkpt lat="44.439441" lon="5.285858"><ele>438.9</ele></trkpt>
    <trkpt lat="44.439345" lon="5.285951"><ele>441.6</ele></trkpt>
    <trkpt lat="44.439321" lon="5.285974"><ele>442.2</ele></trkpt>
    <trkpt lat="44.439298" lon="5.285998"><ele>442.9</ele></trkpt>
    <trkpt lat="44.439146" lon="5.286143"><ele>446.4</ele></trkpt>
    <trkpt lat="44.439095" lon="5.286192"><ele>446.8</ele></trkpt>
    <trkpt lat="44.439070" lon="5.286216"><ele>447.0</ele></trkpt>
    <trkpt lat="44.439026" lon="5.286258"><ele>447.4</ele></trkpt>
    <trkpt lat="44.439003" lon="5.286279"><ele>447.6</ele></trkpt>
    <trkpt lat="44.438979" lon="5.286296"><ele>447.7</ele></trkpt>
    <trkpt lat="44.438930" lon="5.286331"><ele>448.0</ele></trkpt>
    <trkpt lat="44.438881" lon="5.286366"><ele>448.3</ele></trkpt>
    <trkpt lat="44.438856" lon="5.286383"><ele>448.5</ele></trkpt>
    <trkpt lat="44.438835" lon="5.286406"><ele>448.6</ele></trkpt>
    <trkpt lat="44.438813" lon="5.286429"><ele>448.7</ele></trkpt>
    <trkpt lat="44.438793" lon="5.286461"><ele>448.8</ele></trkpt>
    <trkpt lat="44.438773" lon="5.286493"><ele>449.0</ele></trkpt>
    <trkpt lat="44.438758" lon="5.286522"><ele>449.2</ele></trkpt>
    <trkpt lat="44.438744" lon="5.286566"><ele>449.7</ele></trkpt>
    <trkpt lat="44.438740" lon="5.286598"><ele>450.1</ele></trkpt>
    <trkpt lat="44.438740" lon="5.286634"><ele>450.5</ele></trkpt>
    <trkpt lat="44.438751" lon="5.286669"><ele>451.0</ele></trkpt>
    <trkpt lat="44.438769" lon="5.286700"><ele>451.1</ele></trkpt>
    <trkpt lat="44.438792" lon="5.286715"><ele>451.2</ele></trkpt>
    <trkpt lat="44.438819" lon="5.286720"><ele>451.4</ele></trkpt>
    <trkpt lat="44.438846" lon="5.286716"><ele>451.5</ele></trkpt>
    <trkpt lat="44.438873" lon="5.286707"><ele>451.7</ele></trkpt>
    <trkpt lat="44.438912" lon="5.286685"><ele>452.1</ele></trkpt>
    <trkpt lat="44.438948" lon="5.286651"><ele>452.3</ele></trkpt>
    <trkpt lat="44.438971" lon="5.286629"><ele>452.2</ele></trkpt>
    <trkpt lat="44.439133" lon="5.286488"><ele>452.4</ele></trkpt>
    <trkpt lat="44.439363" lon="5.286294"><ele>451.6</ele></trkpt>
    <trkpt lat="44.439392" lon="5.286277"><ele>451.5</ele></trkpt>
    <trkpt lat="44.439449" lon="5.286242"><ele>451.4</ele></trkpt>
    <trkpt lat="44.439506" lon="5.286207"><ele>451.3</ele></trkpt>
    <trkpt lat="44.439576" lon="5.286184"><ele>451.6</ele></trkpt>
    <trkpt lat="44.439599" lon="5.286177"><ele>451.7</ele></trkpt>
    <trkpt lat="44.439628" lon="5.286177"><ele>452.0</ele></trkpt>
    <trkpt lat="44.439686" lon="5.286178"><ele>452.6</ele></trkpt>
    <trkpt lat="44.439717" lon="5.286185"><ele>453.0</ele></trkpt>
    <trkpt lat="44.439748" lon="5.286193"><ele>453.3</ele></trkpt>
    <trkpt lat="44.439780" lon="5.286201"><ele>453.6</ele></trkpt>
    <trkpt lat="44.439804" lon="5.286208"><ele>453.9</ele></trkpt>
    <trkpt lat="44.439853" lon="5.286224"><ele>454.4</ele></trkpt>
    <trkpt lat="44.439875" lon="5.286237"><ele>454.7</ele></trkpt>
    <trkpt lat="44.439897" lon="5.286251"><ele>455.0</ele></trkpt>
    <trkpt lat="44.439920" lon="5.286264"><ele>455.2</ele></trkpt>
    <trkpt lat="44.439947" lon="5.286284"><ele>455.6</ele></trkpt>
    <trkpt lat="44.440000" lon="5.286325"><ele>456.3</ele></trkpt>
    <trkpt lat="44.440026" lon="5.286349"><ele>456.8</ele></trkpt>
    <trkpt lat="44.440076" lon="5.286396"><ele>457.8</ele></trkpt>
    <trkpt lat="44.440099" lon="5.286420"><ele>458.1</ele></trkpt>
    <trkpt lat="44.440143" lon="5.286467"><ele>458.7</ele></trkpt>
    <trkpt lat="44.440161" lon="5.286482"><ele>458.9</ele></trkpt>
    <trkpt lat="44.440197" lon="5.286514"><ele>459.3</ele></trkpt>
    <trkpt lat="44.440218" lon="5.286526"><ele>459.5</ele></trkpt>
    <trkpt lat="44.440260" lon="5.286551"><ele>459.8</ele></trkpt>
    <trkpt lat="44.440286" lon="5.286551"><ele>460.1</ele></trkpt>
    <trkpt lat="44.440340" lon="5.286553"><ele>460.8</ele></trkpt>
    <trkpt lat="44.440515" lon="5.286529"><ele>463.0</ele></trkpt>
    <trkpt lat="44.440642" lon="5.286498"><ele>464.1</ele></trkpt>
    <trkpt lat="44.440659" lon="5.286500"><ele>464.3</ele></trkpt>
    <trkpt lat="44.440676" lon="5.286502"><ele>464.5</ele></trkpt>
    <trkpt lat="44.440684" lon="5.286504"><ele>464.5</ele></trkpt>
    <trkpt lat="44.440702" lon="5.286509"><ele>464.7</ele></trkpt>
    <trkpt lat="44.440770" lon="5.286528"><ele>465.4</ele></trkpt>
    <trkpt lat="44.440805" lon="5.286537"><ele>465.8</ele></trkpt>
    <trkpt lat="44.440873" lon="5.286556"><ele>466.5</ele></trkpt>
    <trkpt lat="44.440891" lon="5.286561"><ele>466.7</ele></trkpt>
    <trkpt lat="44.441015" lon="5.286606"><ele>468.2</ele></trkpt>
    <trkpt lat="44.441037" lon="5.286614"><ele>468.5</ele></trkpt>
    <trkpt lat="44.441226" lon="5.286686"><ele>471.8</ele></trkpt>
    <trkpt lat="44.441240" lon="5.286695"><ele>472.1</ele></trkpt>
    <trkpt lat="44.441282" lon="5.286721"><ele>473.0</ele></trkpt>
    <trkpt lat="44.441310" lon="5.286738"><ele>473.6</ele></trkpt>
    <trkpt lat="44.441323" lon="5.286747"><ele>473.9</ele></trkpt>
    <trkpt lat="44.441392" lon="5.286789"><ele>475.4</ele></trkpt>
    <trkpt lat="44.441404" lon="5.286782"><ele>475.5</ele></trkpt>
    <trkpt lat="44.441416" lon="5.286774"><ele>475.6</ele></trkpt>
    <trkpt lat="44.441441" lon="5.286759"><ele>475.9</ele></trkpt>
    <trkpt lat="44.441627" lon="5.286647"><ele>477.1</ele></trkpt>
    <trkpt lat="44.441700" lon="5.286604"><ele>477.3</ele></trkpt>
    <trkpt lat="44.441754" lon="5.286571"><ele>477.4</ele></trkpt>
    <trkpt lat="44.441768" lon="5.286563"><ele>477.5</ele></trkpt>
    <trkpt lat="44.442012" lon="5.286509"><ele>479.2</ele></trkpt>
    <trkpt lat="44.442069" lon="5.286500"><ele>479.5</ele></trkpt>
    <trkpt lat="44.442106" lon="5.286479"><ele>479.3</ele></trkpt>
    <trkpt lat="44.442303" lon="5.286364"><ele>477.8</ele></trkpt>
    <trkpt lat="44.442417" lon="5.286295"><ele>476.4</ele></trkpt>
    <trkpt lat="44.442531" lon="5.286227"><ele>474.7</ele></trkpt>
    <trkpt lat="44.442645" lon="5.286158"><ele>472.3</ele></trkpt>
    <trkpt lat="44.442696" lon="5.286132"><ele>471.6</ele></trkpt>
    <trkpt lat="44.442770" lon="5.286103"><ele>470.8</ele></trkpt>
    <trkpt lat="44.442794" lon="5.286095"><ele>470.7</ele></trkpt>
    <trkpt lat="44.442845" lon="5.286101"><ele>471.0</ele></trkpt>
    <trkpt lat="44.443004" lon="5.286108"><ele>471.8</ele></trkpt>
    <trkpt lat="44.443088" lon="5.286105"><ele>472.2</ele></trkpt>
    <trkpt lat="44.443133" lon="5.286092"><ele>472.3</ele></trkpt>
    <trkpt lat="44.443167" lon="5.286062"><ele>472.3</ele></trkpt>
    <trkpt lat="44.443350" lon="5.285822"><ele>473.4</ele></trkpt>
    <trkpt lat="44.443414" lon="5.285765"><ele>474.8</ele></trkpt>
    <trkpt lat="44.443472" lon="5.285713"><ele>476.1</ele></trkpt>
    <trkpt lat="44.443529" lon="5.285661"><ele>477.3</ele></trkpt>
    <trkpt lat="44.443796" lon="5.285351"><ele>480.9</ele></trkpt>
    <trkpt lat="44.443864" lon="5.285208"><ele>481.3</ele></trkpt>
    <trkpt lat="44.443917" lon="5.285054"><ele>481.6</ele></trkpt>
    <trkpt lat="44.443956" lon="5.284892"><ele>482.0</ele></trkpt>
    <trkpt lat="44.443968" lon="5.284804"><ele>482.1</ele></trkpt>
    <trkpt lat="44.443982" lon="5.284680"><ele>482.4</ele></trkpt>
    <trkpt lat="44.443995" lon="5.284556"><ele>482.8</ele></trkpt>
    <trkpt lat="44.444003" lon="5.284399"><ele>483.2</ele></trkpt>
    <trkpt lat="44.444010" lon="5.284325"><ele>483.4</ele></trkpt>
    <trkpt lat="44.444056" lon="5.284070"><ele>484.1</ele></trkpt>
    <trkpt lat="44.444102" lon="5.283852"><ele>483.7</ele></trkpt>
    <trkpt lat="44.444190" lon="5.283523"><ele>481.1</ele></trkpt>
    <trkpt lat="44.444234" lon="5.283359"><ele>479.8</ele></trkpt>
    <trkpt lat="44.444313" lon="5.283082"><ele>477.5</ele></trkpt>
    <trkpt lat="44.444353" lon="5.282943"><ele>475.6</ele></trkpt>
    <trkpt lat="44.444497" lon="5.282438"><ele>468.8</ele></trkpt>
    <trkpt lat="44.444573" lon="5.282241"><ele>466.2</ele></trkpt>
    <trkpt lat="44.444682" lon="5.281988"><ele>461.6</ele></trkpt>
    <trkpt lat="44.444759" lon="5.281825"><ele>459.4</ele></trkpt>
    <trkpt lat="44.444850" lon="5.281745"><ele>459.0</ele></trkpt>
    <trkpt lat="44.445062" lon="5.281699"><ele>461.0</ele></trkpt>
    <trkpt lat="44.445093" lon="5.281612"><ele>460.7</ele></trkpt>
    <trkpt lat="44.445123" lon="5.281526"><ele>461.0</ele></trkpt>
    <trkpt lat="44.445264" lon="5.281264"><ele>464.1</ele></trkpt>
    <trkpt lat="44.445370" lon="5.281179"><ele>466.2</ele></trkpt>
    <trkpt lat="44.445477" lon="5.281093"><ele>468.2</ele></trkpt>
    <trkpt lat="44.445532" lon="5.281015"><ele>470.6</ele></trkpt>
    <trkpt lat="44.445587" lon="5.280938"><ele>472.8</ele></trkpt>
    <trkpt lat="44.445658" lon="5.280859"><ele>474.6</ele></trkpt>
    <trkpt lat="44.445749" lon="5.280843"><ele>474.4</ele></trkpt>
    <trkpt lat="44.445813" lon="5.280838"><ele>474.0</ele></trkpt>
    <trkpt lat="44.445888" lon="5.280735"><ele>476.7</ele></trkpt>
    <trkpt lat="44.445876" lon="5.280619"><ele>480.6</ele></trkpt>
    <trkpt lat="44.445789" lon="5.280609"><ele>481.3</ele></trkpt>
    <trkpt lat="44.445729" lon="5.280571"><ele>482.5</ele></trkpt>
    <trkpt lat="44.445797" lon="5.280438"><ele>485.9</ele></trkpt>
    <trkpt lat="44.445843" lon="5.280360"><ele>487.9</ele></trkpt>
    <trkpt lat="44.445889" lon="5.280283"><ele>489.7</ele></trkpt>
    <trkpt lat="44.445944" lon="5.280179"><ele>492.0</ele></trkpt>
    <trkpt lat="44.445998" lon="5.280076"><ele>494.6</ele></trkpt>
    <trkpt lat="44.445994" lon="5.279947"><ele>497.7</ele></trkpt>
    <trkpt lat="44.446093" lon="5.279793"><ele>501.4</ele></trkpt>
    <trkpt lat="44.446156" lon="5.279750"><ele>502.6</ele></trkpt>
    <trkpt lat="44.446220" lon="5.279706"><ele>503.7</ele></trkpt>
    <trkpt lat="44.446316" lon="5.279645"><ele>504.9</ele></trkpt>
    <trkpt lat="44.446412" lon="5.279584"><ele>506.1</ele></trkpt>
    <trkpt lat="44.446497" lon="5.279523"><ele>507.3</ele></trkpt>
    <trkpt lat="44.446583" lon="5.279462"><ele>508.4</ele></trkpt>
    <trkpt lat="44.446762" lon="5.279297"><ele>511.6</ele></trkpt>
    <trkpt lat="44.446805" lon="5.279207"><ele>513.3</ele></trkpt>
    <trkpt lat="44.446848" lon="5.279117"><ele>515.1</ele></trkpt>
    <trkpt lat="44.446882" lon="5.279039"><ele>516.5</ele></trkpt>
    <trkpt lat="44.446915" lon="5.278961"><ele>517.8</ele></trkpt>
    <trkpt lat="44.446970" lon="5.278854"><ele>519.5</ele></trkpt>
    <trkpt lat="44.447079" lon="5.278640"><ele>523.0</ele></trkpt>
    <trkpt lat="44.447211" lon="5.278400"><ele>527.1</ele></trkpt>
    <trkpt lat="44.447278" lon="5.278281"><ele>528.7</ele></trkpt>
    <trkpt lat="44.447322" lon="5.278144"><ele>530.8</ele></trkpt>
    <trkpt lat="44.447366" lon="5.278008"><ele>532.7</ele></trkpt>
    <trkpt lat="44.447410" lon="5.277872"><ele>534.5</ele></trkpt>
    <trkpt lat="44.447454" lon="5.277736"><ele>536.4</ele></trkpt>
    <trkpt lat="44.447509" lon="5.277405"><ele>543.0</ele></trkpt>
    <trkpt lat="44.447516" lon="5.277281"><ele>545.6</ele></trkpt>
    <trkpt lat="44.447574" lon="5.277148"><ele>548.1</ele></trkpt>
    <trkpt lat="44.447633" lon="5.277015"><ele>550.5</ele></trkpt>
    <trkpt lat="44.447689" lon="5.276952"><ele>551.5</ele></trkpt>
    <trkpt lat="44.447786" lon="5.276870"><ele>552.5</ele></trkpt>
    <trkpt lat="44.447882" lon="5.276789"><ele>553.4</ele></trkpt>
    <trkpt lat="44.447957" lon="5.276709"><ele>554.2</ele></trkpt>
    <trkpt lat="44.448031" lon="5.276629"><ele>555.1</ele></trkpt>
    <trkpt lat="44.448179" lon="5.276446"><ele>558.0</ele></trkpt>
    <trkpt lat="44.448226" lon="5.276332"><ele>559.8</ele></trkpt>
    <trkpt lat="44.448274" lon="5.276217"><ele>561.5</ele></trkpt>
    <trkpt lat="44.448363" lon="5.275949"><ele>565.8</ele></trkpt>
    <trkpt lat="44.448408" lon="5.275814"><ele>568.2</ele></trkpt>
    <trkpt lat="44.448412" lon="5.275711"><ele>570.6</ele></trkpt>
    <trkpt lat="44.448416" lon="5.275608"><ele>572.9</ele></trkpt>
    <trkpt lat="44.448472" lon="5.275375"><ele>577.1</ele></trkpt>
    <trkpt lat="44.448533" lon="5.275162"><ele>580.3</ele></trkpt>
    <trkpt lat="44.448720" lon="5.274660"><ele>585.8</ele></trkpt>
    <trkpt lat="44.448882" lon="5.274278"><ele>588.6</ele></trkpt>
    <trkpt lat="44.448887" lon="5.274173"><ele>590.0</ele></trkpt>
    <trkpt lat="44.448892" lon="5.274068"><ele>591.0</ele></trkpt>
    <trkpt lat="44.448912" lon="5.273888"><ele>593.0</ele></trkpt>
    <trkpt lat="44.448962" lon="5.273801"><ele>594.7</ele></trkpt>
    <trkpt lat="44.449093" lon="5.273673"><ele>597.5</ele></trkpt>
    <trkpt lat="44.449194" lon="5.273594"><ele>599.5</ele></trkpt>
    <trkpt lat="44.449296" lon="5.273515"><ele>601.3</ele></trkpt>
    <trkpt lat="44.449397" lon="5.273436"><ele>602.5</ele></trkpt>
    <trkpt lat="44.449600" lon="5.273181"><ele>605.6</ele></trkpt>
    <trkpt lat="44.449638" lon="5.273061"><ele>607.5</ele></trkpt>
    <trkpt lat="44.449675" lon="5.272942"><ele>609.1</ele></trkpt>
    <trkpt lat="44.449712" lon="5.272823"><ele>610.5</ele></trkpt>
    <trkpt lat="44.449885" lon="5.272394"><ele>615.3</ele></trkpt>
    <trkpt lat="44.449943" lon="5.272251"><ele>616.1</ele></trkpt>
    <trkpt lat="44.450058" lon="5.271966"><ele>618.4</ele></trkpt>
    <trkpt lat="44.450077" lon="5.271820"><ele>619.3</ele></trkpt>
    <trkpt lat="44.450082" lon="5.271698"><ele>620.1</ele></trkpt>
    <trkpt lat="44.450086" lon="5.271576"><ele>621.2</ele></trkpt>
    <trkpt lat="44.450095" lon="5.271348"><ele>623.6</ele></trkpt>
    <trkpt lat="44.450125" lon="5.271191"><ele>625.2</ele></trkpt>
    <trkpt lat="44.450160" lon="5.271057"><ele>626.0</ele></trkpt>
    <trkpt lat="44.450199" lon="5.270894"><ele>627.0</ele></trkpt>
    <trkpt lat="44.450215" lon="5.270734"><ele>628.2</ele></trkpt>
    <trkpt lat="44.450224" lon="5.270383"><ele>630.9</ele></trkpt>
    <trkpt lat="44.450219" lon="5.270113"><ele>633.1</ele></trkpt>
    <trkpt lat="44.450217" lon="5.269978"><ele>634.2</ele></trkpt>
    <trkpt lat="44.450201" lon="5.269828"><ele>635.7</ele></trkpt>
    <trkpt lat="44.450170" lon="5.269527"><ele>637.8</ele></trkpt>
    <trkpt lat="44.450129" lon="5.269292"><ele>640.3</ele></trkpt>
    <trkpt lat="44.450109" lon="5.269174"><ele>641.7</ele></trkpt>
    <trkpt lat="44.450062" lon="5.269015"><ele>644.8</ele></trkpt>
    <trkpt lat="44.449984" lon="5.268897"><ele>648.8</ele></trkpt>
    <trkpt lat="44.449907" lon="5.268780"><ele>652.6</ele></trkpt>
    <trkpt lat="44.449912" lon="5.268670"><ele>652.2</ele></trkpt>
    <trkpt lat="44.450171" lon="5.268342"><ele>653.3</ele></trkpt>
    <trkpt lat="44.450255" lon="5.268263"><ele>654.1</ele></trkpt>
    <trkpt lat="44.450338" lon="5.268185"><ele>653.9</ele></trkpt>
    <trkpt lat="44.450431" lon="5.268131"><ele>652.3</ele></trkpt>
    <trkpt lat="44.450488" lon="5.268027"><ele>652.8</ele></trkpt>
    <trkpt lat="44.450545" lon="5.267923"><ele>652.8</ele></trkpt>
    <trkpt lat="44.450573" lon="5.267839"><ele>653.1</ele></trkpt>
    <trkpt lat="44.450600" lon="5.267755"><ele>653.0</ele></trkpt>
    <trkpt lat="44.450672" lon="5.267273"><ele>655.1</ele></trkpt>
    <trkpt lat="44.450712" lon="5.266903"><ele>660.0</ele></trkpt>
    <trkpt lat="44.450753" lon="5.266750"><ele>661.3</ele></trkpt>
    <trkpt lat="44.450814" lon="5.266587"><ele>661.8</ele></trkpt>
    <trkpt lat="44.450884" lon="5.266450"><ele>660.8</ele></trkpt>
    <trkpt lat="44.450954" lon="5.266313"><ele>660.4</ele></trkpt>
    <trkpt lat="44.450996" lon="5.266154"><ele>662.1</ele></trkpt>
    <trkpt lat="44.451080" lon="5.265837"><ele>666.6</ele></trkpt>
    <trkpt lat="44.451054" lon="5.265750"><ele>670.5</ele></trkpt>
    <trkpt lat="44.451079" lon="5.265510"><ele>676.1</ele></trkpt>
    <trkpt lat="44.451140" lon="5.265411"><ele>675.8</ele></trkpt>
    <trkpt lat="44.451181" lon="5.265258"><ele>678.2</ele></trkpt>
    <trkpt lat="44.451173" lon="5.264971"><ele>684.8</ele></trkpt>
    <trkpt lat="44.451132" lon="5.264867"><ele>688.1</ele></trkpt>
    <trkpt lat="44.451099" lon="5.264663"><ele>692.1</ele></trkpt>
    <trkpt lat="44.451059" lon="5.264358"><ele>697.6</ele></trkpt>
    <trkpt lat="44.451077" lon="5.264300"><ele>697.8</ele></trkpt>
    <trkpt lat="44.451261" lon="5.264191"><ele>698.3</ele></trkpt>
    <trkpt lat="44.451282" lon="5.264186"><ele>698.5</ele></trkpt>
    <trkpt lat="44.451452" lon="5.264189"><ele>697.8</ele></trkpt>
    <trkpt lat="44.451632" lon="5.264139"><ele>698.3</ele></trkpt>
    <trkpt lat="44.451706" lon="5.264066"><ele>699.8</ele></trkpt>
    <trkpt lat="44.451783" lon="5.263949"><ele>702.5</ele></trkpt>
    <trkpt lat="44.451843" lon="5.263841"><ele>705.6</ele></trkpt>
    <trkpt lat="44.451902" lon="5.263732"><ele>708.8</ele></trkpt>
    <trkpt lat="44.452030" lon="5.263563"><ele>712.8</ele></trkpt>
    <trkpt lat="44.452164" lon="5.263410"><ele>716.7</ele></trkpt>
    <trkpt lat="44.452695" lon="5.263005"><ele>726.4</ele></trkpt>
    <trkpt lat="44.452903" lon="5.262886"><ele>728.1</ele></trkpt>
    <trkpt lat="44.453111" lon="5.262767"><ele>729.6</ele></trkpt>
    <trkpt lat="44.453265" lon="5.262605"><ele>733.2</ele></trkpt>
    <trkpt lat="44.453342" lon="5.262524"><ele>734.9</ele></trkpt>
    <trkpt lat="44.453405" lon="5.262411"><ele>737.2</ele></trkpt>
    <trkpt lat="44.453469" lon="5.262297"><ele>739.5</ele></trkpt>
    <trkpt lat="44.453599" lon="5.262106"><ele>743.0</ele></trkpt>
    <trkpt lat="44.453818" lon="5.261790"><ele>747.8</ele></trkpt>
    <trkpt lat="44.453940" lon="5.261653"><ele>749.6</ele></trkpt>
    <trkpt lat="44.454120" lon="5.261300"><ele>754.0</ele></trkpt>
    <trkpt lat="44.454326" lon="5.260887"><ele>758.2</ele></trkpt>
    <trkpt lat="44.454414" lon="5.260773"><ele>757.7</ele></trkpt>
    <trkpt lat="44.454696" lon="5.260733"><ele>757.0</ele></trkpt>
    <trkpt lat="44.454793" lon="5.260659"><ele>757.2</ele></trkpt>
    <trkpt lat="44.454834" lon="5.260628"><ele>757.2</ele></trkpt>
    <trkpt lat="44.455134" lon="5.261028"><ele>761.6</ele></trkpt>
    <trkpt lat="44.455180" lon="5.261128"><ele>763.0</ele></trkpt>
    <trkpt lat="44.455213" lon="5.261316"><ele>764.7</ele></trkpt>
    <trkpt lat="44.455244" lon="5.261563"><ele>766.0</ele></trkpt>
    <trkpt lat="44.455263" lon="5.261711"><ele>766.5</ele></trkpt>
    <trkpt lat="44.455291" lon="5.261788"><ele>767.4</ele></trkpt>
    <trkpt lat="44.455389" lon="5.261888"><ele>770.5</ele></trkpt>
    <trkpt lat="44.455503" lon="5.261965"><ele>774.2</ele></trkpt>
    <trkpt lat="44.455625" lon="5.262044"><ele>777.7</ele></trkpt>
    <trkpt lat="44.455714" lon="5.262080"><ele>780.3</ele></trkpt>
    <trkpt lat="44.456051" lon="5.262281"><ele>792.2</ele></trkpt>
    <trkpt lat="44.456103" lon="5.262489"><ele>794.6</ele></trkpt>
    <trkpt lat="44.456069" lon="5.262684"><ele>794.1</ele></trkpt>
    <trkpt lat="44.456044" lon="5.262821"><ele>793.7</ele></trkpt>
    <trkpt lat="44.456040" lon="5.263018"><ele>794.3</ele></trkpt>
    <trkpt lat="44.456111" lon="5.263195"><ele>797.0</ele></trkpt>
    <trkpt lat="44.456141" lon="5.263362"><ele>798.4</ele></trkpt>
    <trkpt lat="44.456121" lon="5.263535"><ele>799.5</ele></trkpt>
    <trkpt lat="44.456069" lon="5.263639"><ele>798.8</ele></trkpt>
    <trkpt lat="44.456009" lon="5.263909"><ele>799.5</ele></trkpt>
    <trkpt lat="44.455985" lon="5.264117"><ele>800.6</ele></trkpt>
    <trkpt lat="44.456017" lon="5.264403"><ele>803.7</ele></trkpt>
    <trkpt lat="44.456081" lon="5.264998"><ele>814.4</ele></trkpt>
    <trkpt lat="44.456062" lon="5.265161"><ele>816.4</ele></trkpt>
    <trkpt lat="44.455984" lon="5.265261"><ele>814.3</ele></trkpt>
    <trkpt lat="44.455932" lon="5.265333"><ele>813.0</ele></trkpt>
    <trkpt lat="44.455912" lon="5.265438"><ele>813.8</ele></trkpt>
    <trkpt lat="44.455818" lon="5.265935"><ele>818.1</ele></trkpt>
    <trkpt lat="44.455815" lon="5.266177"><ele>821.6</ele></trkpt>
    <trkpt lat="44.455816" lon="5.266383"><ele>823.2</ele></trkpt>
    <trkpt lat="44.455982" lon="5.266740"><ele>830.5</ele></trkpt>
    <trkpt lat="44.456098" lon="5.266776"><ele>834.7</ele></trkpt>
    <trkpt lat="44.456161" lon="5.266814"><ele>836.7</ele></trkpt>
    <trkpt lat="44.456233" lon="5.266898"><ele>838.7</ele></trkpt>
    <trkpt lat="44.456278" lon="5.267018"><ele>839.3</ele></trkpt>
    <trkpt lat="44.456459" lon="5.267214"><ele>843.6</ele></trkpt>
    <trkpt lat="44.456657" lon="5.267402"><ele>848.7</ele></trkpt>
    <trkpt lat="44.456925" lon="5.267858"><ele>855.9</ele></trkpt>
    <trkpt lat="44.457008" lon="5.268076"><ele>858.4</ele></trkpt>
    <trkpt lat="44.457129" lon="5.268258"><ele>861.4</ele></trkpt>
    <trkpt lat="44.457222" lon="5.268309"><ele>864.3</ele></trkpt>
    <trkpt lat="44.457399" lon="5.268441"><ele>869.2</ele></trkpt>
    <trkpt lat="44.457688" lon="5.268894"><ele>874.0</ele></trkpt>
    <trkpt lat="44.457925" lon="5.269294"><ele>877.0</ele></trkpt>
    <trkpt lat="44.458163" lon="5.269592"><ele>881.4</ele></trkpt>
    <trkpt lat="44.458397" lon="5.269927"><ele>884.8</ele></trkpt>
    <trkpt lat="44.458475" lon="5.270139"><ele>884.4</ele></trkpt>
    <trkpt lat="44.458633" lon="5.270453"><ele>884.6</ele></trkpt>
    <trkpt lat="44.458839" lon="5.270584"><ele>889.1</ele></trkpt>
    <trkpt lat="44.458920" lon="5.270599"><ele>892.0</ele></trkpt>
    <trkpt lat="44.458998" lon="5.270659"><ele>895.2</ele></trkpt>
    <trkpt lat="44.459014" lon="5.270882"><ele>895.7</ele></trkpt>
    <trkpt lat="44.459055" lon="5.270971"><ele>897.7</ele></trkpt>
    <trkpt lat="44.459251" lon="5.271306"><ele>905.8</ele></trkpt>
    <trkpt lat="44.459330" lon="5.271443"><ele>909.0</ele></trkpt>
    <trkpt lat="44.459427" lon="5.271744"><ele>912.6</ele></trkpt>
    <trkpt lat="44.459624" lon="5.272018"><ele>919.7</ele></trkpt>
    <trkpt lat="44.459811" lon="5.272225"><ele>925.9</ele></trkpt>
    <trkpt lat="44.459841" lon="5.272365"><ele>929.3</ele></trkpt>
    <trkpt lat="44.459779" lon="5.272548"><ele>930.1</ele></trkpt>
    <trkpt lat="44.459711" lon="5.272870"><ele>934.2</ele></trkpt>
    <trkpt lat="44.459730" lon="5.273277"><ele>941.5</ele></trkpt>
    <trkpt lat="44.459713" lon="5.273547"><ele>945.5</ele></trkpt>
    <trkpt lat="44.459712" lon="5.273773"><ele>948.9</ele></trkpt>
    <trkpt lat="44.459743" lon="5.273969"><ele>953.3</ele></trkpt>
    <trkpt lat="44.459799" lon="5.274207"><ele>959.5</ele></trkpt>
    <trkpt lat="44.459819" lon="5.274636"><ele>965.2</ele></trkpt>
    <trkpt lat="44.459873" lon="5.275144"><ele>969.5</ele></trkpt>
    <trkpt lat="44.459983" lon="5.275739"><ele>971.9</ele></trkpt>
    <trkpt lat="44.460053" lon="5.275829"><ele>974.5</ele></trkpt>
    <trkpt lat="44.460092" lon="5.276019"><ele>975.6</ele></trkpt>
    <trkpt lat="44.460086" lon="5.276280"><ele>976.1</ele></trkpt>
    <trkpt lat="44.460079" lon="5.276480"><ele>977.2</ele></trkpt>
    <trkpt lat="44.460109" lon="5.276666"><ele>980.1</ele></trkpt>
    <trkpt lat="44.460223" lon="5.277173"><ele>990.1</ele></trkpt>
    <trkpt lat="44.460371" lon="5.277663"><ele>998.6</ele></trkpt>
    <trkpt lat="44.460518" lon="5.277757"><ele>1005.3</ele></trkpt>
    <trkpt lat="44.460577" lon="5.277777"><ele>1007.9</ele></trkpt>
    <trkpt lat="44.460624" lon="5.278089"><ele>1011.1</ele></trkpt>
    <trkpt lat="44.460662" lon="5.278271"><ele>1012.2</ele></trkpt>
    <trkpt lat="44.460791" lon="5.278517"><ele>1015.4</ele></trkpt>
    <trkpt lat="44.460885" lon="5.278712"><ele>1017.8</ele></trkpt>
    <trkpt lat="44.460976" lon="5.278948"><ele>1021.9</ele></trkpt>
    <trkpt lat="44.461000" lon="5.279056"><ele>1024.4</ele></trkpt>
    <trkpt lat="44.460982" lon="5.279365"><ele>1028.1</ele></trkpt>
    <trkpt lat="44.461225" lon="5.279202"><ele>1036.5</ele></trkpt>
    <trkpt lat="44.461413" lon="5.278980"><ele>1042.1</ele></trkpt>
    <trkpt lat="44.461570" lon="5.278751"><ele>1049.0</ele></trkpt>
    <trkpt lat="44.461616" lon="5.278823"><ele>1050.9</ele></trkpt>
    <trkpt lat="44.461646" lon="5.279092"><ele>1054.2</ele></trkpt>
    <trkpt lat="44.461875" lon="5.279401"><ele>1069.3</ele></trkpt>
    <trkpt lat="44.461996" lon="5.279544"><ele>1077.0</ele></trkpt>
    <trkpt lat="44.462121" lon="5.279569"><ele>1082.9</ele></trkpt>
    <trkpt lat="44.462220" lon="5.279523"><ele>1086.3</ele></trkpt>
    <trkpt lat="44.462331" lon="5.279533"><ele>1091.6</ele></trkpt>
    <trkpt lat="44.462295" lon="5.279709"><ele>1092.9</ele></trkpt>
    <trkpt lat="44.462291" lon="5.279975"><ele>1098.2</ele></trkpt>
    <trkpt lat="44.462311" lon="5.280077"><ele>1101.1</ele></trkpt>
    <trkpt lat="44.462411" lon="5.280043"><ele>1104.3</ele></trkpt>
    <trkpt lat="44.462465" lon="5.280004"><ele>1105.7</ele></trkpt>
    <trkpt lat="44.462605" lon="5.279869"><ele>1108.6</ele></trkpt>
    <trkpt lat="44.462734" lon="5.279760"><ele>1111.8</ele></trkpt>
    <trkpt lat="44.462739" lon="5.279931"><ele>1114.6</ele></trkpt>
    <trkpt lat="44.462707" lon="5.280161"><ele>1117.8</ele></trkpt>
    <trkpt lat="44.462674" lon="5.280311"><ele>1119.7</ele></trkpt>
    <trkpt lat="44.462708" lon="5.280538"><ele>1126.1</ele></trkpt>
    <trkpt lat="44.462812" lon="5.280699"><ele>1133.4</ele></trkpt>
    <trkpt lat="44.462892" lon="5.280737"><ele>1137.2</ele></trkpt>
    <trkpt lat="44.462995" lon="5.280854"><ele>1143.3</ele></trkpt>
    <trkpt lat="44.463025" lon="5.280956"><ele>1146.9</ele></trkpt>
    <trkpt lat="44.463016" lon="5.281025"><ele>1148.2</ele></trkpt>
    <trkpt lat="44.462980" lon="5.281153"><ele>1149.5</ele></trkpt>
    <trkpt lat="44.463036" lon="5.281281"><ele>1153.7</ele></trkpt>
    <trkpt lat="44.463258" lon="5.281461"><ele>1165.4</ele></trkpt>
    <trkpt lat="44.463378" lon="5.281496"><ele>1170.6</ele></trkpt>
    <trkpt lat="44.463519" lon="5.281404"><ele>1174.6</ele></trkpt>
    <trkpt lat="44.463767" lon="5.281671"><ele>1187.7</ele></trkpt>
    <trkpt lat="44.463891" lon="5.281841"><ele>1194.0</ele></trkpt>
    <trkpt lat="44.463912" lon="5.281997"><ele>1196.6</ele></trkpt>
    <trkpt lat="44.463899" lon="5.282088"><ele>1197.4</ele></trkpt>
    <trkpt lat="44.463916" lon="5.282164"><ele>1199.1</ele></trkpt>
    <trkpt lat="44.463991" lon="5.282290"><ele>1203.0</ele></trkpt>
    <trkpt lat="44.464176" lon="5.282531"><ele>1211.5</ele></trkpt>
    <trkpt lat="44.464271" lon="5.282717"><ele>1215.9</ele></trkpt>
    <trkpt lat="44.464425" lon="5.282904"><ele>1222.3</ele></trkpt>
    <trkpt lat="44.464584" lon="5.283238"><ele>1229.8</ele></trkpt>
    <trkpt lat="44.464655" lon="5.283448"><ele>1233.3</ele></trkpt>
    <trkpt lat="44.464765" lon="5.283609"><ele>1237.5</ele></trkpt>
    <trkpt lat="44.464873" lon="5.283732"><ele>1242.1</ele></trkpt>
    <trkpt lat="44.464935" lon="5.283831"><ele>1244.6</ele></trkpt>
    <trkpt lat="44.465146" lon="5.284406"><ele>1253.6</ele></trkpt>
    <trkpt lat="44.465280" lon="5.284983"><ele>1260.0</ele></trkpt>
    <trkpt lat="44.465330" lon="5.285375"><ele>1262.6</ele></trkpt>
    <trkpt lat="44.465315" lon="5.285681"><ele>1262.1</ele></trkpt>
    <trkpt lat="44.465356" lon="5.286015"><ele>1262.6</ele></trkpt>
    <trkpt lat="44.465380" lon="5.286289"><ele>1261.8</ele></trkpt>
    <trkpt lat="44.465357" lon="5.286606"><ele>1259.0</ele></trkpt>
    <trkpt lat="44.465204" lon="5.287030"><ele>1252.9</ele></trkpt>
    <trkpt lat="44.465067" lon="5.287326"><ele>1248.6</ele></trkpt>
    <trkpt lat="44.464949" lon="5.287801"><ele>1243.9</ele></trkpt>
    <trkpt lat="44.464937" lon="5.287987"><ele>1240.8</ele></trkpt>
    <trkpt lat="44.464928" lon="5.288137"><ele>1238.9</ele></trkpt>
    <trkpt lat="44.464918" lon="5.288311"><ele>1237.2</ele></trkpt>
    <trkpt lat="44.464673" lon="5.289091"><ele>1237.5</ele></trkpt>
    <trkpt lat="44.464396" lon="5.289816"><ele>1240.3</ele></trkpt>
    <trkpt lat="44.464262" lon="5.290543"><ele>1242.3</ele></trkpt>
    <trkpt lat="44.464221" lon="5.290848"><ele>1240.3</ele></trkpt>
    <trkpt lat="44.464134" lon="5.290938"><ele>1240.6</ele></trkpt>
    <trkpt lat="44.463865" lon="5.291150"><ele>1242.6</ele></trkpt>
    <trkpt lat="44.463614" lon="5.291393"><ele>1241.8</ele></trkpt>
    <trkpt lat="44.463492" lon="5.291606"><ele>1238.3</ele></trkpt>
    <trkpt lat="44.463191" lon="5.292171"><ele>1236.9</ele></trkpt>
    <trkpt lat="44.463137" lon="5.292312"><ele>1236.0</ele></trkpt>
    <trkpt lat="44.463076" lon="5.292522"><ele>1234.2</ele></trkpt>
    <trkpt lat="44.462984" lon="5.292675"><ele>1229.9</ele></trkpt>
    <trkpt lat="44.462735" lon="5.292812"><ele>1234.2</ele></trkpt>
    <trkpt lat="44.462480" lon="5.292898"><ele>1233.0</ele></trkpt>
    <trkpt lat="44.462318" lon="5.292945"><ele>1231.9</ele></trkpt>
    <trkpt lat="44.462207" lon="5.292986"><ele>1231.0</ele></trkpt>
    <trkpt lat="44.462147" lon="5.293097"><ele>1230.2</ele></trkpt>
    <trkpt lat="44.462061" lon="5.293225"><ele>1229.7</ele></trkpt>
    <trkpt lat="44.461887" lon="5.293425"><ele>1228.5</ele></trkpt>
    <trkpt lat="44.461830" lon="5.293537"><ele>1227.4</ele></trkpt>
    <trkpt lat="44.461765" lon="5.293723"><ele>1225.3</ele></trkpt>
    <trkpt lat="44.461665" lon="5.293995"><ele>1223.8</ele></trkpt>
    <trkpt lat="44.461547" lon="5.294109"><ele>1222.4</ele></trkpt>
    <trkpt lat="44.461452" lon="5.294224"><ele>1220.8</ele></trkpt>
    <trkpt lat="44.461436" lon="5.294368"><ele>1218.4</ele></trkpt>
    <trkpt lat="44.461291" lon="5.294761"><ele>1215.4</ele></trkpt>
    <trkpt lat="44.461244" lon="5.294888"><ele>1215.4</ele></trkpt>
    <trkpt lat="44.461149" lon="5.295084"><ele>1214.2</ele></trkpt>
    <trkpt lat="44.461020" lon="5.295209"><ele>1212.6</ele></trkpt>
    <trkpt lat="44.460910" lon="5.295247"><ele>1213.1</ele></trkpt>
    <trkpt lat="44.460784" lon="5.295304"><ele>1212.3</ele></trkpt>
    <trkpt lat="44.460631" lon="5.295417"><ele>1207.9</ele></trkpt>
    <trkpt lat="44.460544" lon="5.295551"><ele>1206.0</ele></trkpt>
    <trkpt lat="44.460426" lon="5.295718"><ele>1201.7</ele></trkpt>
    <trkpt lat="44.460258" lon="5.295889"><ele>1201.9</ele></trkpt>
    <trkpt lat="44.460124" lon="5.295960"><ele>1203.5</ele></trkpt>
    <trkpt lat="44.459959" lon="5.296167"><ele>1206.8</ele></trkpt>
    <trkpt lat="44.459796" lon="5.296510"><ele>1206.1</ele></trkpt>
    <trkpt lat="44.459567" lon="5.296737"><ele>1206.8</ele></trkpt>
    <trkpt lat="44.459484" lon="5.296936"><ele>1204.6</ele></trkpt>
    <trkpt lat="44.459306" lon="5.297144"><ele>1202.0</ele></trkpt>
    <trkpt lat="44.459126" lon="5.297543"><ele>1195.0</ele></trkpt>
    <trkpt lat="44.459053" lon="5.297906"><ele>1185.1</ele></trkpt>
    <trkpt lat="44.459001" lon="5.298266"><ele>1180.7</ele></trkpt>
    <trkpt lat="44.459035" lon="5.298605"><ele>1177.3</ele></trkpt>
    <trkpt lat="44.459018" lon="5.298891"><ele>1177.8</ele></trkpt>
    <trkpt lat="44.458967" lon="5.299187"><ele>1178.1</ele></trkpt>
    <trkpt lat="44.458981" lon="5.299416"><ele>1173.8</ele></trkpt>
    <trkpt lat="44.458951" lon="5.299544"><ele>1170.8</ele></trkpt>
    <trkpt lat="44.458882" lon="5.299637"><ele>1171.0</ele></trkpt>
    <trkpt lat="44.458753" lon="5.299780"><ele>1169.9</ele></trkpt>
    <trkpt lat="44.458681" lon="5.299856"><ele>1169.3</ele></trkpt>
    <trkpt lat="44.458560" lon="5.299997"><ele>1168.9</ele></trkpt>
    <trkpt lat="44.458454" lon="5.300238"><ele>1160.5</ele></trkpt>
    <trkpt lat="44.458244" lon="5.300422"><ele>1157.9</ele></trkpt>
    <trkpt lat="44.458116" lon="5.300484"><ele>1158.9</ele></trkpt>
    <trkpt lat="44.457969" lon="5.300547"><ele>1159.6</ele></trkpt>
    <trkpt lat="44.457613" lon="5.300744"><ele>1157.5</ele></trkpt>
    <trkpt lat="44.457574" lon="5.300894"><ele>1154.8</ele></trkpt>
    <trkpt lat="44.457508" lon="5.301290"><ele>1146.9</ele></trkpt>
    <trkpt lat="44.457525" lon="5.301462"><ele>1141.8</ele></trkpt>
    <trkpt lat="44.457526" lon="5.301695"><ele>1138.1</ele></trkpt>
    <trkpt lat="44.457455" lon="5.301813"><ele>1139.5</ele></trkpt>
    <trkpt lat="44.457348" lon="5.301874"><ele>1140.1</ele></trkpt>
    <trkpt lat="44.457268" lon="5.301926"><ele>1140.6</ele></trkpt>
    <trkpt lat="44.457185" lon="5.302018"><ele>1138.2</ele></trkpt>
    <trkpt lat="44.457023" lon="5.302285"><ele>1129.2</ele></trkpt>
    <trkpt lat="44.456922" lon="5.302425"><ele>1124.7</ele></trkpt>
    <trkpt lat="44.456843" lon="5.302466"><ele>1123.2</ele></trkpt>
    <trkpt lat="44.456723" lon="5.302604"><ele>1120.4</ele></trkpt>
    <trkpt lat="44.456843" lon="5.302466"><ele>1123.2</ele></trkpt>
    <trkpt lat="44.456922" lon="5.302425"><ele>1124.7</ele></trkpt>
    <trkpt lat="44.457023" lon="5.302285"><ele>1129.2</ele></trkpt>
    <trkpt lat="44.457185" lon="5.302018"><ele>1138.2</ele></trkpt>
    <trkpt lat="44.457268" lon="5.301926"><ele>1140.6</ele></trkpt>
    <trkpt lat="44.457348" lon="5.301874"><ele>1140.1</ele></trkpt>
    <trkpt lat="44.457455" lon="5.301813"><ele>1139.5</ele></trkpt>
    <trkpt lat="44.457526" lon="5.301695"><ele>1138.1</ele></trkpt>
    <trkpt lat="44.457525" lon="5.301462"><ele>1141.8</ele></trkpt>
    <trkpt lat="44.457508" lon="5.301290"><ele>1146.9</ele></trkpt>
    <trkpt lat="44.457574" lon="5.300894"><ele>1154.8</ele></trkpt>
    <trkpt lat="44.457613" lon="5.300744"><ele>1157.5</ele></trkpt>
    <trkpt lat="44.457969" lon="5.300547"><ele>1159.6</ele></trkpt>
    <trkpt lat="44.458116" lon="5.300484"><ele>1158.9</ele></trkpt>
    <trkpt lat="44.458244" lon="5.300422"><ele>1157.9</ele></trkpt>
    <trkpt lat="44.458454" lon="5.300238"><ele>1160.5</ele></trkpt>
    <trkpt lat="44.458560" lon="5.299997"><ele>1168.9</ele></trkpt>
    <trkpt lat="44.458681" lon="5.299856"><ele>1169.3</ele></trkpt>
    <trkpt lat="44.458753" lon="5.299780"><ele>1169.9</ele></trkpt>
    <trkpt lat="44.458882" lon="5.299637"><ele>1171.0</ele></trkpt>
    <trkpt lat="44.458951" lon="5.299544"><ele>1170.8</ele></trkpt>
    <trkpt lat="44.458981" lon="5.299416"><ele>1173.8</ele></trkpt>
    <trkpt lat="44.458967" lon="5.299187"><ele>1178.1</ele></trkpt>
    <trkpt lat="44.459018" lon="5.298891"><ele>1177.8</ele></trkpt>
    <trkpt lat="44.459035" lon="5.298605"><ele>1177.3</ele></trkpt>
    <trkpt lat="44.459001" lon="5.298266"><ele>1180.7</ele></trkpt>
    <trkpt lat="44.459053" lon="5.297906"><ele>1185.1</ele></trkpt>
    <trkpt lat="44.459126" lon="5.297543"><ele>1195.0</ele></trkpt>
    <trkpt lat="44.459306" lon="5.297144"><ele>1202.0</ele></trkpt>
    <trkpt lat="44.459484" lon="5.296936"><ele>1204.6</ele></trkpt>
    <trkpt lat="44.459567" lon="5.296737"><ele>1206.8</ele></trkpt>
    <trkpt lat="44.459796" lon="5.296510"><ele>1206.1</ele></trkpt>
    <trkpt lat="44.459959" lon="5.296167"><ele>1206.8</ele></trkpt>
    <trkpt lat="44.460124" lon="5.295960"><ele>1203.5</ele></trkpt>
    <trkpt lat="44.460258" lon="5.295889"><ele>1201.9</ele></trkpt>
    <trkpt lat="44.460426" lon="5.295718"><ele>1201.7</ele></trkpt>
    <trkpt lat="44.460544" lon="5.295551"><ele>1206.0</ele></trkpt>
    <trkpt lat="44.460631" lon="5.295417"><ele>1207.9</ele></trkpt>
    <trkpt lat="44.460784" lon="5.295304"><ele>1212.3</ele></trkpt>
    <trkpt lat="44.460910" lon="5.295247"><ele>1213.1</ele></trkpt>
    <trkpt lat="44.461020" lon="5.295209"><ele>1212.6</ele></trkpt>
    <trkpt lat="44.461149" lon="5.295084"><ele>1214.2</ele></trkpt>
    <trkpt lat="44.461244" lon="5.294888"><ele>1215.4</ele></trkpt>
    <trkpt lat="44.461291" lon="5.294761"><ele>1215.4</ele></trkpt>
    <trkpt lat="44.461436" lon="5.294368"><ele>1218.4</ele></trkpt>
    <trkpt lat="44.461452" lon="5.294224"><ele>1220.8</ele></trkpt>
    <trkpt lat="44.461547" lon="5.294109"><ele>1222.4</ele></trkpt>
    <trkpt lat="44.461665" lon="5.293995"><ele>1223.8</ele></trkpt>
    <trkpt lat="44.461765" lon="5.293723"><ele>1225.3</ele></trkpt>
    <trkpt lat="44.461830" lon="5.293537"><ele>1227.4</ele></trkpt>
    <trkpt lat="44.461887" lon="5.293425"><ele>1228.5</ele></trkpt>
    <trkpt lat="44.462061" lon="5.293225"><ele>1229.7</ele></trkpt>
    <trkpt lat="44.462147" lon="5.293097"><ele>1230.2</ele></trkpt>
    <trkpt lat="44.462207" lon="5.292986"><ele>1231.0</ele></trkpt>
    <trkpt lat="44.462318" lon="5.292945"><ele>1231.9</ele></trkpt>
    <trkpt lat="44.462480" lon="5.292898"><ele>1233.0</ele></trkpt>
    <trkpt lat="44.462735" lon="5.292812"><ele>1234.2</ele></trkpt>
    <trkpt lat="44.462984" lon="5.292675"><ele>1229.9</ele></trkpt>
    <trkpt lat="44.463076" lon="5.292522"><ele>1234.2</ele></trkpt>
    <trkpt lat="44.463137" lon="5.292312"><ele>1236.0</ele></trkpt>
    <trkpt lat="44.463191" lon="5.292171"><ele>1236.9</ele></trkpt>
    <trkpt lat="44.463492" lon="5.291606"><ele>1238.3</ele></trkpt>
    <trkpt lat="44.463614" lon="5.291393"><ele>1241.8</ele></trkpt>
    <trkpt lat="44.463865" lon="5.291150"><ele>1242.6</ele></trkpt>
    <trkpt lat="44.464134" lon="5.290938"><ele>1240.6</ele></trkpt>
    <trkpt lat="44.464221" lon="5.290848"><ele>1240.3</ele></trkpt>
    <trkpt lat="44.464262" lon="5.290543"><ele>1242.3</ele></trkpt>
    <trkpt lat="44.464396" lon="5.289816"><ele>1240.3</ele></trkpt>
    <trkpt lat="44.464673" lon="5.289091"><ele>1237.5</ele></trkpt>
    <trkpt lat="44.464918" lon="5.288311"><ele>1237.2</ele></trkpt>
    <trkpt lat="44.464928" lon="5.288137"><ele>1238.9</ele></trkpt>
    <trkpt lat="44.464937" lon="5.287987"><ele>1240.8</ele></trkpt>
    <trkpt lat="44.464949" lon="5.287801"><ele>1243.9</ele></trkpt>
    <trkpt lat="44.465067" lon="5.287326"><ele>1248.6</ele></trkpt>
    <trkpt lat="44.465204" lon="5.287030"><ele>1252.9</ele></trkpt>
    <trkpt lat="44.465357" lon="5.286606"><ele>1259.0</ele></trkpt>
    <trkpt lat="44.465380" lon="5.286289"><ele>1261.8</ele></trkpt>
    <trkpt lat="44.465356" lon="5.286015"><ele>1262.6</ele></trkpt>
    <trkpt lat="44.465315" lon="5.285681"><ele>1262.1</ele></trkpt>
    <trkpt lat="44.465330" lon="5.285375"><ele>1262.6</ele></trkpt>
    <trkpt lat="44.465280" lon="5.284983"><ele>1260.0</ele></trkpt>
    <trkpt lat="44.465146" lon="5.284406"><ele>1253.6</ele></trkpt>
    <trkpt lat="44.464935" lon="5.283831"><ele>1244.6</ele></trkpt>
    <trkpt lat="44.464873" lon="5.283732"><ele>1242.1</ele></trkpt>
    <trkpt lat="44.464765" lon="5.283609"><ele>1237.5</ele></trkpt>
    <trkpt lat="44.464655" lon="5.283448"><ele>1233.3</ele></trkpt>
    <trkpt lat="44.464584" lon="5.283238"><ele>1229.8</ele></trkpt>
    <trkpt lat="44.464425" lon="5.282904"><ele>1222.3</ele></trkpt>
    <trkpt lat="44.464271" lon="5.282717"><ele>1215.9</ele></trkpt>
    <trkpt lat="44.464176" lon="5.282531"><ele>1211.5</ele></trkpt>
    <trkpt lat="44.463991" lon="5.282290"><ele>1203.0</ele></trkpt>
    <trkpt lat="44.463916" lon="5.282164"><ele>1199.1</ele></trkpt>
    <trkpt lat="44.463899" lon="5.282088"><ele>1197.4</ele></trkpt>
    <trkpt lat="44.463912" lon="5.281997"><ele>1196.6</ele></trkpt>
    <trkpt lat="44.463891" lon="5.281841"><ele>1194.0</ele></trkpt>
    <trkpt lat="44.463767" lon="5.281671"><ele>1187.7</ele></trkpt>
    <trkpt lat="44.463519" lon="5.281404"><ele>1174.6</ele></trkpt>
    <trkpt lat="44.463378" lon="5.281496"><ele>1170.6</ele></trkpt>
    <trkpt lat="44.463258" lon="5.281461"><ele>1165.4</ele></trkpt>
    <trkpt lat="44.463036" lon="5.281281"><ele>1153.7</ele></trkpt>
    <trkpt lat="44.462980" lon="5.281153"><ele>1149.5</ele></trkpt>
    <trkpt lat="44.463016" lon="5.281025"><ele>1148.2</ele></trkpt>
    <trkpt lat="44.463025" lon="5.280956"><ele>1146.9</ele></trkpt>
    <trkpt lat="44.462995" lon="5.280854"><ele>1143.3</ele></trkpt>
    <trkpt lat="44.462892" lon="5.280737"><ele>1137.2</ele></trkpt>
    <trkpt lat="44.462812" lon="5.280699"><ele>1133.4</ele></trkpt>
    <trkpt lat="44.462708" lon="5.280538"><ele>1126.1</ele></trkpt>
    <trkpt lat="44.462674" lon="5.280311"><ele>1119.7</ele></trkpt>
    <trkpt lat="44.462707" lon="5.280161"><ele>1117.8</ele></trkpt>
    <trkpt lat="44.462739" lon="5.279931"><ele>1114.6</ele></trkpt>
    <trkpt lat="44.462734" lon="5.279760"><ele>1111.8</ele></trkpt>
    <trkpt lat="44.462605" lon="5.279869"><ele>1108.6</ele></trkpt>
    <trkpt lat="44.462465" lon="5.280004"><ele>1105.7</ele></trkpt>
    <trkpt lat="44.462411" lon="5.280043"><ele>1104.3</ele></trkpt>
    <trkpt lat="44.462311" lon="5.280077"><ele>1101.1</ele></trkpt>
    <trkpt lat="44.462291" lon="5.279975"><ele>1098.2</ele></trkpt>
    <trkpt lat="44.462295" lon="5.279709"><ele>1092.9</ele></trkpt>
    <trkpt lat="44.462331" lon="5.279533"><ele>1091.6</ele></trkpt>
    <trkpt lat="44.462220" lon="5.279523"><ele>1086.3</ele></trkpt>
    <trkpt lat="44.462121" lon="5.279569"><ele>1082.9</ele></trkpt>
    <trkpt lat="44.461996" lon="5.279544"><ele>1077.0</ele></trkpt>
    <trkpt lat="44.461875" lon="5.279401"><ele>1069.3</ele></trkpt>
    <trkpt lat="44.461646" lon="5.279092"><ele>1054.2</ele></trkpt>
    <trkpt lat="44.461616" lon="5.278823"><ele>1050.9</ele></trkpt>
    <trkpt lat="44.461570" lon="5.278751"><ele>1049.0</ele></trkpt>
    <trkpt lat="44.461413" lon="5.278980"><ele>1042.1</ele></trkpt>
    <trkpt lat="44.461225" lon="5.279202"><ele>1036.5</ele></trkpt>
    <trkpt lat="44.460982" lon="5.279365"><ele>1028.1</ele></trkpt>
    <trkpt lat="44.461000" lon="5.279056"><ele>1024.4</ele></trkpt>
    <trkpt lat="44.460976" lon="5.278948"><ele>1021.9</ele></trkpt>
    <trkpt lat="44.460885" lon="5.278712"><ele>1017.8</ele></trkpt>
    <trkpt lat="44.460791" lon="5.278517"><ele>1015.4</ele></trkpt>
    <trkpt lat="44.460662" lon="5.278271"><ele>1012.2</ele></trkpt>
    <trkpt lat="44.460624" lon="5.278089"><ele>1011.1</ele></trkpt>
    <trkpt lat="44.460577" lon="5.277777"><ele>1007.9</ele></trkpt>
    <trkpt lat="44.460518" lon="5.277757"><ele>1005.3</ele></trkpt>
    <trkpt lat="44.460371" lon="5.277663"><ele>998.6</ele></trkpt>
    <trkpt lat="44.460223" lon="5.277173"><ele>990.1</ele></trkpt>
    <trkpt lat="44.460109" lon="5.276666"><ele>980.1</ele></trkpt>
    <trkpt lat="44.460079" lon="5.276480"><ele>977.2</ele></trkpt>
    <trkpt lat="44.460086" lon="5.276280"><ele>976.1</ele></trkpt>
    <trkpt lat="44.460092" lon="5.276019"><ele>975.6</ele></trkpt>
    <trkpt lat="44.460053" lon="5.275829"><ele>974.5</ele></trkpt>
    <trkpt lat="44.459983" lon="5.275739"><ele>971.9</ele></trkpt>
    <trkpt lat="44.459873" lon="5.275144"><ele>969.5</ele></trkpt>
    <trkpt lat="44.459819" lon="5.274636"><ele>965.2</ele></trkpt>
    <trkpt lat="44.459799" lon="5.274207"><ele>959.5</ele></trkpt>
    <trkpt lat="44.459743" lon="5.273969"><ele>953.3</ele></trkpt>
    <trkpt lat="44.459712" lon="5.273773"><ele>948.9</ele></trkpt>
    <trkpt lat="44.459713" lon="5.273547"><ele>945.5</ele></trkpt>
    <trkpt lat="44.459730" lon="5.273277"><ele>941.5</ele></trkpt>
    <trkpt lat="44.459711" lon="5.272870"><ele>934.2</ele></trkpt>
    <trkpt lat="44.459779" lon="5.272548"><ele>930.1</ele></trkpt>
    <trkpt lat="44.459841" lon="5.272365"><ele>929.3</ele></trkpt>
    <trkpt lat="44.459811" lon="5.272225"><ele>925.9</ele></trkpt>
    <trkpt lat="44.459624" lon="5.272018"><ele>919.7</ele></trkpt>
    <trkpt lat="44.459427" lon="5.271744"><ele>912.6</ele></trkpt>
    <trkpt lat="44.459330" lon="5.271443"><ele>909.0</ele></trkpt>
    <trkpt lat="44.459251" lon="5.271306"><ele>905.8</ele></trkpt>
    <trkpt lat="44.459055" lon="5.270971"><ele>897.7</ele></trkpt>
    <trkpt lat="44.459014" lon="5.270882"><ele>895.7</ele></trkpt>
    <trkpt lat="44.458998" lon="5.270659"><ele>895.2</ele></trkpt>
    <trkpt lat="44.458920" lon="5.270599"><ele>892.0</ele></trkpt>
    <trkpt lat="44.458839" lon="5.270584"><ele>889.1</ele></trkpt>
    <trkpt lat="44.458633" lon="5.270453"><ele>884.6</ele></trkpt>
    <trkpt lat="44.458475" lon="5.270139"><ele>884.4</ele></trkpt>
    <trkpt lat="44.458397" lon="5.269927"><ele>884.8</ele></trkpt>
    <trkpt lat="44.458163" lon="5.269592"><ele>881.4</ele></trkpt>
    <trkpt lat="44.457925" lon="5.269294"><ele>877.0</ele></trkpt>
    <trkpt lat="44.457688" lon="5.268894"><ele>874.0</ele></trkpt>
    <trkpt lat="44.457399" lon="5.268441"><ele>869.2</ele></trkpt>
    <trkpt lat="44.457222" lon="5.268309"><ele>864.3</ele></trkpt>
    <trkpt lat="44.457129" lon="5.268258"><ele>861.4</ele></trkpt>
    <trkpt lat="44.457008" lon="5.268076"><ele>858.4</ele></trkpt>
    <trkpt lat="44.456925" lon="5.267858"><ele>855.9</ele></trkpt>
    <trkpt lat="44.456657" lon="5.267402"><ele>848.7</ele></trkpt>
    <trkpt lat="44.456459" lon="5.267214"><ele>843.6</ele></trkpt>
    <trkpt lat="44.456278" lon="5.267018"><ele>839.3</ele></trkpt>
    <trkpt lat="44.456233" lon="5.266898"><ele>838.7</ele></trkpt>
    <trkpt lat="44.456161" lon="5.266814"><ele>836.7</ele></trkpt>
    <trkpt lat="44.456098" lon="5.266776"><ele>834.7</ele></trkpt>
    <trkpt lat="44.455982" lon="5.266740"><ele>830.5</ele></trkpt>
    <trkpt lat="44.455816" lon="5.266383"><ele>823.2</ele></trkpt>
    <trkpt lat="44.455815" lon="5.266177"><ele>821.6</ele></trkpt>
    <trkpt lat="44.455818" lon="5.265935"><ele>818.1</ele></trkpt>
    <trkpt lat="44.455912" lon="5.265438"><ele>813.8</ele></trkpt>
    <trkpt lat="44.455932" lon="5.265333"><ele>813.0</ele></trkpt>
    <trkpt lat="44.455984" lon="5.265261"><ele>814.3</ele></trkpt>
    <trkpt lat="44.456062" lon="5.265161"><ele>816.4</ele></trkpt>
    <trkpt lat="44.456081" lon="5.264998"><ele>814.4</ele></trkpt>
    <trkpt lat="44.456017" lon="5.264403"><ele>803.7</ele></trkpt>
    <trkpt lat="44.455985" lon="5.264117"><ele>800.6</ele></trkpt>
    <trkpt lat="44.456009" lon="5.263909"><ele>799.5</ele></trkpt>
    <trkpt lat="44.456069" lon="5.263639"><ele>798.8</ele></trkpt>
    <trkpt lat="44.456121" lon="5.263535"><ele>799.5</ele></trkpt>
    <trkpt lat="44.456141" lon="5.263362"><ele>798.4</ele></trkpt>
    <trkpt lat="44.456111" lon="5.263195"><ele>797.0</ele></trkpt>
    <trkpt lat="44.456040" lon="5.263018"><ele>794.3</ele></trkpt>
    <trkpt lat="44.456044" lon="5.262821"><ele>793.7</ele></trkpt>
    <trkpt lat="44.456069" lon="5.262684"><ele>794.1</ele></trkpt>
    <trkpt lat="44.456103" lon="5.262489"><ele>794.6</ele></trkpt>
    <trkpt lat="44.456051" lon="5.262281"><ele>792.2</ele></trkpt>
    <trkpt lat="44.455714" lon="5.262080"><ele>780.3</ele></trkpt>
    <trkpt lat="44.455625" lon="5.262044"><ele>777.7</ele></trkpt>
    <trkpt lat="44.455503" lon="5.261965"><ele>774.2</ele></trkpt>
    <trkpt lat="44.455389" lon="5.261888"><ele>770.5</ele></trkpt>
    <trkpt lat="44.455291" lon="5.261788"><ele>767.4</ele></trkpt>
    <trkpt lat="44.455263" lon="5.261711"><ele>766.5</ele></trkpt>
    <trkpt lat="44.455244" lon="5.261563"><ele>766.0</ele></trkpt>
    <trkpt lat="44.455213" lon="5.261316"><ele>764.7</ele></trkpt>
    <trkpt lat="44.455180" lon="5.261128"><ele>763.0</ele></trkpt>
    <trkpt lat="44.455134" lon="5.261028"><ele>761.6</ele></trkpt>
    <trkpt lat="44.454834" lon="5.260628"><ele>757.2</ele></trkpt>
    <trkpt lat="44.454793" lon="5.260659"><ele>757.2</ele></trkpt>
    <trkpt lat="44.454696" lon="5.260733"><ele>757.0</ele></trkpt>
    <trkpt lat="44.454414" lon="5.260773"><ele>757.7</ele></trkpt>
    <trkpt lat="44.454326" lon="5.260887"><ele>758.2</ele></trkpt>
    <trkpt lat="44.454120" lon="5.261300"><ele>754.0</ele></trkpt>
    <trkpt lat="44.453940" lon="5.261653"><ele>749.6</ele></trkpt>
    <trkpt lat="44.453818" lon="5.261790"><ele>747.8</ele></trkpt>
    <trkpt lat="44.453599" lon="5.262106"><ele>743.0</ele></trkpt>
    <trkpt lat="44.453469" lon="5.262297"><ele>739.5</ele></trkpt>
    <trkpt lat="44.453405" lon="5.262411"><ele>737.2</ele></trkpt>
    <trkpt lat="44.453342" lon="5.262524"><ele>734.9</ele></trkpt>
    <trkpt lat="44.453265" lon="5.262605"><ele>733.2</ele></trkpt>
    <trkpt lat="44.453111" lon="5.262767"><ele>729.6</ele></trkpt>
    <trkpt lat="44.452903" lon="5.262886"><ele>728.1</ele></trkpt>
    <trkpt lat="44.452695" lon="5.263005"><ele>726.4</ele></trkpt>
    <trkpt lat="44.452164" lon="5.263410"><ele>716.7</ele></trkpt>
    <trkpt lat="44.452030" lon="5.263563"><ele>712.8</ele></trkpt>
    <trkpt lat="44.451902" lon="5.263732"><ele>708.8</ele></trkpt>
    <trkpt lat="44.451843" lon="5.263841"><ele>705.6</ele></trkpt>
    <trkpt lat="44.451783" lon="5.263949"><ele>702.5</ele></trkpt>
    <trkpt lat="44.451706" lon="5.264066"><ele>699.8</ele></trkpt>
    <trkpt lat="44.451632" lon="5.264139"><ele>698.3</ele></trkpt>
    <trkpt lat="44.451452" lon="5.264189"><ele>697.8</ele></trkpt>
    <trkpt lat="44.451282" lon="5.264186"><ele>698.5</ele></trkpt>
    <trkpt lat="44.451261" lon="5.264191"><ele>698.3</ele></trkpt>
    <trkpt lat="44.451077" lon="5.264300"><ele>697.8</ele></trkpt>
    <trkpt lat="44.451059" lon="5.264358"><ele>697.6</ele></trkpt>
    <trkpt lat="44.451099" lon="5.264663"><ele>692.1</ele></trkpt>
    <trkpt lat="44.451132" lon="5.264867"><ele>688.1</ele></trkpt>
    <trkpt lat="44.451173" lon="5.264971"><ele>684.8</ele></trkpt>
    <trkpt lat="44.451181" lon="5.265258"><ele>678.2</ele></trkpt>
    <trkpt lat="44.451140" lon="5.265411"><ele>675.8</ele></trkpt>
    <trkpt lat="44.451079" lon="5.265510"><ele>676.1</ele></trkpt>
    <trkpt lat="44.451054" lon="5.265750"><ele>670.5</ele></trkpt>
    <trkpt lat="44.451080" lon="5.265837"><ele>666.6</ele></trkpt>
    <trkpt lat="44.450996" lon="5.266154"><ele>662.1</ele></trkpt>
    <trkpt lat="44.450954" lon="5.266313"><ele>660.4</ele></trkpt>
    <trkpt lat="44.450884" lon="5.266450"><ele>660.8</ele></trkpt>
    <trkpt lat="44.450814" lon="5.266587"><ele>661.8</ele></trkpt>
    <trkpt lat="44.450753" lon="5.266750"><ele>661.3</ele></trkpt>
    <trkpt lat="44.450712" lon="5.266903"><ele>660.0</ele></trkpt>
    <trkpt lat="44.450672" lon="5.267273"><ele>655.1</ele></trkpt>
    <trkpt lat="44.450600" lon="5.267755"><ele>653.0</ele></trkpt>
    <trkpt lat="44.450573" lon="5.267839"><ele>653.1</ele></trkpt>
    <trkpt lat="44.450545" lon="5.267923"><ele>652.8</ele></trkpt>
    <trkpt lat="44.450488" lon="5.268027"><ele>652.8</ele></trkpt>
    <trkpt lat="44.450431" lon="5.268131"><ele>652.3</ele></trkpt>
    <trkpt lat="44.450338" lon="5.268185"><ele>653.9</ele></trkpt>
    <trkpt lat="44.450255" lon="5.268263"><ele>654.1</ele></trkpt>
    <trkpt lat="44.450171" lon="5.268342"><ele>653.3</ele></trkpt>
    <trkpt lat="44.449912" lon="5.268670"><ele>652.2</ele></trkpt>
    <trkpt lat="44.449907" lon="5.268780"><ele>652.6</ele></trkpt>
    <trkpt lat="44.449984" lon="5.268897"><ele>648.8</ele></trkpt>
    <trkpt lat="44.450062" lon="5.269015"><ele>644.8</ele></trkpt>
    <trkpt lat="44.450109" lon="5.269174"><ele>641.7</ele></trkpt>
    <trkpt lat="44.450129" lon="5.269292"><ele>640.3</ele></trkpt>
    <trkpt lat="44.450170" lon="5.269527"><ele>637.8</ele></trkpt>
    <trkpt lat="44.450201" lon="5.269828"><ele>635.7</ele></trkpt>
    <trkpt lat="44.450217" lon="5.269978"><ele>634.2</ele></trkpt>
    <trkpt lat="44.450219" lon="5.270113"><ele>633.1</ele></trkpt>
    <trkpt lat="44.450224" lon="5.270383"><ele>630.9</ele></trkpt>
    <trkpt lat="44.450215" lon="5.270734"><ele>628.2</ele></trkpt>
    <trkpt lat="44.450199" lon="5.270894"><ele>627.0</ele></trkpt>
    <trkpt lat="44.450160" lon="5.271057"><ele>626.0</ele></trkpt>
    <trkpt lat="44.450125" lon="5.271191"><ele>625.2</ele></trkpt>
    <trkpt lat="44.450095" lon="5.271348"><ele>623.6</ele></trkpt>
    <trkpt lat="44.450086" lon="5.271576"><ele>621.2</ele></trkpt>
    <trkpt lat="44.450082" lon="5.271698"><ele>620.1</ele></trkpt>
    <trkpt lat="44.450077" lon="5.271820"><ele>619.3</ele></trkpt>
    <trkpt lat="44.450058" lon="5.271966"><ele>618.4</ele></trkpt>
    <trkpt lat="44.449943" lon="5.272251"><ele>616.1</ele></trkpt>
    <trkpt lat="44.449885" lon="5.272394"><ele>615.3</ele></trkpt>
    <trkpt lat="44.449712" lon="5.272823"><ele>610.5</ele></trkpt>
    <trkpt lat="44.449675" lon="5.272942"><ele>609.1</ele></trkpt>
    <trkpt lat="44.449638" lon="5.273061"><ele>607.5</ele></trkpt>
    <trkpt lat="44.449600" lon="5.273181"><ele>605.6</ele></trkpt>
    <trkpt lat="44.449397" lon="5.273436"><ele>602.5</ele></trkpt>
    <trkpt lat="44.449296" lon="5.273515"><ele>601.3</ele></trkpt>
    <trkpt lat="44.449194" lon="5.273594"><ele>599.5</ele></trkpt>
    <trkpt lat="44.449093" lon="5.273673"><ele>597.5</ele></trkpt>
    <trkpt lat="44.448962" lon="5.273801"><ele>594.7</ele></trkpt>
    <trkpt lat="44.448912" lon="5.273888"><ele>593.0</ele></trkpt>
    <trkpt lat="44.448892" lon="5.274068"><ele>591.0</ele></trkpt>
    <trkpt lat="44.448887" lon="5.274173"><ele>590.0</ele></trkpt>
    <trkpt lat="44.448882" lon="5.274278"><ele>588.6</ele></trkpt>
    <trkpt lat="44.448720" lon="5.274660"><ele>585.8</ele></trkpt>
    <trkpt lat="44.448533" lon="5.275162"><ele>580.3</ele></trkpt>
    <trkpt lat="44.448472" lon="5.275375"><ele>577.1</ele></trkpt>
    <trkpt lat="44.448416" lon="5.275608"><ele>572.9</ele></trkpt>
    <trkpt lat="44.448412" lon="5.275711"><ele>570.6</ele></trkpt>
    <trkpt lat="44.448408" lon="5.275814"><ele>568.2</ele></trkpt>
    <trkpt lat="44.448363" lon="5.275949"><ele>565.8</ele></trkpt>
    <trkpt lat="44.448274" lon="5.276217"><ele>561.5</ele></trkpt>
    <trkpt lat="44.448226" lon="5.276332"><ele>559.8</ele></trkpt>
    <trkpt lat="44.448179" lon="5.276446"><ele>558.0</ele></trkpt>
    <trkpt lat="44.448031" lon="5.276629"><ele>555.1</ele></trkpt>
    <trkpt lat="44.447957" lon="5.276709"><ele>554.2</ele></trkpt>
    <trkpt lat="44.447882" lon="5.276789"><ele>553.4</ele></trkpt>
    <trkpt lat="44.447786" lon="5.276870"><ele>552.5</ele></trkpt>
    <trkpt lat="44.447689" lon="5.276952"><ele>551.5</ele></trkpt>
    <trkpt lat="44.447633" lon="5.277015"><ele>550.5</ele></trkpt>
    <trkpt lat="44.447574" lon="5.277148"><ele>548.1</ele></trkpt>
    <trkpt lat="44.447516" lon="5.277281"><ele>545.6</ele></trkpt>
    <trkpt lat="44.447509" lon="5.277405"><ele>543.0</ele></trkpt>
    <trkpt lat="44.447454" lon="5.277736"><ele>536.4</ele></trkpt>
    <trkpt lat="44.447410" lon="5.277872"><ele>534.5</ele></trkpt>
    <trkpt lat="44.447366" lon="5.278008"><ele>532.7</ele></trkpt>
    <trkpt lat="44.447322" lon="5.278144"><ele>530.8</ele></trkpt>
    <trkpt lat="44.447278" lon="5.278281"><ele>528.7</ele></trkpt>
    <trkpt lat="44.447211" lon="5.278400"><ele>527.1</ele></trkpt>
    <trkpt lat="44.447079" lon="5.278640"><ele>523.0</ele></trkpt>
    <trkpt lat="44.446970" lon="5.278854"><ele>519.5</ele></trkpt>
    <trkpt lat="44.446915" lon="5.278961"><ele>517.8</ele></trkpt>
    <trkpt lat="44.446882" lon="5.279039"><ele>516.5</ele></trkpt>
    <trkpt lat="44.446848" lon="5.279117"><ele>515.1</ele></trkpt>
    <trkpt lat="44.446805" lon="5.279207"><ele>513.3</ele></trkpt>
    <trkpt lat="44.446762" lon="5.279297"><ele>511.6</ele></trkpt>
    <trkpt lat="44.446583" lon="5.279462"><ele>508.4</ele></trkpt>
    <trkpt lat="44.446497" lon="5.279523"><ele>507.3</ele></trkpt>
    <trkpt lat="44.446412" lon="5.279584"><ele>506.1</ele></trkpt>
    <trkpt lat="44.446316" lon="5.279645"><ele>504.9</ele></trkpt>
    <trkpt lat="44.446220" lon="5.279706"><ele>503.7</ele></trkpt>
    <trkpt lat="44.446156" lon="5.279750"><ele>502.6</ele></trkpt>
    <trkpt lat="44.446093" lon="5.279793"><ele>501.4</ele></trkpt>
    <trkpt lat="44.445994" lon="5.279947"><ele>497.7</ele></trkpt>
    <trkpt lat="44.445998" lon="5.280076"><ele>494.6</ele></trkpt>
    <trkpt lat="44.445944" lon="5.280179"><ele>492.0</ele></trkpt>
    <trkpt lat="44.445889" lon="5.280283"><ele>489.7</ele></trkpt>
    <trkpt lat="44.445843" lon="5.280360"><ele>487.9</ele></trkpt>
    <trkpt lat="44.445797" lon="5.280438"><ele>485.9</ele></trkpt>
    <trkpt lat="44.445729" lon="5.280571"><ele>482.5</ele></trkpt>
    <trkpt lat="44.445789" lon="5.280609"><ele>481.3</ele></trkpt>
    <trkpt lat="44.445876" lon="5.280619"><ele>480.6</ele></trkpt>
    <trkpt lat="44.445888" lon="5.280735"><ele>476.7</ele></trkpt>
    <trkpt lat="44.445813" lon="5.280838"><ele>474.0</ele></trkpt>
    <trkpt lat="44.445749" lon="5.280843"><ele>474.4</ele></trkpt>
    <trkpt lat="44.445658" lon="5.280859"><ele>474.6</ele></trkpt>
    <trkpt lat="44.445587" lon="5.280938"><ele>472.8</ele></trkpt>
    <trkpt lat="44.445532" lon="5.281015"><ele>470.6</ele></trkpt>
    <trkpt lat="44.445477" lon="5.281093"><ele>468.2</ele></trkpt>
    <trkpt lat="44.445370" lon="5.281179"><ele>466.2</ele></trkpt>
    <trkpt lat="44.445264" lon="5.281264"><ele>464.1</ele></trkpt>
    <trkpt lat="44.445123" lon="5.281526"><ele>461.0</ele></trkpt>
    <trkpt lat="44.445093" lon="5.281612"><ele>460.7</ele></trkpt>
    <trkpt lat="44.445062" lon="5.281699"><ele>461.0</ele></trkpt>
    <trkpt lat="44.444850" lon="5.281745"><ele>459.0</ele></trkpt>
    <trkpt lat="44.444759" lon="5.281825"><ele>459.4</ele></trkpt>
    <trkpt lat="44.444682" lon="5.281988"><ele>461.6</ele></trkpt>
    <trkpt lat="44.444573" lon="5.282241"><ele>466.2</ele></trkpt>
    <trkpt lat="44.444497" lon="5.282438"><ele>468.8</ele></trkpt>
    <trkpt lat="44.444353" lon="5.282943"><ele>475.6</ele></trkpt>
    <trkpt lat="44.444313" lon="5.283082"><ele>477.5</ele></trkpt>
    <trkpt lat="44.444234" lon="5.283359"><ele>479.8</ele></trkpt>
    <trkpt lat="44.444190" lon="5.283523"><ele>481.1</ele></trkpt>
    <trkpt lat="44.444102" lon="5.283852"><ele>483.7</ele></trkpt>
    <trkpt lat="44.444056" lon="5.284070"><ele>484.1</ele></trkpt>
    <trkpt lat="44.444010" lon="5.284325"><ele>483.4</ele></trkpt>
    <trkpt lat="44.444003" lon="5.284399"><ele>483.2</ele></trkpt>
    <trkpt lat="44.443995" lon="5.284556"><ele>482.8</ele></trkpt>
    <trkpt lat="44.443982" lon="5.284680"><ele>482.4</ele></trkpt>
    <trkpt lat="44.443968" lon="5.284804"><ele>482.1</ele></trkpt>
    <trkpt lat="44.443956" lon="5.284892"><ele>482.0</ele></trkpt>
    <trkpt lat="44.443917" lon="5.285054"><ele>481.6</ele></trkpt>
    <trkpt lat="44.443864" lon="5.285208"><ele>481.3</ele></trkpt>
    <trkpt lat="44.443796" lon="5.285351"><ele>480.9</ele></trkpt>
    <trkpt lat="44.443529" lon="5.285661"><ele>477.3</ele></trkpt>
    <trkpt lat="44.443472" lon="5.285713"><ele>476.1</ele></trkpt>
    <trkpt lat="44.443414" lon="5.285765"><ele>474.8</ele></trkpt>
    <trkpt lat="44.443350" lon="5.285822"><ele>473.4</ele></trkpt>
    <trkpt lat="44.443167" lon="5.286062"><ele>472.3</ele></trkpt>
    <trkpt lat="44.443133" lon="5.286092"><ele>472.3</ele></trkpt>
    <trkpt lat="44.443088" lon="5.286105"><ele>472.2</ele></trkpt>
    <trkpt lat="44.443004" lon="5.286108"><ele>471.8</ele></trkpt>
    <trkpt lat="44.442845" lon="5.286101"><ele>471.0</ele></trkpt>
    <trkpt lat="44.442794" lon="5.286095"><ele>470.7</ele></trkpt>
    <trkpt lat="44.442770" lon="5.286103"><ele>470.8</ele></trkpt>
    <trkpt lat="44.442696" lon="5.286132"><ele>471.6</ele></trkpt>
    <trkpt lat="44.442645" lon="5.286158"><ele>472.3</ele></trkpt>
    <trkpt lat="44.442531" lon="5.286227"><ele>474.7</ele></trkpt>
    <trkpt lat="44.442417" lon="5.286295"><ele>476.4</ele></trkpt>
    <trkpt lat="44.442303" lon="5.286364"><ele>477.8</ele></trkpt>
    <trkpt lat="44.442106" lon="5.286479"><ele>479.3</ele></trkpt>
    <trkpt lat="44.442069" lon="5.286500"><ele>479.5</ele></trkpt>
    <trkpt lat="44.442012" lon="5.286509"><ele>479.2</ele></trkpt>
    <trkpt lat="44.441768" lon="5.286563"><ele>477.5</ele></trkpt>
    <trkpt lat="44.441754" lon="5.286571"><ele>477.4</ele></trkpt>
    <trkpt lat="44.441700" lon="5.286604"><ele>477.3</ele></trkpt>
    <trkpt lat="44.441627" lon="5.286647"><ele>477.1</ele></trkpt>
    <trkpt lat="44.441441" lon="5.286759"><ele>475.9</ele></trkpt>
    <trkpt lat="44.441416" lon="5.286774"><ele>475.6</ele></trkpt>
    <trkpt lat="44.441404" lon="5.286782"><ele>475.5</ele></trkpt>
    <trkpt lat="44.441392" lon="5.286789"><ele>475.4</ele></trkpt>
    <trkpt lat="44.441323" lon="5.286747"><ele>473.9</ele></trkpt>
    <trkpt lat="44.441310" lon="5.286738"><ele>473.6</ele></trkpt>
    <trkpt lat="44.441282" lon="5.286721"><ele>473.0</ele></trkpt>
    <trkpt lat="44.441240" lon="5.286695"><ele>472.1</ele></trkpt>
    <trkpt lat="44.441226" lon="5.286686"><ele>471.8</ele></trkpt>
    <trkpt lat="44.441037" lon="5.286614"><ele>468.5</ele></trkpt>
    <trkpt lat="44.441015" lon="5.286606"><ele>468.2</ele></trkpt>
    <trkpt lat="44.440891" lon="5.286561"><ele>466.7</ele></trkpt>
    <trkpt lat="44.440873" lon="5.286556"><ele>466.5</ele></trkpt>
    <trkpt lat="44.440805" lon="5.286537"><ele>465.8</ele></trkpt>
    <trkpt lat="44.440770" lon="5.286528"><ele>465.4</ele></trkpt>
    <trkpt lat="44.440702" lon="5.286509"><ele>464.7</ele></trkpt>
    <trkpt lat="44.440684" lon="5.286504"><ele>464.5</ele></trkpt>
    <trkpt lat="44.440676" lon="5.286502"><ele>464.5</ele></trkpt>
    <trkpt lat="44.440659" lon="5.286500"><ele>464.3</ele></trkpt>
    <trkpt lat="44.440642" lon="5.286498"><ele>464.1</ele></trkpt>
    <trkpt lat="44.440515" lon="5.286529"><ele>463.0</ele></trkpt>
    <trkpt lat="44.440340" lon="5.286553"><ele>460.8</ele></trkpt>
    <trkpt lat="44.440286" lon="5.286551"><ele>460.1</ele></trkpt>
    <trkpt lat="44.440260" lon="5.286551"><ele>459.8</ele></trkpt>
    <trkpt lat="44.440218" lon="5.286526"><ele>459.5</ele></trkpt>
    <trkpt lat="44.440197" lon="5.286514"><ele>459.3</ele></trkpt>
    <trkpt lat="44.440161" lon="5.286482"><ele>458.9</ele></trkpt>
    <trkpt lat="44.440143" lon="5.286467"><ele>458.7</ele></trkpt>
    <trkpt lat="44.440099" lon="5.286420"><ele>458.1</ele></trkpt>
    <trkpt lat="44.440076" lon="5.286396"><ele>457.8</ele></trkpt>
    <trkpt lat="44.440026" lon="5.286349"><ele>456.8</ele></trkpt>
    <trkpt lat="44.440000" lon="5.286325"><ele>456.3</ele></trkpt>
    <trkpt lat="44.439947" lon="5.286284"><ele>455.6</ele></trkpt>
    <trkpt lat="44.439920" lon="5.286264"><ele>455.2</ele></trkpt>
    <trkpt lat="44.439897" lon="5.286251"><ele>455.0</ele></trkpt>
    <trkpt lat="44.439875" lon="5.286237"><ele>454.7</ele></trkpt>
    <trkpt lat="44.439853" lon="5.286224"><ele>454.4</ele></trkpt>
    <trkpt lat="44.439804" lon="5.286208"><ele>453.9</ele></trkpt>
    <trkpt lat="44.439780" lon="5.286201"><ele>453.6</ele></trkpt>
    <trkpt lat="44.439748" lon="5.286193"><ele>453.3</ele></trkpt>
    <trkpt lat="44.439717" lon="5.286185"><ele>453.0</ele></trkpt>
    <trkpt lat="44.439686" lon="5.286178"><ele>452.6</ele></trkpt>
    <trkpt lat="44.439628" lon="5.286177"><ele>452.0</ele></trkpt>
    <trkpt lat="44.439599" lon="5.286177"><ele>451.7</ele></trkpt>
    <trkpt lat="44.439576" lon="5.286184"><ele>451.6</ele></trkpt>
    <trkpt lat="44.439506" lon="5.286207"><ele>451.3</ele></trkpt>
    <trkpt lat="44.439449" lon="5.286242"><ele>451.4</ele></trkpt>
    <trkpt lat="44.439392" lon="5.286277"><ele>451.5</ele></trkpt>
    <trkpt lat="44.439363" lon="5.286294"><ele>451.6</ele></trkpt>
    <trkpt lat="44.439133" lon="5.286488"><ele>452.4</ele></trkpt>
    <trkpt lat="44.438971" lon="5.286629"><ele>452.2</ele></trkpt>
    <trkpt lat="44.438948" lon="5.286651"><ele>452.3</ele></trkpt>
    <trkpt lat="44.438912" lon="5.286685"><ele>452.1</ele></trkpt>
    <trkpt lat="44.438873" lon="5.286707"><ele>451.7</ele></trkpt>
    <trkpt lat="44.438846" lon="5.286716"><ele>451.5</ele></trkpt>
    <trkpt lat="44.438819" lon="5.286720"><ele>451.4</ele></trkpt>
    <trkpt lat="44.438792" lon="5.286715"><ele>451.2</ele></trkpt>
    <trkpt lat="44.438769" lon="5.286700"><ele>451.1</ele></trkpt>
    <trkpt lat="44.438751" lon="5.286669"><ele>451.0</ele></trkpt>
    <trkpt lat="44.438740" lon="5.286634"><ele>450.5</ele></trkpt>
    <trkpt lat="44.438740" lon="5.286598"><ele>450.1</ele></trkpt>
    <trkpt lat="44.438744" lon="5.286566"><ele>449.7</ele></trkpt>
    <trkpt lat="44.438758" lon="5.286522"><ele>449.2</ele></trkpt>
    <trkpt lat="44.438773" lon="5.286493"><ele>449.0</ele></trkpt>
    <trkpt lat="44.438793" lon="5.286461"><ele>448.8</ele></trkpt>
    <trkpt lat="44.438813" lon="5.286429"><ele>448.7</ele></trkpt>
    <trkpt lat="44.438835" lon="5.286406"><ele>448.6</ele></trkpt>
    <trkpt lat="44.438856" lon="5.286383"><ele>448.5</ele></trkpt>
    <trkpt lat="44.438881" lon="5.286366"><ele>448.3</ele></trkpt>
    <trkpt lat="44.438930" lon="5.286331"><ele>448.0</ele></trkpt>
    <trkpt lat="44.438979" lon="5.286296"><ele>447.7</ele></trkpt>
    <trkpt lat="44.439003" lon="5.286279"><ele>447.6</ele></trkpt>
    <trkpt lat="44.439026" lon="5.286258"><ele>447.4</ele></trkpt>
    <trkpt lat="44.439070" lon="5.286216"><ele>447.0</ele></trkpt>
    <trkpt lat="44.439095" lon="5.286192"><ele>446.8</ele></trkpt>
    <trkpt lat="44.439146" lon="5.286143"><ele>446.4</ele></trkpt>
    <trkpt lat="44.439298" lon="5.285998"><ele>442.9</ele></trkpt>
    <trkpt lat="44.439321" lon="5.285974"><ele>442.2</ele></trkpt>
    <trkpt lat="44.439345" lon="5.285951"><ele>441.6</ele></trkpt>
    <trkpt lat="44.439441" lon="5.285858"><ele>438.9</ele></trkpt>
    <trkpt lat="44.439513" lon="5.285789"><ele>437.7</ele></trkpt>
    <trkpt lat="44.439587" lon="5.285715"><ele>436.5</ele></trkpt>
    <trkpt lat="44.439786" lon="5.285520"><ele>434.3</ele></trkpt>
    <trkpt lat="44.439836" lon="5.285471"><ele>433.7</ele></trkpt>
    <trkpt lat="44.439854" lon="5.285449"><ele>433.3</ele></trkpt>
    <trkpt lat="44.439863" lon="5.285431"><ele>432.9</ele></trkpt>
    <trkpt lat="44.439869" lon="5.285402"><ele>432.2</ele></trkpt>
    <trkpt lat="44.439868" lon="5.285383"><ele>431.6</ele></trkpt>
    <trkpt lat="44.439862" lon="5.285369"><ele>431.1</ele></trkpt>
    <trkpt lat="44.439852" lon="5.285360"><ele>430.8</ele></trkpt>
    <trkpt lat="44.439837" lon="5.285352"><ele>430.5</ele></trkpt>
    <trkpt lat="44.439813" lon="5.285349"><ele>430.2</ele></trkpt>
    <trkpt lat="44.439788" lon="5.285346"><ele>429.9</ele></trkpt>
    <trkpt lat="44.439741" lon="5.285359"><ele>429.9</ele></trkpt>
    <trkpt lat="44.439718" lon="5.285365"><ele>429.8</ele></trkpt>
    <trkpt lat="44.439365" lon="5.285487"><ele>426.0</ele></trkpt>
    <trkpt lat="44.439110" lon="5.285584"><ele>424.5</ele></trkpt>
    <trkpt lat="44.439081" lon="5.285598"><ele>424.7</ele></trkpt>
    <trkpt lat="44.439023" lon="5.285626"><ele>425.1</ele></trkpt>
    <trkpt lat="44.439005" lon="5.285631"><ele>425.1</ele></trkpt>
    <trkpt lat="44.438986" lon="5.285637"><ele>425.1</ele></trkpt>
    <trkpt lat="44.438966" lon="5.285637"><ele>424.8</ele></trkpt>
    <trkpt lat="44.438954" lon="5.285633"><ele>424.6</ele></trkpt>
    <trkpt lat="44.438940" lon="5.285621"><ele>424.0</ele></trkpt>
    <trkpt lat="44.438928" lon="5.285600"><ele>423.0</ele></trkpt>
    <trkpt lat="44.438924" lon="5.285581"><ele>422.3</ele></trkpt>
    <trkpt lat="44.438930" lon="5.285546"><ele>421.5</ele></trkpt>
    <trkpt lat="44.438947" lon="5.285509"><ele>421.7</ele></trkpt>
    <trkpt lat="44.438964" lon="5.285472"><ele>421.9</ele></trkpt>
    <trkpt lat="44.438974" lon="5.285453"><ele>421.9</ele></trkpt>
    <trkpt lat="44.438984" lon="5.285434"><ele>422.0</ele></trkpt>
    <trkpt lat="44.438988" lon="5.285417"><ele>422.0</ele></trkpt>
    <trkpt lat="44.438988" lon="5.285394"><ele>422.0</ele></trkpt>
    <trkpt lat="44.438983" lon="5.285374"><ele>422.0</ele></trkpt>
    <trkpt lat="44.438975" lon="5.285352"><ele>422.0</ele></trkpt>
    <trkpt lat="44.438962" lon="5.285333"><ele>422.0</ele></trkpt>
    <trkpt lat="44.438942" lon="5.285313"><ele>421.9</ele></trkpt>
    <trkpt lat="44.438921" lon="5.285308"><ele>421.9</ele></trkpt>
    <trkpt lat="44.438900" lon="5.285303"><ele>421.9</ele></trkpt>
    <trkpt lat="44.438642" lon="5.285266"><ele>424.3</ele></trkpt>
    <trkpt lat="44.438613" lon="5.285263"><ele>424.6</ele></trkpt>
    <trkpt lat="44.438584" lon="5.285261"><ele>425.0</ele></trkpt>
    <trkpt lat="44.438555" lon="5.285259"><ele>425.4</ele></trkpt>
    <trkpt lat="44.438528" lon="5.285258"><ele>425.8</ele></trkpt>
    <trkpt lat="44.438472" lon="5.285256"><ele>426.4</ele></trkpt>
    <trkpt lat="44.438291" lon="5.285286"><ele>427.5</ele></trkpt>
    <trkpt lat="44.438260" lon="5.285294"><ele>427.7</ele></trkpt>
    <trkpt lat="44.438199" lon="5.285310"><ele>428.2</ele></trkpt>
    <trkpt lat="44.438172" lon="5.285320"><ele>428.3</ele></trkpt>
    <trkpt lat="44.438120" lon="5.285340"><ele>428.3</ele></trkpt>
    <trkpt lat="44.438067" lon="5.285361"><ele>428.2</ele></trkpt>
    <trkpt lat="44.438013" lon="5.285390"><ele>427.8</ele></trkpt>
    <trkpt lat="44.437986" lon="5.285404"><ele>427.5</ele></trkpt>
    <trkpt lat="44.437958" lon="5.285419"><ele>427.3</ele></trkpt>
    <trkpt lat="44.437931" lon="5.285433"><ele>427.1</ele></trkpt>
    <trkpt lat="44.437875" lon="5.285460"><ele>426.7</ele></trkpt>
    <trkpt lat="44.437818" lon="5.285487"><ele>426.4</ele></trkpt>
    <trkpt lat="44.437790" lon="5.285501"><ele>426.2</ele></trkpt>
    <trkpt lat="44.437733" lon="5.285516"><ele>425.8</ele></trkpt>
    <trkpt lat="44.437620" lon="5.285546"><ele>424.9</ele></trkpt>
    <trkpt lat="44.437597" lon="5.285550"><ele>424.8</ele></trkpt>
    <trkpt lat="44.437575" lon="5.285555"><ele>424.7</ele></trkpt>
    <trkpt lat="44.437547" lon="5.285555"><ele>424.8</ele></trkpt>
    <trkpt lat="44.437519" lon="5.285555"><ele>424.9</ele></trkpt>
    <trkpt lat="44.437489" lon="5.285548"><ele>425.0</ele></trkpt>
    <trkpt lat="44.437460" lon="5.285541"><ele>424.7</ele></trkpt>
    <trkpt lat="44.437444" lon="5.285534"><ele>424.6</ele></trkpt>
    <trkpt lat="44.437429" lon="5.285527"><ele>424.5</ele></trkpt>
    <trkpt lat="44.437404" lon="5.285507"><ele>424.4</ele></trkpt>
    <trkpt lat="44.437389" lon="5.285479"><ele>424.6</ele></trkpt>
    <trkpt lat="44.437379" lon="5.285452"><ele>424.7</ele></trkpt>
    <trkpt lat="44.437372" lon="5.285422"><ele>425.0</ele></trkpt>
    <trkpt lat="44.437370" lon="5.285380"><ele>425.5</ele></trkpt>
    <trkpt lat="44.437373" lon="5.285305"><ele>426.6</ele></trkpt>
    <trkpt lat="44.437385" lon="5.285214"><ele>427.6</ele></trkpt>
    <trkpt lat="44.437403" lon="5.285113"><ele>428.5</ele></trkpt>
    <trkpt lat="44.437491" lon="5.284725"><ele>430.8</ele></trkpt>
    <trkpt lat="44.437579" lon="5.284302"><ele>435.3</ele></trkpt>
    <trkpt lat="44.437582" lon="5.284239"><ele>435.7</ele></trkpt>
    <trkpt lat="44.437577" lon="5.284159"><ele>435.8</ele></trkpt>
    <trkpt lat="44.437568" lon="5.284104"><ele>435.8</ele></trkpt>
    <trkpt lat="44.437566" lon="5.284051"><ele>436.1</ele></trkpt>
    <trkpt lat="44.437568" lon="5.283993"><ele>436.6</ele></trkpt>
    <trkpt lat="44.437576" lon="5.283953"><ele>437.0</ele></trkpt>
    <trkpt lat="44.437599" lon="5.283903"><ele>437.7</ele></trkpt>
    <trkpt lat="44.437621" lon="5.283888"><ele>438.2</ele></trkpt>
    <trkpt lat="44.437642" lon="5.283893"><ele>438.5</ele></trkpt>
    <trkpt lat="44.437660" lon="5.283905"><ele>438.9</ele></trkpt>
    <trkpt lat="44.437671" lon="5.283939"><ele>439.1</ele></trkpt>
    <trkpt lat="44.437673" lon="5.284014"><ele>439.2</ele></trkpt>
    <trkpt lat="44.437676" lon="5.284250"><ele>439.3</ele></trkpt>
    <trkpt lat="44.437673" lon="5.284549"><ele>439.3</ele></trkpt>
    <trkpt lat="44.437643" lon="5.284862"><ele>437.9</ele></trkpt>
    <trkpt lat="44.437625" lon="5.285027"><ele>436.7</ele></trkpt>
    <trkpt lat="44.437630" lon="5.285108"><ele>435.9</ele></trkpt>
    <trkpt lat="44.437650" lon="5.285150"><ele>435.9</ele></trkpt>
    <trkpt lat="44.437678" lon="5.285158"><ele>436.4</ele></trkpt>
    <trkpt lat="44.437725" lon="5.285155"><ele>437.5</ele></trkpt>
    <trkpt lat="44.437782" lon="5.285126"><ele>439.3</ele></trkpt>
    <trkpt lat="44.438057" lon="5.284953"><ele>444.2</ele></trkpt>
    <trkpt lat="44.438492" lon="5.284621"><ele>452.1</ele></trkpt>
    <trkpt lat="44.438751" lon="5.284410"><ele>456.7</ele></trkpt>
    <trkpt lat="44.438844" lon="5.284386"><ele>456.6</ele></trkpt>
    <trkpt lat="44.439016" lon="5.284342"><ele>456.3</ele></trkpt>
    <trkpt lat="44.439288" lon="5.284296"><ele>455.1</ele></trkpt>
    <trkpt lat="44.439357" lon="5.284269"><ele>455.0</ele></trkpt>
    <trkpt lat="44.439423" lon="5.284149"><ele>456.4</ele></trkpt>
    <trkpt lat="44.439440" lon="5.284088"><ele>456.9</ele></trkpt>
    <trkpt lat="44.439450" lon="5.284030"><ele>457.3</ele></trkpt>
    <trkpt lat="44.439456" lon="5.283965"><ele>457.8</ele></trkpt>
    <trkpt lat="44.439455" lon="5.283906"><ele>458.5</ele></trkpt>
    <trkpt lat="44.439446" lon="5.283828"><ele>459.2</ele></trkpt>
    <trkpt lat="44.439431" lon="5.283750"><ele>459.8</ele></trkpt>
    <trkpt lat="44.439401" lon="5.283486"><ele>461.7</ele></trkpt>
    <trkpt lat="44.439404" lon="5.283324"><ele>462.4</ele></trkpt>
    <trkpt lat="44.439440" lon="5.282984"><ele>463.7</ele></trkpt>
    <trkpt lat="44.439441" lon="5.282763"><ele>465.2</ele></trkpt>
    <trkpt lat="44.439419" lon="5.282624"><ele>467.0</ele></trkpt>
    <trkpt lat="44.439399" lon="5.282495"><ele>468.5</ele></trkpt>
    <trkpt lat="44.439370" lon="5.281840"><ele>472.8</ele></trkpt>
    <trkpt lat="44.439370" lon="5.281518"><ele>475.9</ele></trkpt>
    <trkpt lat="44.439389" lon="5.281259"><ele>478.4</ele></trkpt>
    <trkpt lat="44.439410" lon="5.281043"><ele>480.3</ele></trkpt>
    <trkpt lat="44.439401" lon="5.280922"><ele>481.7</ele></trkpt>
    <trkpt lat="44.439372" lon="5.280764"><ele>483.5</ele></trkpt>
    <trkpt lat="44.439241" lon="5.280297"><ele>487.9</ele></trkpt>
    <trkpt lat="44.439008" lon="5.279476"><ele>495.3</ele></trkpt>
    <trkpt lat="44.438966" lon="5.279245"><ele>498.1</ele></trkpt>
    <trkpt lat="44.438964" lon="5.279177"><ele>498.9</ele></trkpt>
    <trkpt lat="44.438975" lon="5.279110"><ele>500.2</ele></trkpt>
    <trkpt lat="44.439007" lon="5.279059"><ele>501.2</ele></trkpt>
    <trkpt lat="44.439091" lon="5.278983"><ele>502.5</ele></trkpt>
    <trkpt lat="44.439197" lon="5.278904"><ele>503.5</ele></trkpt>
    <trkpt lat="44.439306" lon="5.278754"><ele>504.9</ele></trkpt>
    <trkpt lat="44.439426" lon="5.278521"><ele>507.1</ele></trkpt>
    <trkpt lat="44.439486" lon="5.278306"><ele>508.7</ele></trkpt>
    <trkpt lat="44.439507" lon="5.278166"><ele>510.0</ele></trkpt>
    <trkpt lat="44.439494" lon="5.278083"><ele>511.2</ele></trkpt>
    <trkpt lat="44.439465" lon="5.278047"><ele>511.9</ele></trkpt>
    <trkpt lat="44.439438" lon="5.278033"><ele>512.3</ele></trkpt>
    <trkpt lat="44.439322" lon="5.277988"><ele>513.9</ele></trkpt>
    <trkpt lat="44.439117" lon="5.277937"><ele>516.1</ele></trkpt>
    <trkpt lat="44.438973" lon="5.277839"><ele>517.8</ele></trkpt>
    <trkpt lat="44.438544" lon="5.277372"><ele>519.2</ele></trkpt>
    <trkpt lat="44.438162" lon="5.276888"><ele>520.5</ele></trkpt>
    <trkpt lat="44.438136" lon="5.276820"><ele>521.5</ele></trkpt>
    <trkpt lat="44.438114" lon="5.276776"><ele>522.2</ele></trkpt>
    <trkpt lat="44.438071" lon="5.276753"><ele>521.8</ele></trkpt>
    <trkpt lat="44.437923" lon="5.276687"><ele>522.4</ele></trkpt>
    <trkpt lat="44.437885" lon="5.276679"><ele>522.4</ele></trkpt>
    <trkpt lat="44.437598" lon="5.276631"><ele>523.6</ele></trkpt>
    <trkpt lat="44.437529" lon="5.276637"><ele>523.7</ele></trkpt>
    <trkpt lat="44.437423" lon="5.276681"><ele>522.8</ele></trkpt>
    <trkpt lat="44.437208" lon="5.276744"><ele>521.9</ele></trkpt>
    <trkpt lat="44.436995" lon="5.276804"><ele>521.7</ele></trkpt>
    <trkpt lat="44.436900" lon="5.276803"><ele>522.1</ele></trkpt>
    <trkpt lat="44.436797" lon="5.276785"><ele>522.6</ele></trkpt>
    <trkpt lat="44.436683" lon="5.276726"><ele>523.4</ele></trkpt>
    <trkpt lat="44.436507" lon="5.276605"><ele>524.1</ele></trkpt>
    <trkpt lat="44.436347" lon="5.276493"><ele>523.7</ele></trkpt>
    <trkpt lat="44.436185" lon="5.276364"><ele>522.2</ele></trkpt>
    <trkpt lat="44.435988" lon="5.276218"><ele>520.7</ele></trkpt>
    <trkpt lat="44.435768" lon="5.276102"><ele>519.4</ele></trkpt>
    <trkpt lat="44.435496" lon="5.275911"><ele>518.6</ele></trkpt>
    <trkpt lat="44.435265" lon="5.275770"><ele>517.4</ele></trkpt>
    <trkpt lat="44.435145" lon="5.275619"><ele>517.6</ele></trkpt>
    <trkpt lat="44.435019" lon="5.275549"><ele>517.1</ele></trkpt>
    <trkpt lat="44.434948" lon="5.275534"><ele>516.4</ele></trkpt>
    <trkpt lat="44.434849" lon="5.275409"><ele>514.6</ele></trkpt>
    <trkpt lat="44.434724" lon="5.275118"><ele>510.1</ele></trkpt>
    <trkpt lat="44.434512" lon="5.274598"><ele>497.6</ele></trkpt>
    <trkpt lat="44.434420" lon="5.274491"><ele>494.2</ele></trkpt>
    <trkpt lat="44.434330" lon="5.274419"><ele>491.2</ele></trkpt>
    <trkpt lat="44.434278" lon="5.274391"><ele>489.8</ele></trkpt>
    <trkpt lat="44.434215" lon="5.274376"><ele>488.8</ele></trkpt>
    <trkpt lat="44.434164" lon="5.274385"><ele>488.8</ele></trkpt>
    <trkpt lat="44.434076" lon="5.274404"><ele>488.5</ele></trkpt>
    <trkpt lat="44.434030" lon="5.274385"><ele>487.3</ele></trkpt>
    <trkpt lat="44.434017" lon="5.274376"><ele>486.8</ele></trkpt>
    <trkpt lat="44.434017" lon="5.274367"><ele>486.4</ele></trkpt>
    <trkpt lat="44.434021" lon="5.274338"><ele>485.4</ele></trkpt>
    <trkpt lat="44.434030" lon="5.274314"><ele>484.6</ele></trkpt>
    <trkpt lat="44.434269" lon="5.274041"><ele>477.0</ele></trkpt>
    <trkpt lat="44.434313" lon="5.274001"><ele>475.9</ele></trkpt>
    <trkpt lat="44.434342" lon="5.273993"><ele>475.8</ele></trkpt>
    <trkpt lat="44.434354" lon="5.273984"><ele>475.5</ele></trkpt>
    <trkpt lat="44.434354" lon="5.273957"><ele>474.6</ele></trkpt>
    <trkpt lat="44.434345" lon="5.273935"><ele>473.8</ele></trkpt>
    <trkpt lat="44.434282" lon="5.273876"><ele>471.5</ele></trkpt>
    <trkpt lat="44.434262" lon="5.273859"><ele>470.9</ele></trkpt>
    <trkpt lat="44.434245" lon="5.273848"><ele>470.5</ele></trkpt>
    <trkpt lat="44.434206" lon="5.273830"><ele>469.6</ele></trkpt>
    <trkpt lat="44.434074" lon="5.273817"><ele>467.3</ele></trkpt>
    <trkpt lat="44.434007" lon="5.273812"><ele>465.9</ele></trkpt>
    <trkpt lat="44.433872" lon="5.273791"><ele>462.8</ele></trkpt>
    <trkpt lat="44.433799" lon="5.273778"><ele>460.9</ele></trkpt>
    <trkpt lat="44.433759" lon="5.273656"><ele>456.5</ele></trkpt>
    <trkpt lat="44.433718" lon="5.273659"><ele>455.7</ele></trkpt>
    <trkpt lat="44.433334" lon="5.273683"><ele>449.3</ele></trkpt>
    <trkpt lat="44.433320" lon="5.273554"><ele>448.3</ele></trkpt>
    <trkpt lat="44.432870" lon="5.273691"><ele>446.2</ele></trkpt>
    <trkpt lat="44.432542" lon="5.273713"><ele>449.6</ele></trkpt>
    <trkpt lat="44.432102" lon="5.273895"><ele>459.2</ele></trkpt>
    <trkpt lat="44.431703" lon="5.274118"><ele>471.0</ele></trkpt>
    <trkpt lat="44.431383" lon="5.274393"><ele>476.7</ele></trkpt>
    <trkpt lat="44.431113" lon="5.274587"><ele>476.4</ele></trkpt>
    <trkpt lat="44.430982" lon="5.274838"><ele>470.8</ele></trkpt>
    <trkpt lat="44.430913" lon="5.274937"><ele>469.4</ele></trkpt>
    <trkpt lat="44.430893" lon="5.274805"><ele>468.5</ele></trkpt>
    <trkpt lat="44.430907" lon="5.274690"><ele>468.4</ele></trkpt>
    <trkpt lat="44.430928" lon="5.274527"><ele>468.3</ele></trkpt>
    <trkpt lat="44.430950" lon="5.274285"><ele>469.7</ele></trkpt>
    <trkpt lat="44.430903" lon="5.274055"><ele>468.8</ele></trkpt>
    <trkpt lat="44.430861" lon="5.274010"><ele>466.7</ele></trkpt>
    <trkpt lat="44.430821" lon="5.274034"><ele>464.9</ele></trkpt>
    <trkpt lat="44.430801" lon="5.274075"><ele>464.5</ele></trkpt>
    <trkpt lat="44.430778" lon="5.274146"><ele>463.8</ele></trkpt>
    <trkpt lat="44.430689" lon="5.274254"><ele>462.5</ele></trkpt>
    <trkpt lat="44.430608" lon="5.274294"><ele>461.5</ele></trkpt>
    <trkpt lat="44.430532" lon="5.274316"><ele>460.8</ele></trkpt>
    <trkpt lat="44.430549" lon="5.274167"><ele>462.1</ele></trkpt>
    <trkpt lat="44.430548" lon="5.274117"><ele>462.9</ele></trkpt>
    <trkpt lat="44.430531" lon="5.274083"><ele>463.7</ele></trkpt>
    <trkpt lat="44.430487" lon="5.274026"><ele>465.5</ele></trkpt>
    <trkpt lat="44.430320" lon="5.273950"><ele>470.7</ele></trkpt>
    <trkpt lat="44.430167" lon="5.273918"><ele>475.6</ele></trkpt>
    <trkpt lat="44.430035" lon="5.273909"><ele>479.6</ele></trkpt>
    <trkpt lat="44.429838" lon="5.273847"><ele>484.4</ele></trkpt>
    <trkpt lat="44.429717" lon="5.273760"><ele>486.9</ele></trkpt>
    <trkpt lat="44.429483" lon="5.273375"><ele>495.8</ele></trkpt>
    <trkpt lat="44.429327" lon="5.273076"><ele>502.5</ele></trkpt>
    <trkpt lat="44.429241" lon="5.272870"><ele>508.2</ele></trkpt>
    <trkpt lat="44.429212" lon="5.272744"><ele>510.0</ele></trkpt>
    <trkpt lat="44.429175" lon="5.272520"><ele>512.4</ele></trkpt>
    <trkpt lat="44.429184" lon="5.271891"><ele>519.2</ele></trkpt>
    <trkpt lat="44.429202" lon="5.271315"><ele>530.2</ele></trkpt>
    <trkpt lat="44.429203" lon="5.271207"><ele>531.7</ele></trkpt>
    <trkpt lat="44.429194" lon="5.271178"><ele>532.6</ele></trkpt>
    <trkpt lat="44.429164" lon="5.271144"><ele>534.7</ele></trkpt>
    <trkpt lat="44.429093" lon="5.271139"><ele>538.0</ele></trkpt>
    <trkpt lat="44.428730" lon="5.271368"><ele>550.2</ele></trkpt>
    <trkpt lat="44.428635" lon="5.271422"><ele>553.6</ele></trkpt>
    <trkpt lat="44.428503" lon="5.271546"><ele>558.2</ele></trkpt>
    <trkpt lat="44.428439" lon="5.271682"><ele>560.0</ele></trkpt>
    <trkpt lat="44.428309" lon="5.271979"><ele>565.3</ele></trkpt>
    <trkpt lat="44.428222" lon="5.272164"><ele>570.0</ele></trkpt>
    <trkpt lat="44.428017" lon="5.272455"><ele>580.4</ele></trkpt>
    <trkpt lat="44.427817" lon="5.272775"><ele>590.3</ele></trkpt>
    <trkpt lat="44.427784" lon="5.272859"><ele>592.0</ele></trkpt>
    <trkpt lat="44.427804" lon="5.272977"><ele>591.6</ele></trkpt>
    <trkpt lat="44.427786" lon="5.273108"><ele>592.7</ele></trkpt>
    <trkpt lat="44.427745" lon="5.273168"><ele>594.1</ele></trkpt>
    <trkpt lat="44.427613" lon="5.273276"><ele>598.8</ele></trkpt>
    <trkpt lat="44.427468" lon="5.273442"><ele>604.1</ele></trkpt>
    <trkpt lat="44.427355" lon="5.273580"><ele>607.8</ele></trkpt>
    <trkpt lat="44.427335" lon="5.273578"><ele>608.4</ele></trkpt>
    <trkpt lat="44.427294" lon="5.273499"><ele>610.0</ele></trkpt>
    <trkpt lat="44.427234" lon="5.273350"><ele>612.5</ele></trkpt>
    <trkpt lat="44.427129" lon="5.273210"><ele>614.3</ele></trkpt>
    <trkpt lat="44.427066" lon="5.273165"><ele>615.5</ele></trkpt>
    <trkpt lat="44.427029" lon="5.273173"><ele>616.4</ele></trkpt>
    <trkpt lat="44.426915" lon="5.273119"><ele>618.8</ele></trkpt>
    <trkpt lat="44.426709" lon="5.272891"><ele>622.3</ele></trkpt>
    <trkpt lat="44.426679" lon="5.272844"><ele>622.8</ele></trkpt>
    <trkpt lat="44.426664" lon="5.272803"><ele>623.0</ele></trkpt>
    <trkpt lat="44.426659" lon="5.272741"><ele>622.9</ele></trkpt>
    <trkpt lat="44.426680" lon="5.272477"><ele>622.9</ele></trkpt>
    <trkpt lat="44.426666" lon="5.272406"><ele>623.3</ele></trkpt>
    <trkpt lat="44.426552" lon="5.272127"><ele>623.4</ele></trkpt>
    <trkpt lat="44.426490" lon="5.272119"><ele>622.8</ele></trkpt>
    <trkpt lat="44.426467" lon="5.272148"><ele>622.4</ele></trkpt>
    <trkpt lat="44.426443" lon="5.272211"><ele>621.7</ele></trkpt>
    <trkpt lat="44.426424" lon="5.272292"><ele>621.1</ele></trkpt>
    <trkpt lat="44.426381" lon="5.272616"><ele>619.3</ele></trkpt>
    <trkpt lat="44.426343" lon="5.272821"><ele>617.5</ele></trkpt>
    <trkpt lat="44.426325" lon="5.272862"><ele>616.9</ele></trkpt>
    <trkpt lat="44.426304" lon="5.272875"><ele>616.2</ele></trkpt>
    <trkpt lat="44.426287" lon="5.272833"><ele>615.5</ele></trkpt>
    <trkpt lat="44.426281" lon="5.272776"><ele>615.1</ele></trkpt>
    <trkpt lat="44.426272" lon="5.272729"><ele>614.9</ele></trkpt>
    <trkpt lat="44.426251" lon="5.272658"><ele>614.3</ele></trkpt>
    <trkpt lat="44.426132" lon="5.272366"><ele>610.3</ele></trkpt>
    <trkpt lat="44.425964" lon="5.272055"><ele>604.7</ele></trkpt>
    <trkpt lat="44.425787" lon="5.271794"><ele>600.9</ele></trkpt>
    <trkpt lat="44.425650" lon="5.271595"><ele>599.8</ele></trkpt>
    <trkpt lat="44.425575" lon="5.271570"><ele>597.6</ele></trkpt>
    <trkpt lat="44.425459" lon="5.271612"><ele>595.6</ele></trkpt>
    <trkpt lat="44.425366" lon="5.271732"><ele>593.3</ele></trkpt>
    <trkpt lat="44.425331" lon="5.271875"><ele>590.5</ele></trkpt>
    <trkpt lat="44.425314" lon="5.272080"><ele>586.2</ele></trkpt>
    <trkpt lat="44.425284" lon="5.272261"><ele>582.1</ele></trkpt>
    <trkpt lat="44.425258" lon="5.272377"><ele>579.1</ele></trkpt>
    <trkpt lat="44.425194" lon="5.272490"><ele>576.0</ele></trkpt>
    <trkpt lat="44.425119" lon="5.272554"><ele>573.5</ele></trkpt>
    <trkpt lat="44.425074" lon="5.272554"><ele>573.2</ele></trkpt>
    <trkpt lat="44.425022" lon="5.272549"><ele>573.0</ele></trkpt>
    <trkpt lat="44.424703" lon="5.272533"><ele>568.5</ele></trkpt>
    <trkpt lat="44.424608" lon="5.272581"><ele>565.8</ele></trkpt>
    <trkpt lat="44.424365" lon="5.272640"><ele>561.1</ele></trkpt>
    <trkpt lat="44.423946" lon="5.272666"><ele>550.6</ele></trkpt>
    <trkpt lat="44.423806" lon="5.272483"><ele>556.0</ele></trkpt>
    <trkpt lat="44.423758" lon="5.272427"><ele>556.7</ele></trkpt>
    <trkpt lat="44.423646" lon="5.272379"><ele>553.5</ele></trkpt>
    <trkpt lat="44.423513" lon="5.272343"><ele>548.6</ele></trkpt>
    <trkpt lat="44.423307" lon="5.272304"><ele>540.4</ele></trkpt>
    <trkpt lat="44.423276" lon="5.272305"><ele>539.2</ele></trkpt>
    <trkpt lat="44.423277" lon="5.272321"><ele>538.5</ele></trkpt>
    <trkpt lat="44.423294" lon="5.272362"><ele>537.4</ele></trkpt>
    <trkpt lat="44.423488" lon="5.272567"><ele>536.8</ele></trkpt>
    <trkpt lat="44.423644" lon="5.272741"><ele>534.3</ele></trkpt>
    <trkpt lat="44.423656" lon="5.272766"><ele>533.4</ele></trkpt>
    <trkpt lat="44.423652" lon="5.272791"><ele>531.9</ele></trkpt>
    <trkpt lat="44.423596" lon="5.272787"><ele>529.9</ele></trkpt>
    <trkpt lat="44.423292" lon="5.272712"><ele>521.4</ele></trkpt>
    <trkpt lat="44.423207" lon="5.272677"><ele>519.7</ele></trkpt>
    <trkpt lat="44.423149" lon="5.272628"><ele>519.7</ele></trkpt>
    <trkpt lat="44.423084" lon="5.272601"><ele>518.4</ele></trkpt>
    <trkpt lat="44.422730" lon="5.272478"><ele>508.4</ele></trkpt>
    <trkpt lat="44.422673" lon="5.272449"><ele>506.7</ele></trkpt>
  </trkseg></trk></gpx>