<?xml version="1.0" encoding="UTF-8"?>
<gpx version="1.1" creator="Chemins Noirs"
  xmlns="http://www.topografix.com/GPX/1/1"
  xmlns:xsi="http://www.w3.org/2001/XMLSchema-instance"
  xsi:schemaLocation="http://www.topografix.com/GPX/1/1 http://www.topografix.com/GPX/1/1/gpx.xsd">
<metadata><name>J4 — Rémuzat — Vautours et Rocher du Caire</name>
<desc>Boucle depuis Rémuzat. Falaises des vautours fauves, Rocher du Caire, belvédère. Balisage PR + GRP. — 19.3 km, +1224m</desc></metadata>
<wpt lat="44.442588" lon="5.346810"><ele>798</ele>
  <name>🅿️ Parking centre, Rémuzat</name><sym>Parking Area</sym></wpt>
<trk><name>J4 — Rémuzat — Vautours et Rocher du Caire</name>
  <desc>Boucle depuis Rémuzat. Falaises des vautours fauves, Rocher du Caire, belvédère. Balisage PR + GRP.</desc><trkseg>
    <trkpt lat="44.442588" lon="5.346810"><ele>798.3</ele></trkpt>
    <trkpt lat="44.442585" lon="5.346879"><ele>798.0</ele></trkpt>
    <trkpt lat="44.442564" lon="5.347224"><ele>795.3</ele></trkpt>
    <trkpt lat="44.442556" lon="5.347290"><ele>793.9</ele></trkpt>
    <trkpt lat="44.442539" lon="5.347317"><ele>793.6</ele></trkpt>
    <trkpt lat="44.442469" lon="5.347402"><ele>791.9</ele></trkpt>
    <trkpt lat="44.442364" lon="5.347485"><ele>789.5</ele></trkpt>
    <trkpt lat="44.442078" lon="5.347644"><ele>781.5</ele></trkpt>
    <trkpt lat="44.441975" lon="5.347675"><ele>779.1</ele></trkpt>
    <trkpt lat="44.441701" lon="5.347744"><ele>772.8</ele></trkpt>
    <trkpt lat="44.441414" lon="5.347976"><ele>762.2</ele></trkpt>
    <trkpt lat="44.441316" lon="5.348068"><ele>759.4</ele></trkpt>
    <trkpt lat="44.441223" lon="5.348181"><ele>757.0</ele></trkpt>
    <trkpt lat="44.441149" lon="5.348284"><ele>754.9</ele></trkpt>
    <trkpt lat="44.441031" lon="5.348499"><ele>750.2</ele></trkpt>
    <trkpt lat="44.440915" lon="5.348762"><ele>745.1</ele></trkpt>
    <trkpt lat="44.440814" lon="5.349002"><ele>740.5</ele></trkpt>
    <trkpt lat="44.440713" lon="5.349181"><ele>737.9</ele></trkpt>
    <trkpt lat="44.440621" lon="5.349339"><ele>736.2</ele></trkpt>
    <trkpt lat="44.440578" lon="5.349391"><ele>735.8</ele></trkpt>
    <trkpt lat="44.440478" lon="5.349512"><ele>734.6</ele></trkpt>
    <trkpt lat="44.440189" lon="5.349809"><ele>731.7</ele></trkpt>
    <trkpt lat="44.440068" lon="5.349922"><ele>729.6</ele></trkpt>
    <trkpt lat="44.439957" lon="5.350026"><ele>727.6</ele></trkpt>
    <trkpt lat="44.439654" lon="5.350358"><ele>721.8</ele></trkpt>
    <trkpt lat="44.439541" lon="5.350497"><ele>719.5</ele></trkpt>
    <trkpt lat="44.439414" lon="5.350634"><ele>716.8</ele></trkpt>
    <trkpt lat="44.439296" lon="5.350718"><ele>714.0</ele></trkpt>
    <trkpt lat="44.439098" lon="5.350798"><ele>709.7</ele></trkpt>
    <trkpt lat="44.439030" lon="5.350854"><ele>707.7</ele></trkpt>
    <trkpt lat="44.438624" lon="5.351143"><ele>697.6</ele></trkpt>
    <trkpt lat="44.438332" lon="5.351348"><ele>693.6</ele></trkpt>
    <trkpt lat="44.437926" lon="5.351626"><ele>687.7</ele></trkpt>
    <trkpt lat="44.437849" lon="5.351666"><ele>687.0</ele></trkpt>
    <trkpt lat="44.437770" lon="5.351700"><ele>686.4</ele></trkpt>
    <trkpt lat="44.437690" lon="5.351710"><ele>686.2</ele></trkpt>
    <trkpt lat="44.437516" lon="5.351709"><ele>686.2</ele></trkpt>
    <trkpt lat="44.437417" lon="5.351707"><ele>686.4</ele></trkpt>
    <trkpt lat="44.437284" lon="5.351727"><ele>686.3</ele></trkpt>
    <trkpt lat="44.437226" lon="5.351746"><ele>686.1</ele></trkpt>
    <trkpt lat="44.437183" lon="5.351771"><ele>685.9</ele></trkpt>
    <trkpt lat="44.437123" lon="5.351835"><ele>685.4</ele></trkpt>
    <trkpt lat="44.436692" lon="5.352438"><ele>678.4</ele></trkpt>
    <trkpt lat="44.436565" lon="5.352649"><ele>674.7</ele></trkpt>
    <trkpt lat="44.436487" lon="5.352803"><ele>672.7</ele></trkpt>
    <trkpt lat="44.436423" lon="5.352885"><ele>671.4</ele></trkpt>
    <trkpt lat="44.436360" lon="5.352941"><ele>670.4</ele></trkpt>
    <trkpt lat="44.436251" lon="5.352983"><ele>669.5</ele></trkpt>
    <trkpt lat="44.436064" lon="5.353016"><ele>669.2</ele></trkpt>
    <trkpt lat="44.436003" lon="5.353021"><ele>669.2</ele></trkpt>
    <trkpt lat="44.435790" lon="5.353039"><ele>668.2</ele></trkpt>
    <trkpt lat="44.435748" lon="5.353028"><ele>667.5</ele></trkpt>
    <trkpt lat="44.435708" lon="5.353009"><ele>666.9</ele></trkpt>
    <trkpt lat="44.435650" lon="5.352959"><ele>666.2</ele></trkpt>
    <trkpt lat="44.435588" lon="5.352887"><ele>665.7</ele></trkpt>
    <trkpt lat="44.435566" lon="5.352861"><ele>665.5</ele></trkpt>
    <trkpt lat="44.435515" lon="5.352802"><ele>665.1</ele></trkpt>
    <trkpt lat="44.435476" lon="5.352758"><ele>664.7</ele></trkpt>
    <trkpt lat="44.435440" lon="5.352729"><ele>664.3</ele></trkpt>
    <trkpt lat="44.435393" lon="5.352702"><ele>663.6</ele></trkpt>
    <trkpt lat="44.435316" lon="5.352682"><ele>662.4</ele></trkpt>
    <trkpt lat="44.435203" lon="5.352678"><ele>660.7</ele></trkpt>
    <trkpt lat="44.434993" lon="5.352689"><ele>657.5</ele></trkpt>
    <trkpt lat="44.434911" lon="5.352708"><ele>656.3</ele></trkpt>
    <trkpt lat="44.434864" lon="5.352751"><ele>655.0</ele></trkpt>
    <trkpt lat="44.434848" lon="5.352805"><ele>653.9</ele></trkpt>
    <trkpt lat="44.434847" lon="5.352862"><ele>653.0</ele></trkpt>
    <trkpt lat="44.434870" lon="5.352919"><ele>652.3</ele></trkpt>
    <trkpt lat="44.434907" lon="5.352972"><ele>651.7</ele></trkpt>
    <trkpt lat="44.434833" lon="5.353067"><ele>649.6</ele></trkpt>
    <trkpt lat="44.434569" lon="5.353384"><ele>644.5</ele></trkpt>
    <trkpt lat="44.434549" lon="5.353392"><ele>644.4</ele></trkpt>
    <trkpt lat="44.434533" lon="5.353394"><ele>644.3</ele></trkpt>
    <trkpt lat="44.434496" lon="5.353392"><ele>644.4</ele></trkpt>
    <trkpt lat="44.434469" lon="5.353377"><ele>644.5</ele></trkpt>
    <trkpt lat="44.434444" lon="5.353341"><ele>644.9</ele></trkpt>
    <trkpt lat="44.434437" lon="5.353314"><ele>645.1</ele></trkpt>
    <trkpt lat="44.434319" lon="5.353208"><ele>645.0</ele></trkpt>
    <trkpt lat="44.434148" lon="5.353155"><ele>644.1</ele></trkpt>
    <trkpt lat="44.434039" lon="5.353200"><ele>642.8</ele></trkpt>
    <trkpt lat="44.433887" lon="5.353097"><ele>641.8</ele></trkpt>
    <trkpt lat="44.433860" lon="5.353028"><ele>642.1</ele></trkpt>
    <trkpt lat="44.433836" lon="5.352862"><ele>643.6</ele></trkpt>
    <trkpt lat="44.433816" lon="5.352619"><ele>646.1</ele></trkpt>
    <trkpt lat="44.433806" lon="5.352575"><ele>646.5</ele></trkpt>
    <trkpt lat="44.433772" lon="5.352509"><ele>647.0</ele></trkpt>
    <trkpt lat="44.433722" lon="5.352419"><ele>648.5</ele></trkpt>
    <trkpt lat="44.433674" lon="5.352359"><ele>649.5</ele></trkpt>
    <trkpt lat="44.433574" lon="5.352324"><ele>649.7</ele></trkpt>
    <trkpt lat="44.433462" lon="5.352374"><ele>648.5</ele></trkpt>
    <trkpt lat="44.433376" lon="5.352211"><ele>651.4</ele></trkpt>
    <trkpt lat="44.433313" lon="5.352087"><ele>654.0</ele></trkpt>
    <trkpt lat="44.433285" lon="5.352043"><ele>655.0</ele></trkpt>
    <trkpt lat="44.432955" lon="5.351800"><ele>660.4</ele></trkpt>
    <trkpt lat="44.432835" lon="5.351741"><ele>660.2</ele></trkpt>
    <trkpt lat="44.432741" lon="5.351724"><ele>659.2</ele></trkpt>
    <trkpt lat="44.432313" lon="5.351676"><ele>654.8</ele></trkpt>
    <trkpt lat="44.432166" lon="5.351680"><ele>653.1</ele></trkpt>
    <trkpt lat="44.432149" lon="5.351715"><ele>652.0</ele></trkpt>
    <trkpt lat="44.432017" lon="5.351951"><ele>644.7</ele></trkpt>
    <trkpt lat="44.431713" lon="5.352104"><ele>639.6</ele></trkpt>
    <trkpt lat="44.431487" lon="5.352190"><ele>635.7</ele></trkpt>
    <trkpt lat="44.431434" lon="5.352205"><ele>634.8</ele></trkpt>
    <trkpt lat="44.431149" lon="5.352260"><ele>633.6</ele></trkpt>
    <trkpt lat="44.431083" lon="5.352255"><ele>634.0</ele></trkpt>
    <trkpt lat="44.431021" lon="5.352233"><ele>635.2</ele></trkpt>
    <trkpt lat="44.430955" lon="5.352193"><ele>636.8</ele></trkpt>
    <trkpt lat="44.430884" lon="5.352112"><ele>639.3</ele></trkpt>
    <trkpt lat="44.430807" lon="5.352025"><ele>641.6</ele></trkpt>
    <trkpt lat="44.430770" lon="5.352012"><ele>642.0</ele></trkpt>
    <trkpt lat="44.430716" lon="5.352023"><ele>641.9</ele></trkpt>
    <trkpt lat="44.430652" lon="5.352074"><ele>641.0</ele></trkpt>
    <trkpt lat="44.430599" lon="5.352095"><ele>640.7</ele></trkpt>
    <trkpt lat="44.430515" lon="5.352021"><ele>641.9</ele></trkpt>
    <trkpt lat="44.430377" lon="5.351860"><ele>644.4</ele></trkpt>
    <trkpt lat="44.430286" lon="5.351742"><ele>646.9</ele></trkpt>
    <trkpt lat="44.430234" lon="5.351685"><ele>647.8</ele></trkpt>
    <trkpt lat="44.430170" lon="5.351626"><ele>649.0</ele></trkpt>
    <trkpt lat="44.430088" lon="5.351570"><ele>650.2</ele></trkpt>
    <trkpt lat="44.429999" lon="5.351531"><ele>650.9</ele></trkpt>
    <trkpt lat="44.429870" lon="5.351485"><ele>651.9</ele></trkpt>
    <trkpt lat="44.429750" lon="5.351455"><ele>652.3</ele></trkpt>
    <trkpt lat="44.429637" lon="5.351443"><ele>652.5</ele></trkpt>
    <trkpt lat="44.429512" lon="5.351438"><ele>652.4</ele></trkpt>
    <trkpt lat="44.429392" lon="5.351402"><ele>653.5</ele></trkpt>
    <trkpt lat="44.429254" lon="5.351335"><ele>656.0</ele></trkpt>
    <trkpt lat="44.429198" lon="5.351297"><ele>657.3</ele></trkpt>
    <trkpt lat="44.429139" lon="5.351274"><ele>658.1</ele></trkpt>
    <trkpt lat="44.429086" lon="5.351268"><ele>658.4</ele></trkpt>
    <trkpt lat="44.429043" lon="5.351264"><ele>658.5</ele></trkpt>
    <trkpt lat="44.428977" lon="5.351266"><ele>658.4</ele></trkpt>
    <trkpt lat="44.428834" lon="5.351304"><ele>657.3</ele></trkpt>
    <trkpt lat="44.428768" lon="5.351318"><ele>657.1</ele></trkpt>
    <trkpt lat="44.428737" lon="5.351323"><ele>657.0</ele></trkpt>
    <trkpt lat="44.428611" lon="5.351256"><ele>660.3</ele></trkpt>
    <trkpt lat="44.428396" lon="5.351192"><ele>664.9</ele></trkpt>
    <trkpt lat="44.428190" lon="5.351265"><ele>663.6</ele></trkpt>
    <trkpt lat="44.427771" lon="5.351363"><ele>664.4</ele></trkpt>
    <trkpt lat="44.427632" lon="5.351377"><ele>666.7</ele></trkpt>
    <trkpt lat="44.427351" lon="5.351390"><ele>672.2</ele></trkpt>
    <trkpt lat="44.427087" lon="5.351406"><ele>676.6</ele></trkpt>
    <trkpt lat="44.426947" lon="5.351467"><ele>675.7</ele></trkpt>
    <trkpt lat="44.426846" lon="5.351502"><ele>675.7</ele></trkpt>
    <trkpt lat="44.426684" lon="5.351518"><ele>677.7</ele></trkpt>
    <trkpt lat="44.426639" lon="5.351528"><ele>678.6</ele></trkpt>
    <trkpt lat="44.426601" lon="5.351547"><ele>679.1</ele></trkpt>
    <trkpt lat="44.426557" lon="5.351574"><ele>679.3</ele></trkpt>
    <trkpt lat="44.426371" lon="5.351772"><ele>677.4</ele></trkpt>
    <trkpt lat="44.426167" lon="5.351998"><ele>678.9</ele></trkpt>
    <trkpt lat="44.426126" lon="5.352029"><ele>679.8</ele></trkpt>
    <trkpt lat="44.425983" lon="5.352106"><ele>682.0</ele></trkpt>
    <trkpt lat="44.425835" lon="5.352171"><ele>684.8</ele></trkpt>
    <trkpt lat="44.425762" lon="5.352196"><ele>684.5</ele></trkpt>
    <trkpt lat="44.425461" lon="5.352298"><ele>681.7</ele></trkpt>
    <trkpt lat="44.425234" lon="5.352380"><ele>677.0</ele></trkpt>
    <trkpt lat="44.425169" lon="5.352429"><ele>674.2</ele></trkpt>
    <trkpt lat="44.425107" lon="5.352483"><ele>671.4</ele></trkpt>
    <trkpt lat="44.425035" lon="5.352554"><ele>668.2</ele></trkpt>
    <trkpt lat="44.424976" lon="5.352629"><ele>665.4</ele></trkpt>
    <trkpt lat="44.424931" lon="5.352681"><ele>663.4</ele></trkpt>
    <trkpt lat="44.424876" lon="5.352707"><ele>661.9</ele></trkpt>
    <trkpt lat="44.424824" lon="5.352705"><ele>661.1</ele></trkpt>
    <trkpt lat="44.424729" lon="5.352681"><ele>660.2</ele></trkpt>
    <trkpt lat="44.424628" lon="5.352651"><ele>658.7</ele></trkpt>
    <trkpt lat="44.424529" lon="5.352619"><ele>657.3</ele></trkpt>
    <trkpt lat="44.424221" lon="5.352543"><ele>653.0</ele></trkpt>
    <trkpt lat="44.424160" lon="5.352527"><ele>652.3</ele></trkpt>
    <trkpt lat="44.424026" lon="5.352468"><ele>650.8</ele></trkpt>
    <trkpt lat="44.423927" lon="5.352410"><ele>650.6</ele></trkpt>
    <trkpt lat="44.423849" lon="5.352337"><ele>651.4</ele></trkpt>
    <trkpt lat="44.423797" lon="5.352275"><ele>652.2</ele></trkpt>
    <trkpt lat="44.423720" lon="5.352208"><ele>652.7</ele></trkpt>
    <trkpt lat="44.423663" lon="5.352166"><ele>652.5</ele></trkpt>
    <trkpt lat="44.423576" lon="5.352115"><ele>652.2</ele></trkpt>
    <trkpt lat="44.423471" lon="5.352082"><ele>651.5</ele></trkpt>
    <trkpt lat="44.423422" lon="5.352085"><ele>650.7</ele></trkpt>
    <trkpt lat="44.423384" lon="5.352099"><ele>649.8</ele></trkpt>
    <trkpt lat="44.423292" lon="5.352156"><ele>647.7</ele></trkpt>
    <trkpt lat="44.423138" lon="5.352195"><ele>646.8</ele></trkpt>
    <trkpt lat="44.423049" lon="5.352200"><ele>646.7</ele></trkpt>
    <trkpt lat="44.423006" lon="5.352202"><ele>646.8</ele></trkpt>
    <trkpt lat="44.422647" lon="5.352213"><ele>647.7</ele></trkpt>
    <trkpt lat="44.422547" lon="5.352204"><ele>648.4</ele></trkpt>
    <trkpt lat="44.422448" lon="5.352187"><ele>648.8</ele></trkpt>
    <trkpt lat="44.422363" lon="5.352175"><ele>648.7</ele></trkpt>
    <trkpt lat="44.422215" lon="5.352175"><ele>648.0</ele></trkpt>
    <trkpt lat="44.422182" lon="5.352181"><ele>647.6</ele></trkpt>
    <trkpt lat="44.422053" lon="5.352260"><ele>644.8</ele></trkpt>
    <trkpt lat="44.421836" lon="5.352381"><ele>639.4</ele></trkpt>
    <trkpt lat="44.421608" lon="5.352464"><ele>634.5</ele></trkpt>
    <trkpt lat="44.421387" lon="5.352482"><ele>632.5</ele></trkpt>
    <trkpt lat="44.421140" lon="5.352564"><ele>629.6</ele></trkpt>
    <trkpt lat="44.420888" lon="5.352530"><ele>626.8</ele></trkpt>
    <trkpt lat="44.420810" lon="5.352487"><ele>627.0</ele></trkpt>
    <trkpt lat="44.420768" lon="5.352472"><ele>626.7</ele></trkpt>
    <trkpt lat="44.420618" lon="5.352435"><ele>625.2</ele></trkpt>
    <trkpt lat="44.420588" lon="5.352432"><ele>624.8</ele></trkpt>
    <trkpt lat="44.420478" lon="5.352431"><ele>622.8</ele></trkpt>
    <trkpt lat="44.420431" lon="5.352434"><ele>621.9</ele></trkpt>
    <trkpt lat="44.420406" lon="5.352454"><ele>620.8</ele></trkpt>
    <trkpt lat="44.420377" lon="5.352468"><ele>619.8</ele></trkpt>
    <trkpt lat="44.420348" lon="5.352474"><ele>619.1</ele></trkpt>
    <trkpt lat="44.420286" lon="5.352473"><ele>618.0</ele></trkpt>
    <trkpt lat="44.420133" lon="5.352438"><ele>617.0</ele></trkpt>
    <trkpt lat="44.419924" lon="5.352374"><ele>617.1</ele></trkpt>
    <trkpt lat="44.419879" lon="5.352356"><ele>617.5</ele></trkpt>
    <trkpt lat="44.419775" lon="5.352329"><ele>618.0</ele></trkpt>
    <trkpt lat="44.419472" lon="5.352278"><ele>620.7</ele></trkpt>
    <trkpt lat="44.419217" lon="5.352240"><ele>620.1</ele></trkpt>
    <trkpt lat="44.419173" lon="5.352240"><ele>619.7</ele></trkpt>
    <trkpt lat="44.419123" lon="5.352241"><ele>618.8</ele></trkpt>
    <trkpt lat="44.419078" lon="5.352263"><ele>617.6</ele></trkpt>
    <trkpt lat="44.418992" lon="5.352329"><ele>614.8</ele></trkpt>
    <trkpt lat="44.418838" lon="5.352448"><ele>609.5</ele></trkpt>
    <trkpt lat="44.418739" lon="5.352600"><ele>603.5</ele></trkpt>
    <trkpt lat="44.418729" lon="5.352636"><ele>602.5</ele></trkpt>
    <trkpt lat="44.418729" lon="5.352710"><ele>600.9</ele></trkpt>
    <trkpt lat="44.418723" lon="5.352796"><ele>598.8</ele></trkpt>
    <trkpt lat="44.418714" lon="5.352920"><ele>595.5</ele></trkpt>
    <trkpt lat="44.418695" lon="5.352959"><ele>594.1</ele></trkpt>
    <trkpt lat="44.418639" lon="5.353012"><ele>591.6</ele></trkpt>
    <trkpt lat="44.418574" lon="5.353068"><ele>588.3</ele></trkpt>
    <trkpt lat="44.418481" lon="5.353145"><ele>582.9</ele></trkpt>
    <trkpt lat="44.418374" lon="5.353210"><ele>577.9</ele></trkpt>
    <trkpt lat="44.418328" lon="5.353191"><ele>576.9</ele></trkpt>
    <trkpt lat="44.418286" lon="5.353131"><ele>576.5</ele></trkpt>
    <trkpt lat="44.418241" lon="5.353074"><ele>576.2</ele></trkpt>
    <trkpt lat="44.418108" lon="5.352959"><ele>574.0</ele></trkpt>
    <trkpt lat="44.418060" lon="5.352922"><ele>573.0</ele></trkpt>
    <trkpt lat="44.417847" lon="5.352788"><ele>569.7</ele></trkpt>
    <trkpt lat="44.417795" lon="5.352784"><ele>568.3</ele></trkpt>
    <trkpt lat="44.417722" lon="5.352794"><ele>565.9</ele></trkpt>
    <trkpt lat="44.417688" lon="5.352796"><ele>564.8</ele></trkpt>
    <trkpt lat="44.417625" lon="5.352782"><ele>563.5</ele></trkpt>
    <trkpt lat="44.417544" lon="5.352710"><ele>563.5</ele></trkpt>
    <trkpt lat="44.417443" lon="5.352576"><ele>564.6</ele></trkpt>
    <trkpt lat="44.417399" lon="5.352542"><ele>564.1</ele></trkpt>
    <trkpt lat="44.417363" lon="5.352529"><ele>563.2</ele></trkpt>
    <trkpt lat="44.417322" lon="5.352530"><ele>561.8</ele></trkpt>
    <trkpt lat="44.417278" lon="5.352538"><ele>560.0</ele></trkpt>
    <trkpt lat="44.417188" lon="5.352557"><ele>556.8</ele></trkpt>
    <trkpt lat="44.417073" lon="5.352626"><ele>552.6</ele></trkpt>
    <trkpt lat="44.416974" lon="5.352711"><ele>548.3</ele></trkpt>
    <trkpt lat="44.416902" lon="5.352787"><ele>545.0</ele></trkpt>
    <trkpt lat="44.416850" lon="5.352866"><ele>542.1</ele></trkpt>
    <trkpt lat="44.416846" lon="5.352898"><ele>541.2</ele></trkpt>
    <trkpt lat="44.416873" lon="5.352981"><ele>539.6</ele></trkpt>
    <trkpt lat="44.416922" lon="5.353070"><ele>538.3</ele></trkpt>
    <trkpt lat="44.416942" lon="5.353117"><ele>537.6</ele></trkpt>
    <trkpt lat="44.416945" lon="5.353169"><ele>536.6</ele></trkpt>
    <trkpt lat="44.416927" lon="5.353224"><ele>535.0</ele></trkpt>
    <trkpt lat="44.416910" lon="5.353255"><ele>534.0</ele></trkpt>
    <trkpt lat="44.416872" lon="5.353300"><ele>532.2</ele></trkpt>
    <trkpt lat="44.416826" lon="5.353340"><ele>530.2</ele></trkpt>
    <trkpt lat="44.416583" lon="5.353435"><ele>523.0</ele></trkpt>
    <trkpt lat="44.416449" lon="5.353446"><ele>520.9</ele></trkpt>
    <trkpt lat="44.416312" lon="5.353453"><ele>519.0</ele></trkpt>
    <trkpt lat="44.415948" lon="5.353427"><ele>514.6</ele></trkpt>
    <trkpt lat="44.415607" lon="5.353409"><ele>508.0</ele></trkpt>
    <trkpt lat="44.415647" lon="5.353564"><ele>504.6</ele></trkpt>
    <trkpt lat="44.415895" lon="5.353939"><ele>499.6</ele></trkpt>
    <trkpt lat="44.416005" lon="5.354089"><ele>497.0</ele></trkpt>
    <trkpt lat="44.415874" lon="5.354162"><ele>493.6</ele></trkpt>
    <trkpt lat="44.415749" lon="5.354166"><ele>491.2</ele></trkpt>
    <trkpt lat="44.415617" lon="5.354171"><ele>488.2</ele></trkpt>
    <trkpt lat="44.415516" lon="5.354348"><ele>482.4</ele></trkpt>
    <trkpt lat="44.415489" lon="5.354435"><ele>480.2</ele></trkpt>
    <trkpt lat="44.415481" lon="5.354479"><ele>479.3</ele></trkpt>
    <trkpt lat="44.415506" lon="5.354532"><ele>478.7</ele></trkpt>
    <trkpt lat="44.415542" lon="5.354568"><ele>478.6</ele></trkpt>
    <trkpt lat="44.415571" lon="5.354610"><ele>478.2</ele></trkpt>
    <trkpt lat="44.415576" lon="5.354642"><ele>477.7</ele></trkpt>
    <trkpt lat="44.415572" lon="5.354670"><ele>477.1</ele></trkpt>
    <trkpt lat="44.415557" lon="5.354693"><ele>476.5</ele></trkpt>
    <trkpt lat="44.415275" lon="5.354784"><ele>469.2</ele></trkpt>
    <trkpt lat="44.415208" lon="5.354803"><ele>467.3</ele></trkpt>
    <trkpt lat="44.415135" lon="5.354808"><ele>465.8</ele></trkpt>
    <trkpt lat="44.415069" lon="5.355047"><ele>458.8</ele></trkpt>
    <trkpt lat="44.415152" lon="5.355248"><ele>454.5</ele></trkpt>
    <trkpt lat="44.415179" lon="5.355283"><ele>453.8</ele></trkpt>
    <trkpt lat="44.415198" lon="5.355320"><ele>453.3</ele></trkpt>
    <trkpt lat="44.415213" lon="5.355362"><ele>452.6</ele></trkpt>
    <trkpt lat="44.415219" lon="5.355423"><ele>451.3</ele></trkpt>
    <trkpt lat="44.415207" lon="5.355529"><ele>449.0</ele></trkpt>
    <trkpt lat="44.415171" lon="5.355661"><ele>447.2</ele></trkpt>
    <trkpt lat="44.415001" lon="5.355598"><ele>446.7</ele></trkpt>
    <trkpt lat="44.414761" lon="5.355497"><ele>446.6</ele></trkpt>
    <trkpt lat="44.414490" lon="5.355382"><ele>445.9</ele></trkpt>
    <trkpt lat="44.414412" lon="5.355683"><ele>445.6</ele></trkpt>
    <trkpt lat="44.414365" lon="5.355871"><ele>446.4</ele></trkpt>
    <trkpt lat="44.414363" lon="5.355880"><ele>446.5</ele></trkpt>
    <trkpt lat="44.414360" lon="5.355889"><ele>446.5</ele></trkpt>
    <trkpt lat="44.414336" lon="5.355976"><ele>446.9</ele></trkpt>
    <trkpt lat="44.414324" lon="5.356020"><ele>447.1</ele></trkpt>
    <trkpt lat="44.414320" lon="5.356034"><ele>447.2</ele></trkpt>
    <trkpt lat="44.414315" lon="5.356049"><ele>447.2</ele></trkpt>
    <trkpt lat="44.414215" lon="5.356403"><ele>448.0</ele></trkpt>
    <trkpt lat="44.414175" lon="5.356427"><ele>448.0</ele></trkpt>
    <trkpt lat="44.413951" lon="5.356453"><ele>448.0</ele></trkpt>
    <trkpt lat="44.413737" lon="5.356412"><ele>448.0</ele></trkpt>
    <trkpt lat="44.413724" lon="5.356401"><ele>448.0</ele></trkpt>
    <trkpt lat="44.413669" lon="5.356569"><ele>448.5</ele></trkpt>
    <trkpt lat="44.413596" lon="5.356844"><ele>450.0</ele></trkpt>
    <trkpt lat="44.413575" lon="5.356954"><ele>450.9</ele></trkpt>
    <trkpt lat="44.413568" lon="5.357043"><ele>451.1</ele></trkpt>
    <trkpt lat="44.413561" lon="5.357133"><ele>451.4</ele></trkpt>
    <trkpt lat="44.413530" lon="5.357871"><ele>454.6</ele></trkpt>
    <trkpt lat="44.413523" lon="5.357974"><ele>455.4</ele></trkpt>
    <trkpt lat="44.413522" lon="5.358072"><ele>456.0</ele></trkpt>
    <trkpt lat="44.413518" lon="5.358268"><ele>456.5</ele></trkpt>
    <trkpt lat="44.413525" lon="5.358490"><ele>456.6</ele></trkpt>
    <trkpt lat="44.413546" lon="5.358571"><ele>456.2</ele></trkpt>
    <trkpt lat="44.413566" lon="5.358652"><ele>455.9</ele></trkpt>
    <trkpt lat="44.413665" lon="5.359172"><ele>458.6</ele></trkpt>
    <trkpt lat="44.413681" lon="5.359294"><ele>459.1</ele></trkpt>
    <trkpt lat="44.413698" lon="5.359419"><ele>459.6</ele></trkpt>
    <trkpt lat="44.413748" lon="5.359795"><ele>462.0</ele></trkpt>
    <trkpt lat="44.413782" lon="5.360046"><ele>463.4</ele></trkpt>
    <trkpt lat="44.413816" lon="5.360266"><ele>464.0</ele></trkpt>
    <trkpt lat="44.413832" lon="5.360338"><ele>464.3</ele></trkpt>
    <trkpt lat="44.413848" lon="5.360410"><ele>464.5</ele></trkpt>
    <trkpt lat="44.413887" lon="5.360515"><ele>464.7</ele></trkpt>
    <trkpt lat="44.413953" lon="5.360636"><ele>465.7</ele></trkpt>
    <trkpt lat="44.413994" lon="5.360702"><ele>466.0</ele></trkpt>
    <trkpt lat="44.414014" lon="5.360737"><ele>466.2</ele></trkpt>
    <trkpt lat="44.414055" lon="5.360830"><ele>466.4</ele></trkpt>
    <trkpt lat="44.414071" lon="5.360893"><ele>466.7</ele></trkpt>
    <trkpt lat="44.414075" lon="5.360958"><ele>467.1</ele></trkpt>
    <trkpt lat="44.414073" lon="5.361035"><ele>467.6</ele></trkpt>
    <trkpt lat="44.414071" lon="5.361112"><ele>468.0</ele></trkpt>
    <trkpt lat="44.414077" lon="5.361207"><ele>468.9</ele></trkpt>
    <trkpt lat="44.414083" lon="5.361302"><ele>469.7</ele></trkpt>
    <trkpt lat="44.414096" lon="5.361365"><ele>470.1</ele></trkpt>
    <trkpt lat="44.414109" lon="5.361429"><ele>470.6</ele></trkpt>
    <trkpt lat="44.414146" lon="5.361521"><ele>471.3</ele></trkpt>
    <trkpt lat="44.414187" lon="5.361594"><ele>471.9</ele></trkpt>
    <trkpt lat="44.414232" lon="5.361655"><ele>472.4</ele></trkpt>
    <trkpt lat="44.414277" lon="5.361716"><ele>472.6</ele></trkpt>
    <trkpt lat="44.414312" lon="5.361770"><ele>472.7</ele></trkpt>
    <trkpt lat="44.414346" lon="5.361823"><ele>472.7</ele></trkpt>
    <trkpt lat="44.414382" lon="5.361902"><ele>472.7</ele></trkpt>
    <trkpt lat="44.414398" lon="5.361937"><ele>472.6</ele></trkpt>
    <trkpt lat="44.414432" lon="5.362029"><ele>472.5</ele></trkpt>
    <trkpt lat="44.414447" lon="5.362076"><ele>472.5</ele></trkpt>
    <trkpt lat="44.414472" lon="5.362165"><ele>473.0</ele></trkpt>
    <trkpt lat="44.414497" lon="5.362254"><ele>473.5</ele></trkpt>
    <trkpt lat="44.414525" lon="5.362466"><ele>474.2</ele></trkpt>
    <trkpt lat="44.414540" lon="5.362571"><ele>474.5</ele></trkpt>
    <trkpt lat="44.414548" lon="5.362696"><ele>474.8</ele></trkpt>
    <trkpt lat="44.414541" lon="5.362887"><ele>475.5</ele></trkpt>
    <trkpt lat="44.414609" lon="5.363348"><ele>477.9</ele></trkpt>
    <trkpt lat="44.414634" lon="5.363442"><ele>478.0</ele></trkpt>
    <trkpt lat="44.414638" lon="5.363513"><ele>478.3</ele></trkpt>
    <trkpt lat="44.414633" lon="5.363578"><ele>478.5</ele></trkpt>
    <trkpt lat="44.414626" lon="5.363644"><ele>478.8</ele></trkpt>
    <trkpt lat="44.414611" lon="5.363705"><ele>479.0</ele></trkpt>
    <trkpt lat="44.414563" lon="5.363806"><ele>479.4</ele></trkpt>
    <trkpt lat="44.414515" lon="5.363906"><ele>479.8</ele></trkpt>
    <trkpt lat="44.414489" lon="5.364034"><ele>479.9</ele></trkpt>
    <trkpt lat="44.414480" lon="5.364175"><ele>480.0</ele></trkpt>
    <trkpt lat="44.414475" lon="5.364509"><ele>480.4</ele></trkpt>
    <trkpt lat="44.414464" lon="5.364600"><ele>480.7</ele></trkpt>
    <trkpt lat="44.414453" lon="5.364691"><ele>481.0</ele></trkpt>
    <trkpt lat="44.414432" lon="5.364800"><ele>482.4</ele></trkpt>
    <trkpt lat="44.414403" lon="5.364891"><ele>484.0</ele></trkpt>
    <trkpt lat="44.414373" lon="5.364958"><ele>485.1</ele></trkpt>
    <trkpt lat="44.414335" lon="5.365020"><ele>486.1</ele></trkpt>
    <trkpt lat="44.414270" lon="5.365087"><ele>487.2</ele></trkpt>
    <trkpt lat="44.414222" lon="5.365121"><ele>487.7</ele></trkpt>
    <trkpt lat="44.414173" lon="5.365155"><ele>488.1</ele></trkpt>
    <trkpt lat="44.414090" lon="5.365199"><ele>489.6</ele></trkpt>
    <trkpt lat="44.414008" lon="5.365243"><ele>490.7</ele></trkpt>
    <trkpt lat="44.413938" lon="5.365272"><ele>491.5</ele></trkpt>
    <trkpt lat="44.413868" lon="5.365301"><ele>492.4</ele></trkpt>
    <trkpt lat="44.413798" lon="5.365330"><ele>493.3</ele></trkpt>
    <trkpt lat="44.413757" lon="5.365354"><ele>493.8</ele></trkpt>
    <trkpt lat="44.413724" lon="5.365393"><ele>494.1</ele></trkpt>
    <trkpt lat="44.413691" lon="5.365455"><ele>494.1</ele></trkpt>
    <trkpt lat="44.413647" lon="5.365568"><ele>494.0</ele></trkpt>
    <trkpt lat="44.413610" lon="5.365645"><ele>495.0</ele></trkpt>
    <trkpt lat="44.413536" lon="5.365799"><ele>496.8</ele></trkpt>
    <trkpt lat="44.413514" lon="5.365846"><ele>497.2</ele></trkpt>
    <trkpt lat="44.413478" lon="5.365909"><ele>498.4</ele></trkpt>
    <trkpt lat="44.413443" lon="5.365973"><ele>499.4</ele></trkpt>
    <trkpt lat="44.413406" lon="5.366001"><ele>499.7</ele></trkpt>
    <trkpt lat="44.413333" lon="5.366053"><ele>500.2</ele></trkpt>
    <trkpt lat="44.413261" lon="5.366105"><ele>500.9</ele></trkpt>
    <trkpt lat="44.413176" lon="5.366130"><ele>501.3</ele></trkpt>
    <trkpt lat="44.413091" lon="5.366156"><ele>501.7</ele></trkpt>
    <trkpt lat="44.413003" lon="5.366159"><ele>502.0</ele></trkpt>
    <trkpt lat="44.412916" lon="5.366163"><ele>502.5</ele></trkpt>
    <trkpt lat="44.412691" lon="5.366164"><ele>504.0</ele></trkpt>
    <trkpt lat="44.412562" lon="5.366176"><ele>505.2</ele></trkpt>
    <trkpt lat="44.412498" lon="5.366182"><ele>505.8</ele></trkpt>
    <trkpt lat="44.412417" lon="5.366203"><ele>507.2</ele></trkpt>
    <trkpt lat="44.412337" lon="5.366223"><ele>508.4</ele></trkpt>
    <trkpt lat="44.412264" lon="5.366260"><ele>509.2</ele></trkpt>
    <trkpt lat="44.412117" lon="5.366332"><ele>511.3</ele></trkpt>
    <trkpt lat="44.411908" lon="5.366473"><ele>513.9</ele></trkpt>
    <trkpt lat="44.411696" lon="5.366644"><ele>516.7</ele></trkpt>
    <trkpt lat="44.411578" lon="5.366715"><ele>519.4</ele></trkpt>
    <trkpt lat="44.411519" lon="5.366750"><ele>520.8</ele></trkpt>
    <trkpt lat="44.411455" lon="5.366777"><ele>522.4</ele></trkpt>
    <trkpt lat="44.411390" lon="5.366805"><ele>524.0</ele></trkpt>
    <trkpt lat="44.411299" lon="5.366891"><ele>526.4</ele></trkpt>
    <trkpt lat="44.411189" lon="5.367090"><ele>528.0</ele></trkpt>
    <trkpt lat="44.411139" lon="5.367187"><ele>528.5</ele></trkpt>
    <trkpt lat="44.411040" lon="5.367379"><ele>530.3</ele></trkpt>
    <trkpt lat="44.410995" lon="5.367481"><ele>530.8</ele></trkpt>
    <trkpt lat="44.410950" lon="5.367583"><ele>531.4</ele></trkpt>
    <trkpt lat="44.410905" lon="5.367685"><ele>531.8</ele></trkpt>
    <trkpt lat="44.410826" lon="5.367845"><ele>532.7</ele></trkpt>
    <trkpt lat="44.410786" lon="5.367925"><ele>533.9</ele></trkpt>
    <trkpt lat="44.410664" lon="5.368113"><ele>537.3</ele></trkpt>
    <trkpt lat="44.410603" lon="5.368206"><ele>538.9</ele></trkpt>
    <trkpt lat="44.410159" lon="5.368791"><ele>550.1</ele></trkpt>
    <trkpt lat="44.410028" lon="5.368960"><ele>551.9</ele></trkpt>
    <trkpt lat="44.409972" lon="5.369044"><ele>552.5</ele></trkpt>
    <trkpt lat="44.409804" lon="5.369294"><ele>555.7</ele></trkpt>
    <trkpt lat="44.409427" lon="5.370015"><ele>569.1</ele></trkpt>
    <trkpt lat="44.409398" lon="5.370107"><ele>570.9</ele></trkpt>
    <trkpt lat="44.409340" lon="5.370292"><ele>574.6</ele></trkpt>
    <trkpt lat="44.409311" lon="5.370384"><ele>576.8</ele></trkpt>
    <trkpt lat="44.409289" lon="5.370490"><ele>578.5</ele></trkpt>
    <trkpt lat="44.409222" lon="5.370810"><ele>585.0</ele></trkpt>
    <trkpt lat="44.409199" lon="5.371012"><ele>588.7</ele></trkpt>
    <trkpt lat="44.409188" lon="5.371114"><ele>590.6</ele></trkpt>
    <trkpt lat="44.409190" lon="5.371181"><ele>591.7</ele></trkpt>
    <trkpt lat="44.409192" lon="5.371249"><ele>592.8</ele></trkpt>
    <trkpt lat="44.409221" lon="5.371342"><ele>592.6</ele></trkpt>
    <trkpt lat="44.409251" lon="5.371435"><ele>592.2</ele></trkpt>
    <trkpt lat="44.409280" lon="5.371528"><ele>591.7</ele></trkpt>
    <trkpt lat="44.409302" lon="5.371635"><ele>591.8</ele></trkpt>
    <trkpt lat="44.409345" lon="5.371849"><ele>591.2</ele></trkpt>
    <trkpt lat="44.409348" lon="5.371959"><ele>591.9</ele></trkpt>
    <trkpt lat="44.409336" lon="5.372027"><ele>592.6</ele></trkpt>
    <trkpt lat="44.409323" lon="5.372095"><ele>593.4</ele></trkpt>
    <trkpt lat="44.409282" lon="5.372208"><ele>595.9</ele></trkpt>
    <trkpt lat="44.409077" lon="5.372770"><ele>603.2</ele></trkpt>
    <trkpt lat="44.408922" lon="5.373188"><ele>606.8</ele></trkpt>
    <trkpt lat="44.408769" lon="5.373590"><ele>609.9</ele></trkpt>
    <trkpt lat="44.408726" lon="5.373692"><ele>610.4</ele></trkpt>
    <trkpt lat="44.408684" lon="5.373795"><ele>610.6</ele></trkpt>
    <trkpt lat="44.408587" lon="5.373938"><ele>612.0</ele></trkpt>
    <trkpt lat="44.408528" lon="5.374008"><ele>613.1</ele></trkpt>
    <trkpt lat="44.408409" lon="5.374149"><ele>614.5</ele></trkpt>
    <trkpt lat="44.408353" lon="5.374214"><ele>615.1</ele></trkpt>
    <trkpt lat="44.408241" lon="5.374344"><ele>615.9</ele></trkpt>
    <trkpt lat="44.408192" lon="5.374390"><ele>616.3</ele></trkpt>
    <trkpt lat="44.408143" lon="5.374435"><ele>616.5</ele></trkpt>
    <trkpt lat="44.408088" lon="5.374459"><ele>617.6</ele></trkpt>
    <trkpt lat="44.408006" lon="5.374459"><ele>620.4</ele></trkpt>
    <trkpt lat="44.407924" lon="5.374459"><ele>623.3</ele></trkpt>
    <trkpt lat="44.407847" lon="5.374450"><ele>626.4</ele></trkpt>
    <trkpt lat="44.407771" lon="5.374441"><ele>629.3</ele></trkpt>
    <trkpt lat="44.407692" lon="5.374443"><ele>631.8</ele></trkpt>
    <trkpt lat="44.407640" lon="5.374471"><ele>632.7</ele></trkpt>
    <trkpt lat="44.407588" lon="5.374499"><ele>633.6</ele></trkpt>
    <trkpt lat="44.407443" lon="5.374613"><ele>635.3</ele></trkpt>
    <trkpt lat="44.407404" lon="5.374651"><ele>635.6</ele></trkpt>
    <trkpt lat="44.407364" lon="5.374688"><ele>635.9</ele></trkpt>
    <trkpt lat="44.407302" lon="5.374792"><ele>635.8</ele></trkpt>
    <trkpt lat="44.407216" lon="5.374978"><ele>634.7</ele></trkpt>
    <trkpt lat="44.407170" lon="5.375088"><ele>634.8</ele></trkpt>
    <trkpt lat="44.407078" lon="5.375306"><ele>633.7</ele></trkpt>
    <trkpt lat="44.407034" lon="5.375390"><ele>633.2</ele></trkpt>
    <trkpt lat="44.406944" lon="5.375557"><ele>631.0</ele></trkpt>
    <trkpt lat="44.406926" lon="5.375589"><ele>631.7</ele></trkpt>
    <trkpt lat="44.406890" lon="5.375653"><ele>632.8</ele></trkpt>
    <trkpt lat="44.406789" lon="5.375834"><ele>634.7</ele></trkpt>
    <trkpt lat="44.406615" lon="5.376164"><ele>640.8</ele></trkpt>
    <trkpt lat="44.406612" lon="5.376209"><ele>640.9</ele></trkpt>
    <trkpt lat="44.406609" lon="5.376254"><ele>641.1</ele></trkpt>
    <trkpt lat="44.406604" lon="5.376345"><ele>641.3</ele></trkpt>
    <trkpt lat="44.406594" lon="5.376450"><ele>642.1</ele></trkpt>
    <trkpt lat="44.406574" lon="5.376662"><ele>644.0</ele></trkpt>
    <trkpt lat="44.406564" lon="5.376768"><ele>645.5</ele></trkpt>
    <trkpt lat="44.406504" lon="5.377162"><ele>651.3</ele></trkpt>
    <trkpt lat="44.406490" lon="5.377208"><ele>651.8</ele></trkpt>
    <trkpt lat="44.406461" lon="5.377299"><ele>653.1</ele></trkpt>
    <trkpt lat="44.406447" lon="5.377344"><ele>653.5</ele></trkpt>
    <trkpt lat="44.406351" lon="5.377550"><ele>656.8</ele></trkpt>
    <trkpt lat="44.406334" lon="5.377584"><ele>658.1</ele></trkpt>
    <trkpt lat="44.406317" lon="5.377619"><ele>659.2</ele></trkpt>
    <trkpt lat="44.406297" lon="5.377637"><ele>660.0</ele></trkpt>
    <trkpt lat="44.406277" lon="5.377655"><ele>660.6</ele></trkpt>
    <trkpt lat="44.406251" lon="5.377665"><ele>661.2</ele></trkpt>
    <trkpt lat="44.406225" lon="5.377675"><ele>661.7</ele></trkpt>
    <trkpt lat="44.406198" lon="5.377684"><ele>662.1</ele></trkpt>
    <trkpt lat="44.406167" lon="5.377698"><ele>662.5</ele></trkpt>
    <trkpt lat="44.406136" lon="5.377711"><ele>662.7</ele></trkpt>
    <trkpt lat="44.406011" lon="5.377766"><ele>665.9</ele></trkpt>
    <trkpt lat="44.405868" lon="5.377842"><ele>669.5</ele></trkpt>
    <trkpt lat="44.405832" lon="5.377861"><ele>670.0</ele></trkpt>
    <trkpt lat="44.405799" lon="5.377885"><ele>670.9</ele></trkpt>
    <trkpt lat="44.405765" lon="5.377909"><ele>671.8</ele></trkpt>
    <trkpt lat="44.405699" lon="5.377957"><ele>673.0</ele></trkpt>
    <trkpt lat="44.405614" lon="5.378045"><ele>672.6</ele></trkpt>
    <trkpt lat="44.405517" lon="5.378137"><ele>673.5</ele></trkpt>
    <trkpt lat="44.405268" lon="5.378266"><ele>678.2</ele></trkpt>
    <trkpt lat="44.405045" lon="5.378379"><ele>684.5</ele></trkpt>
    <trkpt lat="44.404820" lon="5.378521"><ele>689.9</ele></trkpt>
    <trkpt lat="44.404542" lon="5.378782"><ele>693.7</ele></trkpt>
    <trkpt lat="44.404484" lon="5.378829"><ele>695.1</ele></trkpt>
    <trkpt lat="44.404456" lon="5.378852"><ele>695.8</ele></trkpt>
    <trkpt lat="44.404393" lon="5.378899"><ele>697.1</ele></trkpt>
    <trkpt lat="44.404330" lon="5.378946"><ele>698.8</ele></trkpt>
    <trkpt lat="44.404266" lon="5.378929"><ele>702.3</ele></trkpt>
    <trkpt lat="44.404235" lon="5.378921"><ele>704.0</ele></trkpt>
    <trkpt lat="44.404207" lon="5.378899"><ele>705.9</ele></trkpt>
    <trkpt lat="44.404179" lon="5.378878"><ele>707.8</ele></trkpt>
    <trkpt lat="44.404151" lon="5.378856"><ele>709.6</ele></trkpt>
    <trkpt lat="44.404121" lon="5.378837"><ele>711.2</ele></trkpt>
    <trkpt lat="44.404090" lon="5.378818"><ele>712.8</ele></trkpt>
    <trkpt lat="44.404062" lon="5.378809"><ele>713.9</ele></trkpt>
    <trkpt lat="44.404006" lon="5.378790"><ele>716.2</ele></trkpt>
    <trkpt lat="44.403973" lon="5.378792"><ele>717.1</ele></trkpt>
    <trkpt lat="44.403907" lon="5.378798"><ele>719.1</ele></trkpt>
    <trkpt lat="44.403864" lon="5.378827"><ele>720.0</ele></trkpt>
    <trkpt lat="44.403833" lon="5.378867"><ele>720.5</ele></trkpt>
    <trkpt lat="44.403813" lon="5.378988"><ele>720.7</ele></trkpt>
    <trkpt lat="44.403806" lon="5.379028"><ele>720.9</ele></trkpt>
    <trkpt lat="44.403822" lon="5.379068"><ele>720.0</ele></trkpt>
    <trkpt lat="44.403837" lon="5.379108"><ele>719.1</ele></trkpt>
    <trkpt lat="44.403884" lon="5.379228"><ele>716.9</ele></trkpt>
    <trkpt lat="44.403902" lon="5.379269"><ele>716.4</ele></trkpt>
    <trkpt lat="44.403974" lon="5.379435"><ele>713.1</ele></trkpt>
    <trkpt lat="44.403992" lon="5.379476"><ele>712.5</ele></trkpt>
    <trkpt lat="44.404001" lon="5.379636"><ele>714.5</ele></trkpt>
    <trkpt lat="44.404004" lon="5.379689"><ele>715.2</ele></trkpt>
    <trkpt lat="44.404010" lon="5.379796"><ele>716.3</ele></trkpt>
    <trkpt lat="44.404001" lon="5.379843"><ele>717.6</ele></trkpt>
    <trkpt lat="44.403982" lon="5.379937"><ele>720.1</ele></trkpt>
    <trkpt lat="44.403927" lon="5.379940"><ele>723.8</ele></trkpt>
    <trkpt lat="44.403899" lon="5.379942"><ele>725.7</ele></trkpt>
    <trkpt lat="44.403876" lon="5.379901"><ele>726.7</ele></trkpt>
    <trkpt lat="44.403853" lon="5.379860"><ele>727.6</ele></trkpt>
    <trkpt lat="44.403830" lon="5.379819"><ele>728.4</ele></trkpt>
    <trkpt lat="44.403807" lon="5.379778"><ele>729.3</ele></trkpt>
    <trkpt lat="44.403764" lon="5.379742"><ele>731.4</ele></trkpt>
    <trkpt lat="44.403685" lon="5.379751"><ele>736.1</ele></trkpt>
    <trkpt lat="44.403651" lon="5.379820"><ele>738.8</ele></trkpt>
    <trkpt lat="44.403631" lon="5.379863"><ele>740.4</ele></trkpt>
    <trkpt lat="44.403572" lon="5.379993"><ele>744.6</ele></trkpt>
    <trkpt lat="44.403552" lon="5.380036"><ele>745.0</ele></trkpt>
    <trkpt lat="44.403532" lon="5.380080"><ele>745.3</ele></trkpt>
    <trkpt lat="44.403492" lon="5.380166"><ele>745.8</ele></trkpt>
    <trkpt lat="44.403447" lon="5.380242"><ele>746.6</ele></trkpt>
    <trkpt lat="44.403378" lon="5.380355"><ele>748.0</ele></trkpt>
    <trkpt lat="44.403355" lon="5.380393"><ele>748.4</ele></trkpt>
    <trkpt lat="44.403266" lon="5.380495"><ele>750.3</ele></trkpt>
    <trkpt lat="44.403176" lon="5.380596"><ele>752.1</ele></trkpt>
    <trkpt lat="44.403145" lon="5.380625"><ele>752.9</ele></trkpt>
    <trkpt lat="44.403114" lon="5.380654"><ele>753.6</ele></trkpt>
    <trkpt lat="44.403087" lon="5.380676"><ele>754.2</ele></trkpt>
    <trkpt lat="44.402980" lon="5.380766"><ele>756.4</ele></trkpt>
    <trkpt lat="44.402925" lon="5.380831"><ele>757.3</ele></trkpt>
    <trkpt lat="44.402843" lon="5.380929"><ele>759.6</ele></trkpt>
    <trkpt lat="44.402824" lon="5.380968"><ele>760.1</ele></trkpt>
    <trkpt lat="44.402788" lon="5.381046"><ele>760.9</ele></trkpt>
    <trkpt lat="44.402769" lon="5.381085"><ele>761.4</ele></trkpt>
    <trkpt lat="44.402759" lon="5.381179"><ele>762.7</ele></trkpt>
    <trkpt lat="44.402754" lon="5.381225"><ele>763.5</ele></trkpt>
    <trkpt lat="44.402819" lon="5.381481"><ele>765.8</ele></trkpt>
    <trkpt lat="44.402843" lon="5.381523"><ele>766.0</ele></trkpt>
    <trkpt lat="44.402891" lon="5.381608"><ele>766.5</ele></trkpt>
    <trkpt lat="44.403082" lon="5.381949"><ele>769.4</ele></trkpt>
    <trkpt lat="44.403106" lon="5.381991"><ele>769.9</ele></trkpt>
    <trkpt lat="44.403136" lon="5.382044"><ele>770.6</ele></trkpt>
    <trkpt lat="44.403165" lon="5.382096"><ele>771.2</ele></trkpt>
    <trkpt lat="44.403195" lon="5.382149"><ele>771.9</ele></trkpt>
    <trkpt lat="44.403224" lon="5.382201"><ele>772.5</ele></trkpt>
    <trkpt lat="44.403254" lon="5.382254"><ele>773.2</ele></trkpt>
    <trkpt lat="44.403395" lon="5.382543"><ele>777.1</ele></trkpt>
    <trkpt lat="44.403619" lon="5.382944"><ele>775.3</ele></trkpt>
    <trkpt lat="44.403700" lon="5.383001"><ele>772.2</ele></trkpt>
    <trkpt lat="44.403741" lon="5.383007"><ele>770.5</ele></trkpt>
    <trkpt lat="44.403751" lon="5.383033"><ele>770.0</ele></trkpt>
    <trkpt lat="44.403647" lon="5.383431"><ele>767.5</ele></trkpt>
    <trkpt lat="44.403625" lon="5.383486"><ele>767.1</ele></trkpt>
    <trkpt lat="44.403580" lon="5.383595"><ele>766.3</ele></trkpt>
    <trkpt lat="44.403558" lon="5.383634"><ele>766.2</ele></trkpt>
    <trkpt lat="44.403536" lon="5.383672"><ele>766.1</ele></trkpt>
    <trkpt lat="44.403502" lon="5.383711"><ele>766.7</ele></trkpt>
    <trkpt lat="44.403436" lon="5.383790"><ele>767.6</ele></trkpt>
    <trkpt lat="44.403378" lon="5.383850"><ele>768.8</ele></trkpt>
    <trkpt lat="44.403349" lon="5.383881"><ele>769.4</ele></trkpt>
    <trkpt lat="44.403274" lon="5.383941"><ele>771.1</ele></trkpt>
    <trkpt lat="44.403128" lon="5.384123"><ele>771.9</ele></trkpt>
    <trkpt lat="44.402796" lon="5.384763"><ele>769.0</ele></trkpt>
    <trkpt lat="44.402729" lon="5.385060"><ele>764.9</ele></trkpt>
    <trkpt lat="44.402647" lon="5.385426"><ele>759.6</ele></trkpt>
    <trkpt lat="44.402633" lon="5.385489"><ele>758.8</ele></trkpt>
    <trkpt lat="44.402619" lon="5.385552"><ele>758.1</ele></trkpt>
    <trkpt lat="44.402605" lon="5.385615"><ele>757.4</ele></trkpt>
    <trkpt lat="44.402577" lon="5.385740"><ele>755.8</ele></trkpt>
    <trkpt lat="44.402563" lon="5.385796"><ele>755.2</ele></trkpt>
    <trkpt lat="44.402550" lon="5.385852"><ele>754.5</ele></trkpt>
    <trkpt lat="44.402523" lon="5.385963"><ele>753.4</ele></trkpt>
    <trkpt lat="44.402503" lon="5.386002"><ele>753.3</ele></trkpt>
    <trkpt lat="44.402464" lon="5.386081"><ele>753.2</ele></trkpt>
    <trkpt lat="44.402431" lon="5.386119"><ele>753.8</ele></trkpt>
    <trkpt lat="44.402335" lon="5.386238"><ele>755.8</ele></trkpt>
    <trkpt lat="44.402159" lon="5.386481"><ele>758.2</ele></trkpt>
    <trkpt lat="44.402095" lon="5.386574"><ele>758.8</ele></trkpt>
    <trkpt lat="44.402062" lon="5.386621"><ele>759.2</ele></trkpt>
    <trkpt lat="44.402039" lon="5.386673"><ele>759.2</ele></trkpt>
    <trkpt lat="44.401967" lon="5.386830"><ele>760.2</ele></trkpt>
    <trkpt lat="44.401943" lon="5.386888"><ele>760.1</ele></trkpt>
    <trkpt lat="44.401947" lon="5.386933"><ele>759.1</ele></trkpt>
    <trkpt lat="44.401962" lon="5.386952"><ele>758.4</ele></trkpt>
    <trkpt lat="44.401998" lon="5.386963"><ele>757.3</ele></trkpt>
    <trkpt lat="44.402030" lon="5.387013"><ele>756.4</ele></trkpt>
    <trkpt lat="44.402084" lon="5.387217"><ele>755.5</ele></trkpt>
    <trkpt lat="44.402097" lon="5.387326"><ele>756.0</ele></trkpt>
    <trkpt lat="44.402104" lon="5.387381"><ele>756.3</ele></trkpt>
    <trkpt lat="44.402111" lon="5.387436"><ele>756.5</ele></trkpt>
    <trkpt lat="44.402202" lon="5.387685"><ele>754.5</ele></trkpt>
    <trkpt lat="44.402266" lon="5.387803"><ele>755.0</ele></trkpt>
    <trkpt lat="44.402374" lon="5.387981"><ele>757.7</ele></trkpt>
    <trkpt lat="44.402466" lon="5.388166"><ele>759.3</ele></trkpt>
    <trkpt lat="44.402473" lon="5.388355"><ele>760.0</ele></trkpt>
    <trkpt lat="44.402467" lon="5.388410"><ele>760.1</ele></trkpt>
    <trkpt lat="44.402471" lon="5.388464"><ele>760.2</ele></trkpt>
    <trkpt lat="44.402474" lon="5.388517"><ele>760.2</ele></trkpt>
    <trkpt lat="44.402481" lon="5.388577"><ele>760.2</ele></trkpt>
    <trkpt lat="44.402514" lon="5.388878"><ele>760.4</ele></trkpt>
    <trkpt lat="44.402527" lon="5.388998"><ele>761.1</ele></trkpt>
    <trkpt lat="44.402543" lon="5.389131"><ele>762.0</ele></trkpt>
    <trkpt lat="44.402550" lon="5.389197"><ele>762.4</ele></trkpt>
    <trkpt lat="44.402568" lon="5.389313"><ele>763.3</ele></trkpt>
    <trkpt lat="44.402593" lon="5.389396"><ele>763.9</ele></trkpt>
    <trkpt lat="44.402605" lon="5.389438"><ele>764.1</ele></trkpt>
    <trkpt lat="44.402785" lon="5.389769"><ele>765.3</ele></trkpt>
    <trkpt lat="44.402847" lon="5.389869"><ele>767.2</ele></trkpt>
    <trkpt lat="44.402909" lon="5.389968"><ele>768.9</ele></trkpt>
    <trkpt lat="44.403172" lon="5.390409"><ele>772.4</ele></trkpt>
    <trkpt lat="44.403195" lon="5.390449"><ele>772.8</ele></trkpt>
    <trkpt lat="44.403218" lon="5.390490"><ele>773.2</ele></trkpt>
    <trkpt lat="44.403238" lon="5.390543"><ele>773.3</ele></trkpt>
    <trkpt lat="44.403296" lon="5.390704"><ele>773.6</ele></trkpt>
    <trkpt lat="44.403323" lon="5.390758"><ele>773.6</ele></trkpt>
    <trkpt lat="44.403568" lon="5.391246"><ele>777.4</ele></trkpt>
    <trkpt lat="44.403622" lon="5.391355"><ele>778.4</ele></trkpt>
    <trkpt lat="44.403695" lon="5.391438"><ele>780.3</ele></trkpt>
    <trkpt lat="44.403732" lon="5.391479"><ele>781.3</ele></trkpt>
    <trkpt lat="44.403769" lon="5.391520"><ele>782.3</ele></trkpt>
    <trkpt lat="44.403806" lon="5.391562"><ele>783.4</ele></trkpt>
    <trkpt lat="44.403843" lon="5.391603"><ele>784.6</ele></trkpt>
    <trkpt lat="44.403886" lon="5.391713"><ele>785.7</ele></trkpt>
    <trkpt lat="44.403908" lon="5.391768"><ele>786.0</ele></trkpt>
    <trkpt lat="44.403930" lon="5.391823"><ele>786.3</ele></trkpt>
    <trkpt lat="44.403935" lon="5.391882"><ele>786.2</ele></trkpt>
    <trkpt lat="44.403945" lon="5.392001"><ele>786.0</ele></trkpt>
    <trkpt lat="44.403955" lon="5.392119"><ele>785.8</ele></trkpt>
    <trkpt lat="44.404000" lon="5.392353"><ele>785.6</ele></trkpt>
    <trkpt lat="44.404110" lon="5.392727"><ele>786.6</ele></trkpt>
    <trkpt lat="44.404130" lon="5.392783"><ele>786.9</ele></trkpt>
    <trkpt lat="44.404169" lon="5.392894"><ele>787.2</ele></trkpt>
    <trkpt lat="44.404202" lon="5.392974"><ele>787.1</ele></trkpt>
    <trkpt lat="44.404218" lon="5.393014"><ele>787.0</ele></trkpt>
    <trkpt lat="44.404234" lon="5.393063"><ele>786.8</ele></trkpt>
    <trkpt lat="44.404249" lon="5.393112"><ele>786.1</ele></trkpt>
    <trkpt lat="44.404255" lon="5.393179"><ele>785.0</ele></trkpt>
    <trkpt lat="44.404251" lon="5.393207"><ele>784.4</ele></trkpt>
    <trkpt lat="44.404250" lon="5.393220"><ele>784.2</ele></trkpt>
    <trkpt lat="44.404234" lon="5.393235"><ele>783.6</ele></trkpt>
    <trkpt lat="44.404217" lon="5.393249"><ele>782.9</ele></trkpt>
    <trkpt lat="44.404198" lon="5.393257"><ele>782.3</ele></trkpt>
    <trkpt lat="44.404160" lon="5.393274"><ele>781.2</ele></trkpt>
    <trkpt lat="44.404151" lon="5.393278"><ele>781.0</ele></trkpt>
    <trkpt lat="44.404141" lon="5.393282"><ele>780.8</ele></trkpt>
    <trkpt lat="44.403991" lon="5.393321"><ele>778.8</ele></trkpt>
    <trkpt lat="44.403981" lon="5.393324"><ele>778.7</ele></trkpt>
    <trkpt lat="44.403970" lon="5.393327"><ele>778.6</ele></trkpt>
    <trkpt lat="44.403918" lon="5.393337"><ele>778.3</ele></trkpt>
    <trkpt lat="44.403897" lon="5.393341"><ele>778.2</ele></trkpt>
    <trkpt lat="44.403876" lon="5.393345"><ele>778.7</ele></trkpt>
    <trkpt lat="44.403866" lon="5.393348"><ele>779.1</ele></trkpt>
    <trkpt lat="44.403845" lon="5.393352"><ele>779.8</ele></trkpt>
    <trkpt lat="44.403814" lon="5.393367"><ele>781.1</ele></trkpt>
    <trkpt lat="44.403772" lon="5.393387"><ele>782.7</ele></trkpt>
    <trkpt lat="44.403752" lon="5.393397"><ele>783.5</ele></trkpt>
    <trkpt lat="44.403651" lon="5.393646"><ele>788.5</ele></trkpt>
    <trkpt lat="44.403581" lon="5.393844"><ele>789.3</ele></trkpt>
    <trkpt lat="44.403561" lon="5.393951"><ele>790.1</ele></trkpt>
    <trkpt lat="44.403561" lon="5.393987"><ele>790.5</ele></trkpt>
    <trkpt lat="44.403583" lon="5.394011"><ele>790.8</ele></trkpt>
    <trkpt lat="44.403620" lon="5.394013"><ele>790.9</ele></trkpt>
    <trkpt lat="44.403703" lon="5.393985"><ele>791.2</ele></trkpt>
    <trkpt lat="44.403794" lon="5.393943"><ele>791.2</ele></trkpt>
    <trkpt lat="44.403886" lon="5.393901"><ele>791.2</ele></trkpt>
    <trkpt lat="44.403967" lon="5.393867"><ele>790.7</ele></trkpt>
    <trkpt lat="44.404014" lon="5.393857"><ele>790.6</ele></trkpt>
    <trkpt lat="44.404044" lon="5.393857"><ele>790.6</ele></trkpt>
    <trkpt lat="44.404072" lon="5.393864"><ele>790.9</ele></trkpt>
    <trkpt lat="44.404124" lon="5.393899"><ele>792.1</ele></trkpt>
    <trkpt lat="44.404177" lon="5.393934"><ele>792.9</ele></trkpt>
    <trkpt lat="44.404230" lon="5.393980"><ele>793.9</ele></trkpt>
    <trkpt lat="44.404410" lon="5.394198"><ele>799.7</ele></trkpt>
    <trkpt lat="44.404484" lon="5.394288"><ele>801.8</ele></trkpt>
    <trkpt lat="44.404736" lon="5.394650"><ele>811.5</ele></trkpt>
    <trkpt lat="44.404809" lon="5.394759"><ele>814.2</ele></trkpt>
    <trkpt lat="44.404834" lon="5.394812"><ele>815.6</ele></trkpt>
    <trkpt lat="44.404854" lon="5.394919"><ele>818.6</ele></trkpt>
    <trkpt lat="44.404875" lon="5.395026"><ele>821.5</ele></trkpt>
    <trkpt lat="44.404896" lon="5.395133"><ele>824.2</ele></trkpt>
    <trkpt lat="44.404920" lon="5.395239"><ele>826.7</ele></trkpt>
    <trkpt lat="44.404967" lon="5.395452"><ele>831.0</ele></trkpt>
    <trkpt lat="44.405032" lon="5.395710"><ele>835.9</ele></trkpt>
    <trkpt lat="44.405064" lon="5.395839"><ele>838.2</ele></trkpt>
    <trkpt lat="44.405097" lon="5.395969"><ele>841.0</ele></trkpt>
    <trkpt lat="44.405140" lon="5.396082"><ele>843.3</ele></trkpt>
    <trkpt lat="44.405270" lon="5.396421"><ele>851.1</ele></trkpt>
    <trkpt lat="44.405303" lon="5.396501"><ele>853.4</ele></trkpt>
    <trkpt lat="44.405372" lon="5.396597"><ele>855.7</ele></trkpt>
    <trkpt lat="44.405796" lon="5.396943"><ele>865.1</ele></trkpt>
    <trkpt lat="44.406078" lon="5.397267"><ele>874.4</ele></trkpt>
    <trkpt lat="44.406156" lon="5.397347"><ele>877.2</ele></trkpt>
    <trkpt lat="44.406233" lon="5.397427"><ele>880.3</ele></trkpt>
    <trkpt lat="44.406330" lon="5.397494"><ele>883.2</ele></trkpt>
    <trkpt lat="44.406390" lon="5.397506"><ele>884.2</ele></trkpt>
    <trkpt lat="44.406451" lon="5.397501"><ele>884.9</ele></trkpt>
    <trkpt lat="44.406540" lon="5.397419"><ele>884.5</ele></trkpt>
    <trkpt lat="44.406584" lon="5.397363"><ele>884.1</ele></trkpt>
    <trkpt lat="44.406628" lon="5.397307"><ele>883.8</ele></trkpt>
    <trkpt lat="44.406682" lon="5.397269"><ele>884.2</ele></trkpt>
    <trkpt lat="44.406713" lon="5.397259"><ele>884.7</ele></trkpt>
    <trkpt lat="44.406747" lon="5.397251"><ele>885.3</ele></trkpt>
    <trkpt lat="44.406776" lon="5.397258"><ele>886.0</ele></trkpt>
    <trkpt lat="44.406839" lon="5.397309"><ele>888.3</ele></trkpt>
    <trkpt lat="44.406901" lon="5.397359"><ele>890.5</ele></trkpt>
    <trkpt lat="44.406995" lon="5.397439"><ele>894.2</ele></trkpt>
    <trkpt lat="44.407088" lon="5.397519"><ele>898.0</ele></trkpt>
    <trkpt lat="44.407174" lon="5.397593"><ele>901.2</ele></trkpt>
    <trkpt lat="44.407346" lon="5.397740"><ele>907.2</ele></trkpt>
    <trkpt lat="44.407428" lon="5.397800"><ele>909.8</ele></trkpt>
    <trkpt lat="44.407470" lon="5.397817"><ele>910.9</ele></trkpt>
    <trkpt lat="44.407588" lon="5.397825"><ele>912.9</ele></trkpt>
    <trkpt lat="44.407735" lon="5.397833"><ele>915.0</ele></trkpt>
    <trkpt lat="44.407799" lon="5.397841"><ele>915.5</ele></trkpt>
    <trkpt lat="44.407913" lon="5.397890"><ele>915.4</ele></trkpt>
    <trkpt lat="44.408022" lon="5.397976"><ele>916.0</ele></trkpt>
    <trkpt lat="44.408064" lon="5.398039"><ele>916.5</ele></trkpt>
    <trkpt lat="44.408107" lon="5.398103"><ele>915.5</ele></trkpt>
    <trkpt lat="44.408134" lon="5.398168"><ele>915.1</ele></trkpt>
    <trkpt lat="44.408145" lon="5.398241"><ele>915.3</ele></trkpt>
    <trkpt lat="44.408126" lon="5.398329"><ele>916.7</ele></trkpt>
    <trkpt lat="44.408078" lon="5.398392"><ele>918.3</ele></trkpt>
    <trkpt lat="44.408030" lon="5.398455"><ele>919.3</ele></trkpt>
    <trkpt lat="44.407985" lon="5.398504"><ele>919.8</ele></trkpt>
    <trkpt lat="44.407933" lon="5.398874"><ele>921.7</ele></trkpt>
    <trkpt lat="44.407930" lon="5.399512"><ele>927.3</ele></trkpt>
    <trkpt lat="44.407926" lon="5.399625"><ele>928.4</ele></trkpt>
    <trkpt lat="44.407932" lon="5.399769"><ele>929.5</ele></trkpt>
    <trkpt lat="44.407937" lon="5.399913"><ele>930.7</ele></trkpt>
    <trkpt lat="44.407948" lon="5.400020"><ele>931.4</ele></trkpt>
    <trkpt lat="44.407970" lon="5.400233"><ele>933.8</ele></trkpt>
    <trkpt lat="44.408006" lon="5.400453"><ele>936.0</ele></trkpt>
    <trkpt lat="44.408024" lon="5.400563"><ele>937.0</ele></trkpt>
    <trkpt lat="44.408053" lon="5.400691"><ele>938.5</ele></trkpt>
    <trkpt lat="44.408138" lon="5.401075"><ele>941.5</ele></trkpt>
    <trkpt lat="44.408197" lon="5.401300"><ele>943.3</ele></trkpt>
    <trkpt lat="44.408227" lon="5.401412"><ele>944.2</ele></trkpt>
    <trkpt lat="44.408257" lon="5.401525"><ele>945.2</ele></trkpt>
    <trkpt lat="44.408290" lon="5.401646"><ele>946.2</ele></trkpt>
    <trkpt lat="44.408388" lon="5.402008"><ele>947.8</ele></trkpt>
    <trkpt lat="44.408424" lon="5.402146"><ele>948.3</ele></trkpt>
    <trkpt lat="44.408494" lon="5.402423"><ele>950.3</ele></trkpt>
    <trkpt lat="44.408553" lon="5.402682"><ele>951.9</ele></trkpt>
    <trkpt lat="44.408611" lon="5.402941"><ele>953.9</ele></trkpt>
    <trkpt lat="44.408637" lon="5.403064"><ele>955.0</ele></trkpt>
    <trkpt lat="44.408663" lon="5.403187"><ele>956.1</ele></trkpt>
    <trkpt lat="44.408689" lon="5.403310"><ele>957.2</ele></trkpt>
    <trkpt lat="44.408714" lon="5.403433"><ele>958.1</ele></trkpt>
    <trkpt lat="44.408740" lon="5.403557"><ele>959.0</ele></trkpt>
    <trkpt lat="44.408797" lon="5.403802"><ele>961.1</ele></trkpt>
    <trkpt lat="44.408854" lon="5.404048"><ele>963.2</ele></trkpt>
    <trkpt lat="44.408891" lon="5.404178"><ele>964.1</ele></trkpt>
    <trkpt lat="44.409002" lon="5.404567"><ele>967.2</ele></trkpt>
    <trkpt lat="44.409117" lon="5.404934"><ele>970.4</ele></trkpt>
    <trkpt lat="44.409158" lon="5.405066"><ele>971.7</ele></trkpt>
    <trkpt lat="44.409195" lon="5.405177"><ele>972.8</ele></trkpt>
    <trkpt lat="44.409231" lon="5.405289"><ele>974.0</ele></trkpt>
    <trkpt lat="44.409304" lon="5.405512"><ele>977.0</ele></trkpt>
    <trkpt lat="44.409551" lon="5.406198"><ele>987.2</ele></trkpt>
    <trkpt lat="44.409604" lon="5.406314"><ele>989.1</ele></trkpt>
    <trkpt lat="44.409658" lon="5.406430"><ele>991.2</ele></trkpt>
    <trkpt lat="44.409737" lon="5.406570"><ele>993.4</ele></trkpt>
    <trkpt lat="44.409821" lon="5.406695"><ele>995.0</ele></trkpt>
    <trkpt lat="44.409896" lon="5.406774"><ele>995.1</ele></trkpt>
    <trkpt lat="44.409970" lon="5.406853"><ele>995.2</ele></trkpt>
    <trkpt lat="44.410229" lon="5.407173"><ele>998.0</ele></trkpt>
    <trkpt lat="44.410364" lon="5.407360"><ele>999.8</ele></trkpt>
    <trkpt lat="44.410427" lon="5.407459"><ele>1001.1</ele></trkpt>
    <trkpt lat="44.410490" lon="5.407558"><ele>1002.4</ele></trkpt>
    <trkpt lat="44.410565" lon="5.407660"><ele>1003.4</ele></trkpt>
    <trkpt lat="44.410716" lon="5.407862"><ele>1005.4</ele></trkpt>
    <trkpt lat="44.410800" lon="5.407971"><ele>1006.4</ele></trkpt>
    <trkpt lat="44.410873" lon="5.408064"><ele>1007.2</ele></trkpt>
    <trkpt lat="44.411018" lon="5.408251"><ele>1009.0</ele></trkpt>
    <trkpt lat="44.410873" lon="5.408064"><ele>1007.2</ele></trkpt>
    <trkpt lat="44.410800" lon="5.407971"><ele>1006.4</ele></trkpt>
    <trkpt lat="44.410716" lon="5.407862"><ele>1005.4</ele></trkpt>
    <trkpt lat="44.410565" lon="5.407660"><ele>1003.4</ele></trkpt>
    <trkpt lat="44.410490" lon="5.407558"><ele>1002.4</ele></trkpt>
    <trkpt lat="44.410427" lon="5.407459"><ele>1001.1</ele></trkpt>
    <trkpt lat="44.410364" lon="5.407360"><ele>999.8</ele></trkpt>
    <trkpt lat="44.410229" lon="5.407173"><ele>998.0</ele></trkpt>
    <trkpt lat="44.409970" lon="5.406853"><ele>995.2</ele></trkpt>
    <trkpt lat="44.409896" lon="5.406774"><ele>995.1</ele></trkpt>
    <trkpt lat="44.409821" lon="5.406695"><ele>995.0</ele></trkpt>
    <trkpt lat="44.409737" lon="5.406570"><ele>993.4</ele></trkpt>
    <trkpt lat="44.409658" lon="5.406430"><ele>991.2</ele></trkpt>
    <trkpt lat="44.409604" lon="5.406314"><ele>989.1</ele></trkpt>
    <trkpt lat="44.409551" lon="5.406198"><ele>987.2</ele></trkpt>
    <trkpt lat="44.409304" lon="5.405512"><ele>977.0</ele></trkpt>
    <trkpt lat="44.409231" lon="5.405289"><ele>974.0</ele></trkpt>
    <trkpt lat="44.409195" lon="5.405177"><ele>972.8</ele></trkpt>
    <trkpt lat="44.409158" lon="5.405066"><ele>971.7</ele></trkpt>
    <trkpt lat="44.409117" lon="5.404934"><ele>970.4</ele></trkpt>
    <trkpt lat="44.409002" lon="5.404567"><ele>967.2</ele></trkpt>
    <trkpt lat="44.408891" lon="5.404178"><ele>964.1</ele></trkpt>
    <trkpt lat="44.408854" lon="5.404048"><ele>963.2</ele></trkpt>
    <trkpt lat="44.408797" lon="5.403802"><ele>961.1</ele></trkpt>
    <trkpt lat="44.408740" lon="5.403557"><ele>959.0</ele></trkpt>
    <trkpt lat="44.408714" lon="5.403433"><ele>958.1</ele></trkpt>
    <trkpt lat="44.408689" lon="5.403310"><ele>957.2</ele></trkpt>
    <trkpt lat="44.408663" lon="5.403187"><ele>956.1</ele></trkpt>
    <trkpt lat="44.408637" lon="5.403064"><ele>955.0</ele></trkpt>
    <trkpt lat="44.408611" lon="5.402941"><ele>953.9</ele></trkpt>
    <trkpt lat="44.408553" lon="5.402682"><ele>951.9</ele></trkpt>
    <trkpt lat="44.408494" lon="5.402423"><ele>950.3</ele></trkpt>
    <trkpt lat="44.408424" lon="5.402146"><ele>948.3</ele></trkpt>
    <trkpt lat="44.408388" lon="5.402008"><ele>947.8</ele></trkpt>
    <trkpt lat="44.408290" lon="5.401646"><ele>946.2</ele></trkpt>
    <trkpt lat="44.408257" lon="5.401525"><ele>945.2</ele></trkpt>
    <trkpt lat="44.408227" lon="5.401412"><ele>944.2</ele></trkpt>
    <trkpt lat="44.408197" lon="5.401300"><ele>943.3</ele></trkpt>
    <trkpt lat="44.408138" lon="5.401075"><ele>941.5</ele></trkpt>
    <trkpt lat="44.408053" lon="5.400691"><ele>938.5</ele></trkpt>
    <trkpt lat="44.408024" lon="5.400563"><ele>937.0</ele></trkpt>
    <trkpt lat="44.408006" lon="5.400453"><ele>936.0</ele></trkpt>
    <trkpt lat="44.407970" lon="5.400233"><ele>933.8</ele></trkpt>
    <trkpt lat="44.407948" lon="5.400020"><ele>931.4</ele></trkpt>
    <trkpt lat="44.407937" lon="5.399913"><ele>930.7</ele></trkpt>
    <trkpt lat="44.407932" lon="5.399769"><ele>929.5</ele></trkpt>
    <trkpt lat="44.407926" lon="5.399625"><ele>928.4</ele></trkpt>
    <trkpt lat="44.407930" lon="5.399512"><ele>927.3</ele></trkpt>
    <trkpt lat="44.407933" lon="5.398874"><ele>921.7</ele></trkpt>
    <trkpt lat="44.407985" lon="5.398504"><ele>919.8</ele></trkpt>
    <trkpt lat="44.408030" lon="5.398455"><ele>919.3</ele></trkpt>
    <trkpt lat="44.408078" lon="5.398392"><ele>918.3</ele></trkpt>
    <trkpt lat="44.408126" lon="5.398329"><ele>916.7</ele></trkpt>
    <trkpt lat="44.408145" lon="5.398241"><ele>915.3</ele></trkpt>
    <trkpt lat="44.408134" lon="5.398168"><ele>915.1</ele></trkpt>
    <trkpt lat="44.408107" lon="5.398103"><ele>915.5</ele></trkpt>
    <trkpt lat="44.408064" lon="5.398039"><ele>916.5</ele></trkpt>
    <trkpt lat="44.408022" lon="5.397976"><ele>916.0</ele></trkpt>
    <trkpt lat="44.407913" lon="5.397890"><ele>915.4</ele></trkpt>
    <trkpt lat="44.407799" lon="5.397841"><ele>915.5</ele></trkpt>
    <trkpt lat="44.407735" lon="5.397833"><ele>915.0</ele></trkpt>
    <trkpt lat="44.407588" lon="5.397825"><ele>912.9</ele></trkpt>
    <trkpt lat="44.407470" lon="5.397817"><ele>910.9</ele></trkpt>
    <trkpt lat="44.407428" lon="5.397800"><ele>909.8</ele></trkpt>
    <trkpt lat="44.407346" lon="5.397740"><ele>907.2</ele></trkpt>
    <trkpt lat="44.407174" lon="5.397593"><ele>901.2</ele></trkpt>
    <trkpt lat="44.407088" lon="5.397519"><ele>898.0</ele></trkpt>
    <trkpt lat="44.406995" lon="5.397439"><ele>894.2</ele></trkpt>
    <trkpt lat="44.406901" lon="5.397359"><ele>890.5</ele></trkpt>
    <trkpt lat="44.406839" lon="5.397309"><ele>888.3</ele></trkpt>
    <trkpt lat="44.406776" lon="5.397258"><ele>886.0</ele></trkpt>
    <trkpt lat="44.406747" lon="5.397251"><ele>885.3</ele></trkpt>
    <trkpt lat="44.406713" lon="5.397259"><ele>884.7</ele></trkpt>
    <trkpt lat="44.406682" lon="5.397269"><ele>884.2</ele></trkpt>
    <trkpt lat="44.406628" lon="5.397307"><ele>883.8</ele></trkpt>
    <trkpt lat="44.406584" lon="5.397363"><ele>884.1</ele></trkpt>
    <trkpt lat="44.406540" lon="5.397419"><ele>884.5</ele></trkpt>
    <trkpt lat="44.406451" lon="5.397501"><ele>884.9</ele></trkpt>
    <trkpt lat="44.406390" lon="5.397506"><ele>884.2</ele></trkpt>
    <trkpt lat="44.406330" lon="5.397494"><ele>883.2</ele></trkpt>
    <trkpt lat="44.406233" lon="5.397427"><ele>880.3</ele></trkpt>
    <trkpt lat="44.406156" lon="5.397347"><ele>877.2</ele></trkpt>
    <trkpt lat="44.406078" lon="5.397267"><ele>874.4</ele></trkpt>
    <trkpt lat="44.405796" lon="5.396943"><ele>865.1</ele></trkpt>
    <trkpt lat="44.405372" lon="5.396597"><ele>855.7</ele></trkpt>
    <trkpt lat="44.405303" lon="5.396501"><ele>853.4</ele></trkpt>
    <trkpt lat="44.405270" lon="5.396421"><ele>851.1</ele></trkpt>
    <trkpt lat="44.405140" lon="5.396082"><ele>843.3</ele></trkpt>
    <trkpt lat="44.405097" lon="5.395969"><ele>841.0</ele></trkpt>
    <trkpt lat="44.405064" lon="5.395839"><ele>838.2</ele></trkpt>
    <trkpt lat="44.405032" lon="5.395710"><ele>835.9</ele></trkpt>
    <trkpt lat="44.404967" lon="5.395452"><ele>831.0</ele></trkpt>
    <trkpt lat="44.404920" lon="5.395239"><ele>826.7</ele></trkpt>
    <trkpt lat="44.404896" lon="5.395133"><ele>824.2</ele></trkpt>
    <trkpt lat="44.404875" lon="5.395026"><ele>821.5</ele></trkpt>
    <trkpt lat="44.404854" lon="5.394919"><ele>818.6</ele></trkpt>
    <trkpt lat="44.404834" lon="5.394812"><ele>815.6</ele></trkpt>
    <trkpt lat="44.404809" lon="5.394759"><ele>814.2</ele></trkpt>
    <trkpt lat="44.404736" lon="5.394650"><ele>811.5</ele></trkpt>
    <trkpt lat="44.404484" lon="5.394288"><ele>801.8</ele></trkpt>
    <trkpt lat="44.404410" lon="5.394198"><ele>799.7</ele></trkpt>
    <trkpt lat="44.404230" lon="5.393980"><ele>793.9</ele></trkpt>
    <trkpt lat="44.404177" lon="5.393934"><ele>792.9</ele></trkpt>
    <trkpt lat="44.404124" lon="5.393899"><ele>792.1</ele></trkpt>
    <trkpt lat="44.404072" lon="5.393864"><ele>790.9</ele></trkpt>
    <trkpt lat="44.404044" lon="5.393857"><ele>790.6</ele></trkpt>
    <trkpt lat="44.404014" lon="5.393857"><ele>790.6</ele></trkpt>
    <trkpt lat="44.403967" lon="5.393867"><ele>790.7</ele></trkpt>
    <trkpt lat="44.403886" lon="5.393901"><ele>791.2</ele></trkpt>
    <trkpt lat="44.403794" lon="5.393943"><ele>791.2</ele></trkpt>
    <trkpt lat="44.403703" lon="5.393985"><ele>791.2</ele></trkpt>
    <trkpt lat="44.403620" lon="5.394013"><ele>790.9</ele></trkpt>
    <trkpt lat="44.403583" lon="5.394011"><ele>790.8</ele></trkpt>
    <trkpt lat="44.403561" lon="5.393987"><ele>790.5</ele></trkpt>
    <trkpt lat="44.403561" lon="5.393951"><ele>790.1</ele></trkpt>
    <trkpt lat="44.403581" lon="5.393844"><ele>789.3</ele></trkpt>
    <trkpt lat="44.403651" lon="5.393646"><ele>788.5</ele></trkpt>
    <trkpt lat="44.403752" lon="5.393397"><ele>783.5</ele></trkpt>
    <trkpt lat="44.403772" lon="5.393387"><ele>782.7</ele></trkpt>
    <trkpt lat="44.403814" lon="5.393367"><ele>781.1</ele></trkpt>
    <trkpt lat="44.403845" lon="5.393352"><ele>779.8</ele></trkpt>
    <trkpt lat="44.403866" lon="5.393348"><ele>779.1</ele></trkpt>
    <trkpt lat="44.403876" lon="5.393345"><ele>778.7</ele></trkpt>
    <trkpt lat="44.403897" lon="5.393341"><ele>778.2</ele></trkpt>
    <trkpt lat="44.403918" lon="5.393337"><ele>778.3</ele></trkpt>
    <trkpt lat="44.403970" lon="5.393327"><ele>778.6</ele></trkpt>
    <trkpt lat="44.403981" lon="5.393324"><ele>778.7</ele></trkpt>
    <trkpt lat="44.403991" lon="5.393321"><ele>778.8</ele></trkpt>
    <trkpt lat="44.404141" lon="5.393282"><ele>780.8</ele></trkpt>
    <trkpt lat="44.404151" lon="5.393278"><ele>781.0</ele></trkpt>
    <trkpt lat="44.404160" lon="5.393274"><ele>781.2</ele></trkpt>
    <trkpt lat="44.404198" lon="5.393257"><ele>782.3</ele></trkpt>
    <trkpt lat="44.404217" lon="5.393249"><ele>782.9</ele></trkpt>
    <trkpt lat="44.404234" lon="5.393235"><ele>783.6</ele></trkpt>
    <trkpt lat="44.404250" lon="5.393220"><ele>784.2</ele></trkpt>
    <trkpt lat="44.404251" lon="5.393207"><ele>784.4</ele></trkpt>
    <trkpt lat="44.404255" lon="5.393179"><ele>785.0</ele></trkpt>
    <trkpt lat="44.404249" lon="5.393112"><ele>786.1</ele></trkpt>
    <trkpt lat="44.404234" lon="5.393063"><ele>786.8</ele></trkpt>
    <trkpt lat="44.404218" lon="5.393014"><ele>787.0</ele></trkpt>
    <trkpt lat="44.404202" lon="5.392974"><ele>787.1</ele></trkpt>
    <trkpt lat="44.404169" lon="5.392894"><ele>787.2</ele></trkpt>
    <trkpt lat="44.404130" lon="5.392783"><ele>786.9</ele></trkpt>
    <trkpt lat="44.404110" lon="5.392727"><ele>786.6</ele></trkpt>
    <trkpt lat="44.404000" lon="5.392353"><ele>785.6</ele></trkpt>
    <trkpt lat="44.403955" lon="5.392119"><ele>785.8</ele></trkpt>
    <trkpt lat="44.403945" lon="5.392001"><ele>786.0</ele></trkpt>
    <trkpt lat="44.403935" lon="5.391882"><ele>786.2</ele></trkpt>
    <trkpt lat="44.403930" lon="5.391823"><ele>786.3</ele></trkpt>
    <trkpt lat="44.403908" lon="5.391768"><ele>786.0</ele></trkpt>
    <trkpt lat="44.403886" lon="5.391713"><ele>785.7</ele></trkpt>
    <trkpt lat="44.403843" lon="5.391603"><ele>784.6</ele></trkpt>
    <trkpt lat="44.403806" lon="5.391562"><ele>783.4</ele></trkpt>
    <trkpt lat="44.403769" lon="5.391520"><ele>782.3</ele></trkpt>
    <trkpt lat="44.403732" lon="5.391479"><ele>781.3</ele></trkpt>
    <trkpt lat="44.403695" lon="5.391438"><ele>780.3</ele></trkpt>
    <trkpt lat="44.403622" lon="5.391355"><ele>778.4</ele></trkpt>
    <trkpt lat="44.403568" lon="5.391246"><ele>777.4</ele></trkpt>
    <trkpt lat="44.403323" lon="5.390758"><ele>773.6</ele></trkpt>
    <trkpt lat="44.403296" lon="5.390704"><ele>773.6</ele></trkpt>
    <trkpt lat="44.403238" lon="5.390543"><ele>773.3</ele></trkpt>
    <trkpt lat="44.403218" lon="5.390490"><ele>773.2</ele></trkpt>
    <trkpt lat="44.403195" lon="5.390449"><ele>772.8</ele></trkpt>
    <trkpt lat="44.403172" lon="5.390409"><ele>772.4</ele></trkpt>
    <trkpt lat="44.402909" lon="5.389968"><ele>768.9</ele></trkpt>
    <trkpt lat="44.402847" lon="5.389869"><ele>767.2</ele></trkpt>
    <trkpt lat="44.402785" lon="5.389769"><ele>765.3</ele></trkpt>
    <trkpt lat="44.402605" lon="5.389438"><ele>764.1</ele></trkpt>
    <trkpt lat="44.402593" lon="5.389396"><ele>763.9</ele></trkpt>
    <trkpt lat="44.402568" lon="5.389313"><ele>763.3</ele></trkpt>
    <trkpt lat="44.402550" lon="5.389197"><ele>762.4</ele></trkpt>
    <trkpt lat="44.402543" lon="5.389131"><ele>762.0</ele></trkpt>
    <trkpt lat="44.402527" lon="5.388998"><ele>761.1</ele></trkpt>
    <trkpt lat="44.402514" lon="5.388878"><ele>760.4</ele></trkpt>
    <trkpt lat="44.402481" lon="5.388577"><ele>760.2</ele></trkpt>
    <trkpt lat="44.402474" lon="5.388517"><ele>760.2</ele></trkpt>
    <trkpt lat="44.402471" lon="5.388464"><ele>760.2</ele></trkpt>
    <trkpt lat="44.402467" lon="5.388410"><ele>760.1</ele></trkpt>
    <trkpt lat="44.402473" lon="5.388355"><ele>760.0</ele></trkpt>
    <trkpt lat="44.402466" lon="5.388166"><ele>759.3</ele></trkpt>
    <trkpt lat="44.402374" lon="5.387981"><ele>757.7</ele></trkpt>
    <trkpt lat="44.402266" lon="5.387803"><ele>755.0</ele></trkpt>
    <trkpt lat="44.402202" lon="5.387685"><ele>754.5</ele></trkpt>
    <trkpt lat="44.402111" lon="5.387436"><ele>756.5</ele></trkpt>
    <trkpt lat="44.402104" lon="5.387381"><ele>756.3</ele></trkpt>
    <trkpt lat="44.402097" lon="5.387326"><ele>756.0</ele></trkpt>
    <trkpt lat="44.402084" lon="5.387217"><ele>755.5</ele></trkpt>
    <trkpt lat="44.402030" lon="5.387013"><ele>756.4</ele></trkpt>
    <trkpt lat="44.401998" lon="5.386963"><ele>757.3</ele></trkpt>
    <trkpt lat="44.401962" lon="5.386952"><ele>758.4</ele></trkpt>
    <trkpt lat="44.401947" lon="5.386933"><ele>759.1</ele></trkpt>
    <trkpt lat="44.401943" lon="5.386888"><ele>760.1</ele></trkpt>
    <trkpt lat="44.401967" lon="5.386830"><ele>760.2</ele></trkpt>
    <trkpt lat="44.402039" lon="5.386673"><ele>759.2</ele></trkpt>
    <trkpt lat="44.402062" lon="5.386621"><ele>759.2</ele></trkpt>
    <trkpt lat="44.402095" lon="5.386574"><ele>758.8</ele></trkpt>
    <trkpt lat="44.402159" lon="5.386481"><ele>758.2</ele></trkpt>
    <trkpt lat="44.402335" lon="5.386238"><ele>755.8</ele></trkpt>
    <trkpt lat="44.402431" lon="5.386119"><ele>753.8</ele></trkpt>
    <trkpt lat="44.402464" lon="5.386081"><ele>753.2</ele></trkpt>
    <trkpt lat="44.402503" lon="5.386002"><ele>753.3</ele></trkpt>
    <trkpt lat="44.402523" lon="5.385963"><ele>753.4</ele></trkpt>
    <trkpt lat="44.402550" lon="5.385852"><ele>754.5</ele></trkpt>
    <trkpt lat="44.402563" lon="5.385796"><ele>755.2</ele></trkpt>
    <trkpt lat="44.402577" lon="5.385740"><ele>755.8</ele></trkpt>
    <trkpt lat="44.402605" lon="5.385615"><ele>757.4</ele></trkpt>
    <trkpt lat="44.402619" lon="5.385552"><ele>758.1</ele></trkpt>
    <trkpt lat="44.402633" lon="5.385489"><ele>758.8</ele></trkpt>
    <trkpt lat="44.402647" lon="5.385426"><ele>759.6</ele></trkpt>
    <trkpt lat="44.402729" lon="5.385060"><ele>764.9</ele></trkpt>
    <trkpt lat="44.402796" lon="5.384763"><ele>769.0</ele></trkpt>
    <trkpt lat="44.403128" lon="5.384123"><ele>771.9</ele></trkpt>
    <trkpt lat="44.403274" lon="5.383941"><ele>771.1</ele></trkpt>
    <trkpt lat="44.403349" lon="5.383881"><ele>769.4</ele></trkpt>
    <trkpt lat="44.403378" lon="5.383850"><ele>768.8</ele></trkpt>
    <trkpt lat="44.403436" lon="5.383790"><ele>767.6</ele></trkpt>
    <trkpt lat="44.403502" lon="5.383711"><ele>766.7</ele></trkpt>
    <trkpt lat="44.403536" lon="5.383672"><ele>766.1</ele></trkpt>
    <trkpt lat="44.403558" lon="5.383634"><ele>766.2</ele></trkpt>
    <trkpt lat="44.403580" lon="5.383595"><ele>766.3</ele></trkpt>
    <trkpt lat="44.403625" lon="5.383486"><ele>767.1</ele></trkpt>
    <trkpt lat="44.403647" lon="5.383431"><ele>767.5</ele></trkpt>
    <trkpt lat="44.403751" lon="5.383033"><ele>770.0</ele></trkpt>
    <trkpt lat="44.403741" lon="5.383007"><ele>770.5</ele></trkpt>
    <trkpt lat="44.403700" lon="5.383001"><ele>772.2</ele></trkpt>
    <trkpt lat="44.403619" lon="5.382944"><ele>775.3</ele></trkpt>
    <trkpt lat="44.403395" lon="5.382543"><ele>777.1</ele></trkpt>
    <trkpt lat="44.403254" lon="5.382254"><ele>773.2</ele></trkpt>
    <trkpt lat="44.403224" lon="5.382201"><ele>772.5</ele></trkpt>
    <trkpt lat="44.403195" lon="5.382149"><ele>771.9</ele></trkpt>
    <trkpt lat="44.403165" lon="5.382096"><ele>771.2</ele></trkpt>
    <trkpt lat="44.403136" lon="5.382044"><ele>770.6</ele></trkpt>
    <trkpt lat="44.403106" lon="5.381991"><ele>769.9</ele></trkpt>
    <trkpt lat="44.403082" lon="5.381949"><ele>769.4</ele></trkpt>
    <trkpt lat="44.402891" lon="5.381608"><ele>766.5</ele></trkpt>
    <trkpt lat="44.402843" lon="5.381523"><ele>766.0</ele></trkpt>
    <trkpt lat="44.402819" lon="5.381481"><ele>765.8</ele></trkpt>
    <trkpt lat="44.402754" lon="5.381225"><ele>763.5</ele></trkpt>
    <trkpt lat="44.402759" lon="5.381179"><ele>762.7</ele></trkpt>
    <trkpt lat="44.402769" lon="5.381085"><ele>761.4</ele></trkpt>
    <trkpt lat="44.402788" lon="5.381046"><ele>760.9</ele></trkpt>
    <trkpt lat="44.402824" lon="5.380968"><ele>760.1</ele></trkpt>
    <trkpt lat="44.402843" lon="5.380929"><ele>759.6</ele></trkpt>
    <trkpt lat="44.402925" lon="5.380831"><ele>757.3</ele></trkpt>
    <trkpt lat="44.402980" lon="5.380766"><ele>756.4</ele></trkpt>
    <trkpt lat="44.403087" lon="5.380676"><ele>754.2</ele></trkpt>
    <trkpt lat="44.403114" lon="5.380654"><ele>753.6</ele></trkpt>
    <trkpt lat="44.403145" lon="5.380625"><ele>752.9</ele></trkpt>
    <trkpt lat="44.403176" lon="5.380596"><ele>752.1</ele></trkpt>
    <trkpt lat="44.403266" lon="5.380495"><ele>750.3</ele></trkpt>
    <trkpt lat="44.403355" lon="5.380393"><ele>748.4</ele></trkpt>
    <trkpt lat="44.403378" lon="5.380355"><ele>748.0</ele></trkpt>
    <trkpt lat="44.403447" lon="5.380242"><ele>746.6</ele></trkpt>
    <trkpt lat="44.403492" lon="5.380166"><ele>745.8</ele></trkpt>
    <trkpt lat="44.403532" lon="5.380080"><ele>745.3</ele></trkpt>
    <trkpt lat="44.403552" lon="5.380036"><ele>745.0</ele></trkpt>
    <trkpt lat="44.403572" lon="5.379993"><ele>744.6</ele></trkpt>
    <trkpt lat="44.403631" lon="5.379863"><ele>740.4</ele></trkpt>
    <trkpt lat="44.403651" lon="5.379820"><ele>738.8</ele></trkpt>
    <trkpt lat="44.403685" lon="5.379751"><ele>736.1</ele></trkpt>
    <trkpt lat="44.403764" lon="5.379742"><ele>731.4</ele></trkpt>
    <trkpt lat="44.403807" lon="5.379778"><ele>729.3</ele></trkpt>
    <trkpt lat="44.403830" lon="5.379819"><ele>728.4</ele></trkpt>
    <trkpt lat="44.403853" lon="5.379860"><ele>727.6</ele></trkpt>
    <trkpt lat="44.403876" lon="5.379901"><ele>726.7</ele></trkpt>
    <trkpt lat="44.403899" lon="5.379942"><ele>725.7</ele></trkpt>
    <trkpt lat="44.403927" lon="5.379940"><ele>723.8</ele></trkpt>
    <trkpt lat="44.403982" lon="5.379937"><ele>720.1</ele></trkpt>
    <trkpt lat="44.404001" lon="5.379843"><ele>717.6</ele></trkpt>
    <trkpt lat="44.404010" lon="5.379796"><ele>716.3</ele></trkpt>
    <trkpt lat="44.404004" lon="5.379689"><ele>715.2</ele></trkpt>
    <trkpt lat="44.404001" lon="5.379636"><ele>714.5</ele></trkpt>
    <trkpt lat="44.403992" lon="5.379476"><ele>712.5</ele></trkpt>
    <trkpt lat="44.403974" lon="5.379435"><ele>713.1</ele></trkpt>
    <trkpt lat="44.403902" lon="5.379269"><ele>716.4</ele></trkpt>
    <trkpt lat="44.403884" lon="5.379228"><ele>716.9</ele></trkpt>
    <trkpt lat="44.403837" lon="5.379108"><ele>719.1</ele></trkpt>
    <trkpt lat="44.403822" lon="5.379068"><ele>720.0</ele></trkpt>
    <trkpt lat="44.403806" lon="5.379028"><ele>720.9</ele></trkpt>
    <trkpt lat="44.403813" lon="5.378988"><ele>720.7</ele></trkpt>
    <trkpt lat="44.403833" lon="5.378867"><ele>720.5</ele></trkpt>
    <trkpt lat="44.403864" lon="5.378827"><ele>720.0</ele></trkpt>
    <trkpt lat="44.403907" lon="5.378798"><ele>719.1</ele></trkpt>
    <trkpt lat="44.403973" lon="5.378792"><ele>717.1</ele></trkpt>
    <trkpt lat="44.404006" lon="5.378790"><ele>716.2</ele></trkpt>
    <trkpt lat="44.404062" lon="5.378809"><ele>713.9</ele></trkpt>
    <trkpt lat="44.404090" lon="5.378818"><ele>712.8</ele></trkpt>
    <trkpt lat="44.404121" lon="5.378837"><ele>711.2</ele></trkpt>
    <trkpt lat="44.404151" lon="5.378856"><ele>709.6</ele></trkpt>
    <trkpt lat="44.404179" lon="5.378878"><ele>707.8</ele></trkpt>
    <trkpt lat="44.404207" lon="5.378899"><ele>705.9</ele></trkpt>
    <trkpt lat="44.404235" lon="5.378921"><ele>704.0</ele></trkpt>
    <trkpt lat="44.404266" lon="5.378929"><ele>702.3</ele></trkpt>
    <trkpt lat="44.404330" lon="5.378946"><ele>698.8</ele></trkpt>
    <trkpt lat="44.404393" lon="5.378899"><ele>697.1</ele></trkpt>
    <trkpt lat="44.404456" lon="5.378852"><ele>695.8</ele></trkpt>
    <trkpt lat="44.404484" lon="5.378829"><ele>695.1</ele></trkpt>
    <trkpt lat="44.404542" lon="5.378782"><ele>693.7</ele></trkpt>
    <trkpt lat="44.404820" lon="5.378521"><ele>689.9</ele></trkpt>
    <trkpt lat="44.405045" lon="5.378379"><ele>684.5</ele></trkpt>
    <trkpt lat="44.405268" lon="5.378266"><ele>678.2</ele></trkpt>
    <trkpt lat="44.405517" lon="5.378137"><ele>673.5</ele></trkpt>
    <trkpt lat="44.405614" lon="5.378045"><ele>672.6</ele></trkpt>
    <trkpt lat="44.405699" lon="5.377957"><ele>673.0</ele></trkpt>
    <trkpt lat="44.405765" lon="5.377909"><ele>671.8</ele></trkpt>
    <trkpt lat="44.405799" lon="5.377885"><ele>670.9</ele></trkpt>
    <trkpt lat="44.405832" lon="5.377861"><ele>670.0</ele></trkpt>
    <trkpt lat="44.405868" lon="5.377842"><ele>669.5</ele></trkpt>
    <trkpt lat="44.406011" lon="5.377766"><ele>665.9</ele></trkpt>
    <trkpt lat="44.406136" lon="5.377711"><ele>662.7</ele></trkpt>
    <trkpt lat="44.406167" lon="5.377698"><ele>662.5</ele></trkpt>
    <trkpt lat="44.406198" lon="5.377684"><ele>662.1</ele></trkpt>
    <trkpt lat="44.406225" lon="5.377675"><ele>661.7</ele></trkpt>
    <trkpt lat="44.406251" lon="5.377665"><ele>661.2</ele></trkpt>
    <trkpt lat="44.406277" lon="5.377655"><ele>660.6</ele></trkpt>
    <trkpt lat="44.406297" lon="5.377637"><ele>660.0</ele></trkpt>
    <trkpt lat="44.406317" lon="5.377619"><ele>659.2</ele></trkpt>
    <trkpt lat="44.406334" lon="5.377584"><ele>658.1</ele></trkpt>
    <trkpt lat="44.406351" lon="5.377550"><ele>656.8</ele></trkpt>
    <trkpt lat="44.406447" lon="5.377344"><ele>653.5</ele></trkpt>
    <trkpt lat="44.406461" lon="5.377299"><ele>653.1</ele></trkpt>
    <trkpt lat="44.406490" lon="5.377208"><ele>651.8</ele></trkpt>
    <trkpt lat="44.406504" lon="5.377162"><ele>651.3</ele></trkpt>
    <trkpt lat="44.406564" lon="5.376768"><ele>645.5</ele></trkpt>
    <trkpt lat="44.406574" lon="5.376662"><ele>644.0</ele></trkpt>
    <trkpt lat="44.406594" lon="5.376450"><ele>642.1</ele></trkpt>
    <trkpt lat="44.406604" lon="5.376345"><ele>641.3</ele></trkpt>
    <trkpt lat="44.406609" lon="5.376254"><ele>641.1</ele></trkpt>
    <trkpt lat="44.406612" lon="5.376209"><ele>640.9</ele></trkpt>
    <trkpt lat="44.406615" lon="5.376164"><ele>640.8</ele></trkpt>
    <trkpt lat="44.406789" lon="5.375834"><ele>634.7</ele></trkpt>
    <trkpt lat="44.406890" lon="5.375653"><ele>632.8</ele></trkpt>
    <trkpt lat="44.406926" lon="5.375589"><ele>631.7</ele></trkpt>
    <trkpt lat="44.406944" lon="5.375557"><ele>631.0</ele></trkpt>
    <trkpt lat="44.407034" lon="5.375390"><ele>633.2</ele></trkpt>
    <trkpt lat="44.407078" lon="5.375306"><ele>633.7</ele></trkpt>
    <trkpt lat="44.407170" lon="5.375088"><ele>634.8</ele></trkpt>
    <trkpt lat="44.407216" lon="5.374978"><ele>634.7</ele></trkpt>
    <trkpt lat="44.407302" lon="5.374792"><ele>635.8</ele></trkpt>
    <trkpt lat="44.407364" lon="5.374688"><ele>635.9</ele></trkpt>
    <trkpt lat="44.407404" lon="5.374651"><ele>635.6</ele></trkpt>
    <trkpt lat="44.407443" lon="5.374613"><ele>635.3</ele></trkpt>
    <trkpt lat="44.407588" lon="5.374499"><ele>633.6</ele></trkpt>
    <trkpt lat="44.407640" lon="5.374471"><ele>632.7</ele></trkpt>
    <trkpt lat="44.407692" lon="5.374443"><ele>631.8</ele></trkpt>
    <trkpt lat="44.407771" lon="5.374441"><ele>629.3</ele></trkpt>
    <trkpt lat="44.407847" lon="5.374450"><ele>626.4</ele></trkpt>
    <trkpt lat="44.407924" lon="5.374459"><ele>623.3</ele></trkpt>
    <trkpt lat="44.408006" lon="5.374459"><ele>620.4</ele></trkpt>
    <trkpt lat="44.408088" lon="5.374459"><ele>617.6</ele></trkpt>
    <trkpt lat="44.408143" lon="5.374435"><ele>616.5</ele></trkpt>
    <trkpt lat="44.408192" lon="5.374390"><ele>616.3</ele></trkpt>
    <trkpt lat="44.408241" lon="5.374344"><ele>615.9</ele></trkpt>
    <trkpt lat="44.408353" lon="5.374214"><ele>615.1</ele></trkpt>
    <trkpt lat="44.408409" lon="5.374149"><ele>614.5</ele></trkpt>
    <trkpt lat="44.408528" lon="5.374008"><ele>613.1</ele></trkpt>
    <trkpt lat="44.408587" lon="5.373938"><ele>612.0</ele></trkpt>
    <trkpt lat="44.408684" lon="5.373795"><ele>610.6</ele></trkpt>
    <trkpt lat="44.408726" lon="5.373692"><ele>610.4</ele></trkpt>
    <trkpt lat="44.408769" lon="5.373590"><ele>609.9</ele></trkpt>
    <trkpt lat="44.408922" lon="5.373188"><ele>606.8</ele></trkpt>
    <trkpt lat="44.409077" lon="5.372770"><ele>603.2</ele></trkpt>
    <trkpt lat="44.409282" lon="5.372208"><ele>595.9</ele></trkpt>
    <trkpt lat="44.409323" lon="5.372095"><ele>593.4</ele></trkpt>
    <trkpt lat="44.409336" lon="5.372027"><ele>592.6</ele></trkpt>
    <trkpt lat="44.409348" lon="5.371959"><ele>591.9</ele></trkpt>
    <trkpt lat="44.409345" lon="5.371849"><ele>591.2</ele></trkpt>
    <trkpt lat="44.409302" lon="5.371635"><ele>591.8</ele></trkpt>
    <trkpt lat="44.409280" lon="5.371528"><ele>591.7</ele></trkpt>
    <trkpt lat="44.409251" lon="5.371435"><ele>592.2</ele></trkpt>
    <trkpt lat="44.409221" lon="5.371342"><ele>592.6</ele></trkpt>
    <trkpt lat="44.409192" lon="5.371249"><ele>592.8</ele></trkpt>
    <trkpt lat="44.409190" lon="5.371181"><ele>591.7</ele></trkpt>
    <trkpt lat="44.409188" lon="5.371114"><ele>590.6</ele></trkpt>
    <trkpt lat="44.409199" lon="5.371012"><ele>588.7</ele></trkpt>
    <trkpt lat="44.409222" lon="5.370810"><ele>585.0</ele></trkpt>
    <trkpt lat="44.409289" lon="5.370490"><ele>578.5</ele></trkpt>
    <trkpt lat="44.409311" lon="5.370384"><ele>576.8</ele></trkpt>
    <trkpt lat="44.409340" lon="5.370292"><ele>574.6</ele></trkpt>
    <trkpt lat="44.409398" lon="5.370107"><ele>570.9</ele></trkpt>
    <trkpt lat="44.409427" lon="5.370015"><ele>569.1</ele></trkpt>
    <trkpt lat="44.409804" lon="5.369294"><ele>555.7</ele></trkpt>
    <trkpt lat="44.409972" lon="5.369044"><ele>552.5</ele></trkpt>
    <trkpt lat="44.410028" lon="5.368960"><ele>551.9</ele></trkpt>
    <trkpt lat="44.410159" lon="5.368791"><ele>550.1</ele></trkpt>
    <trkpt lat="44.410603" lon="5.368206"><ele>538.9</ele></trkpt>
    <trkpt lat="44.410664" lon="5.368113"><ele>537.3</ele></trkpt>
    <trkpt lat="44.410786" lon="5.367925"><ele>533.9</ele></trkpt>
    <trkpt lat="44.410826" lon="5.367845"><ele>532.7</ele></trkpt>
    <trkpt lat="44.410905" lon="5.367685"><ele>531.8</ele></trkpt>
    <trkpt lat="44.410950" lon="5.367583"><ele>531.4</ele></trkpt>
    <trkpt lat="44.410995" lon="5.367481"><ele>530.8</ele></trkpt>
    <trkpt lat="44.411040" lon="5.367379"><ele>530.3</ele></trkpt>
    <trkpt lat="44.411139" lon="5.367187"><ele>528.5</ele></trkpt>
    <trkpt lat="44.411189" lon="5.367090"><ele>528.0</ele></trkpt>
    <trkpt lat="44.411299" lon="5.366891"><ele>526.4</ele></trkpt>
    <trkpt lat="44.411390" lon="5.366805"><ele>524.0</ele></trkpt>
    <trkpt lat="44.411455" lon="5.366777"><ele>522.4</ele></trkpt>
    <trkpt lat="44.411519" lon="5.366750"><ele>520.8</ele></trkpt>
    <trkpt lat="44.411578" lon="5.366715"><ele>519.4</ele></trkpt>
    <trkpt lat="44.411696" lon="5.366644"><ele>516.7</ele></trkpt>
    <trkpt lat="44.411908" lon="5.366473"><ele>513.9</ele></trkpt>
    <trkpt lat="44.412117" lon="5.366332"><ele>511.3</ele></trkpt>
    <trkpt lat="44.412264" lon="5.366260"><ele>509.2</ele></trkpt>
    <trkpt lat="44.412337" lon="5.366223"><ele>508.4</ele></trkpt>
    <trkpt lat="44.412417" lon="5.366203"><ele>507.2</ele></trkpt>
    <trkpt lat="44.412498" lon="5.366182"><ele>505.8</ele></trkpt>
    <trkpt lat="44.412562" lon="5.366176"><ele>505.2</ele></trkpt>
    <trkpt lat="44.412691" lon="5.366164"><ele>504.0</ele></trkpt>
    <trkpt lat="44.412916" lon="5.366163"><ele>502.5</ele></trkpt>
    <trkpt lat="44.413003" lon="5.366159"><ele>502.0</ele></trkpt>
    <trkpt lat="44.413091" lon="5.366156"><ele>501.7</ele></trkpt>
    <trkpt lat="44.413176" lon="5.366130"><ele>501.3</ele></trkpt>
    <trkpt lat="44.413261" lon="5.366105"><ele>500.9</ele></trkpt>
    <trkpt lat="44.413333" lon="5.366053"><ele>500.2</ele></trkpt>
    <trkpt lat="44.413406" lon="5.366001"><ele>499.7</ele></trkpt>
    <trkpt lat="44.413443" lon="5.365973"><ele>499.4</ele></trkpt>
    <trkpt lat="44.413478" lon="5.365909"><ele>498.4</ele></trkpt>
    <trkpt lat="44.413514" lon="5.365846"><ele>497.2</ele></trkpt>
    <trkpt lat="44.413536" lon="5.365799"><ele>496.8</ele></trkpt>
    <trkpt lat="44.413610" lon="5.365645"><ele>495.0</ele></trkpt>
    <trkpt lat="44.413647" lon="5.365568"><ele>494.0</ele></trkpt>
    <trkpt lat="44.413691" lon="5.365455"><ele>494.1</ele></trkpt>
    <trkpt lat="44.413724" lon="5.365393"><ele>494.1</ele></trkpt>
    <trkpt lat="44.413757" lon="5.365354"><ele>493.8</ele></trkpt>
    <trkpt lat="44.413798" lon="5.365330"><ele>493.3</ele></trkpt>
    <trkpt lat="44.413868" lon="5.365301"><ele>492.4</ele></trkpt>
    <trkpt lat="44.413938" lon="5.365272"><ele>491.5</ele></trkpt>
    <trkpt lat="44.414008" lon="5.365243"><ele>490.7</ele></trkpt>
    <trkpt lat="44.414090" lon="5.365199"><ele>489.6</ele></trkpt>
    <trkpt lat="44.414173" lon="5.365155"><ele>488.1</ele></trkpt>
    <trkpt lat="44.414222" lon="5.365121"><ele>487.7</ele></trkpt>
    <trkpt lat="44.414270" lon="5.365087"><ele>487.2</ele></trkpt>
    <trkpt lat="44.414335" lon="5.365020"><ele>486.1</ele></trkpt>
    <trkpt lat="44.414373" lon="5.364958"><ele>485.1</ele></trkpt>
    <trkpt lat="44.414403" lon="5.364891"><ele>484.0</ele></trkpt>
    <trkpt lat="44.414432" lon="5.364800"><ele>482.4</ele></trkpt>
    <trkpt lat="44.414453" lon="5.364691"><ele>481.0</ele></trkpt>
    <trkpt lat="44.414464" lon="5.364600"><ele>480.7</ele></trkpt>
    <trkpt lat="44.414475" lon="5.364509"><ele>480.4</ele></trkpt>
    <trkpt lat="44.414480" lon="5.364175"><ele>480.0</ele></trkpt>
    <trkpt lat="44.414489" lon="5.364034"><ele>479.9</ele></trkpt>
    <trkpt lat="44.414515" lon="5.363906"><ele>479.8</ele></trkpt>
    <trkpt lat="44.414563" lon="5.363806"><ele>479.4</ele></trkpt>
    <trkpt lat="44.414611" lon="5.363705"><ele>479.0</ele></trkpt>
    <trkpt lat="44.414626" lon="5.363644"><ele>478.8</ele></trkpt>
    <trkpt lat="44.414633" lon="5.363578"><ele>478.5</ele></trkpt>
    <trkpt lat="44.414638" lon="5.363513"><ele>478.3</ele></trkpt>
    <trkpt lat="44.414634" lon="5.363442"><ele>478.0</ele></trkpt>
    <trkpt lat="44.414609" lon="5.363348"><ele>477.9</ele></trkpt>
    <trkpt lat="44.414541" lon="5.362887"><ele>475.5</ele></trkpt>
    <trkpt lat="44.414548" lon="5.362696"><ele>474.8</ele></trkpt>
    <trkpt lat="44.414540" lon="5.362571"><ele>474.5</ele></trkpt>
    <trkpt lat="44.414525" lon="5.362466"><ele>474.2</ele></trkpt>
    <trkpt lat="44.414497" lon="5.362254"><ele>473.5</ele></trkpt>
    <trkpt lat="44.414472" lon="5.362165"><ele>473.0</ele></trkpt>
    <trkpt lat="44.414447" lon="5.362076"><ele>472.5</ele></trkpt>
    <trkpt lat="44.414432" lon="5.362029"><ele>472.5</ele></trkpt>
    <trkpt lat="44.414398" lon="5.361937"><ele>472.6</ele></trkpt>
    <trkpt lat="44.414382" lon="5.361902"><ele>472.7</ele></trkpt>
    <trkpt lat="44.414346" lon="5.361823"><ele>472.7</ele></trkpt>
    <trkpt lat="44.414312" lon="5.361770"><ele>472.7</ele></trkpt>
    <trkpt lat="44.414277" lon="5.361716"><ele>472.6</ele></trkpt>
    <trkpt lat="44.414232" lon="5.361655"><ele>472.4</ele></trkpt>
    <trkpt lat="44.414187" lon="5.361594"><ele>471.9</ele></trkpt>
    <trkpt lat="44.414146" lon="5.361521"><ele>471.3</ele></trkpt>
    <trkpt lat="44.414109" lon="5.361429"><ele>470.6</ele></trkpt>
    <trkpt lat="44.414096" lon="5.361365"><ele>470.1</ele></trkpt>
    <trkpt lat="44.414083" lon="5.361302"><ele>469.7</ele></trkpt>
    <trkpt lat="44.414077" lon="5.361207"><ele>468.9</ele></trkpt>
    <trkpt lat="44.414071" lon="5.361112"><ele>468.0</ele></trkpt>
    <trkpt lat="44.414073" lon="5.361035"><ele>467.6</ele></trkpt>
    <trkpt lat="44.414075" lon="5.360958"><ele>467.1</ele></trkpt>
    <trkpt lat="44.414071" lon="5.360893"><ele>466.7</ele></trkpt>
    <trkpt lat="44.414055" lon="5.360830"><ele>466.4</ele></trkpt>
    <trkpt lat="44.414014" lon="5.360737"><ele>466.2</ele></trkpt>
    <trkpt lat="44.413994" lon="5.360702"><ele>466.0</ele></trkpt>
    <trkpt lat="44.413953" lon="5.360636"><ele>465.7</ele></trkpt>
    <trkpt lat="44.413887" lon="5.360515"><ele>464.7</ele></trkpt>
    <trkpt lat="44.413848" lon="5.360410"><ele>464.5</ele></trkpt>
    <trkpt lat="44.413832" lon="5.360338"><ele>464.3</ele></trkpt>
    <trkpt lat="44.413816" lon="5.360266"><ele>464.0</ele></trkpt>
    <trkpt lat="44.413782" lon="5.360046"><ele>463.4</ele></trkpt>
    <trkpt lat="44.413748" lon="5.359795"><ele>462.0</ele></trkpt>
    <trkpt lat="44.413698" lon="5.359419"><ele>459.6</ele></trkpt>
    <trkpt lat="44.413681" lon="5.359294"><ele>459.1</ele></trkpt>
    <trkpt lat="44.413665" lon="5.359172"><ele>458.6</ele></trkpt>
    <trkpt lat="44.413566" lon="5.358652"><ele>455.9</ele></trkpt>
    <trkpt lat="44.413546" lon="5.358571"><ele>456.2</ele></trkpt>
    <trkpt lat="44.413525" lon="5.358490"><ele>456.6</ele></trkpt>
    <trkpt lat="44.413518" lon="5.358268"><ele>456.5</ele></trkpt>
    <trkpt lat="44.413522" lon="5.358072"><ele>456.0</ele></trkpt>
    <trkpt lat="44.413523" lon="5.357974"><ele>455.4</ele></trkpt>
    <trkpt lat="44.413530" lon="5.357871"><ele>454.6</ele></trkpt>
    <trkpt lat="44.413561" lon="5.357133"><ele>451.4</ele></trkpt>
    <trkpt lat="44.413568" lon="5.357043"><ele>451.1</ele></trkpt>
    <trkpt lat="44.413575" lon="5.356954"><ele>450.9</ele></trkpt>
    <trkpt lat="44.413596" lon="5.356844"><ele>450.0</ele></trkpt>
    <trkpt lat="44.413669" lon="5.356569"><ele>448.5</ele></trkpt>
    <trkpt lat="44.413724" lon="5.356401"><ele>448.0</ele></trkpt>
    <trkpt lat="44.413737" lon="5.356412"><ele>448.0</ele></trkpt>
    <trkpt lat="44.413951" lon="5.356453"><ele>448.0</ele></trkpt>
    <trkpt lat="44.414175" lon="5.356427"><ele>448.0</ele></trkpt>
    <trkpt lat="44.414215" lon="5.356403"><ele>448.0</ele></trkpt>
    <trkpt lat="44.414315" lon="5.356049"><ele>447.2</ele></trkpt>
    <trkpt lat="44.414320" lon="5.356034"><ele>447.2</ele></trkpt>
    <trkpt lat="44.414324" lon="5.356020"><ele>447.1</ele></trkpt>
    <trkpt lat="44.414336" lon="5.355976"><ele>446.9</ele></trkpt>
    <trkpt lat="44.414360" lon="5.355889"><ele>446.5</ele></trkpt>
    <trkpt lat="44.414363" lon="5.355880"><ele>446.5</ele></trkpt>
    <trkpt lat="44.414365" lon="5.355871"><ele>446.4</ele></trkpt>
    <trkpt lat="44.414412" lon="5.355683"><ele>445.6</ele></trkpt>
    <trkpt lat="44.414490" lon="5.355382"><ele>445.9</ele></trkpt>
    <trkpt lat="44.414761" lon="5.355497"><ele>446.6</ele></trkpt>
    <trkpt lat="44.415001" lon="5.355598"><ele>446.7</ele></trkpt>
    <trkpt lat="44.415171" lon="5.355661"><ele>447.2</ele></trkpt>
    <trkpt lat="44.415207" lon="5.355529"><ele>449.0</ele></trkpt>
    <trkpt lat="44.415219" lon="5.355423"><ele>451.3</ele></trkpt>
    <trkpt lat="44.415213" lon="5.355362"><ele>452.6</ele></trkpt>
    <trkpt lat="44.415198" lon="5.355320"><ele>453.3</ele></trkpt>
    <trkpt lat="44.415179" lon="5.355283"><ele>453.8</ele></trkpt>
    <trkpt lat="44.415152" lon="5.355248"><ele>454.5</ele></trkpt>
    <trkpt lat="44.415069" lon="5.355047"><ele>458.8</ele></trkpt>
    <trkpt lat="44.415135" lon="5.354808"><ele>465.8</ele></trkpt>
    <trkpt lat="44.415208" lon="5.354803"><ele>467.3</ele></trkpt>
    <trkpt lat="44.415275" lon="5.354784"><ele>469.2</ele></trkpt>
    <trkpt lat="44.415557" lon="5.354693"><ele>476.5</ele></trkpt>
    <trkpt lat="44.415572" lon="5.354670"><ele>477.1</ele></trkpt>
    <trkpt lat="44.415576" lon="5.354642"><ele>477.7</ele></trkpt>
    <trkpt lat="44.415571" lon="5.354610"><ele>478.2</ele></trkpt>
    <trkpt lat="44.415542" lon="5.354568"><ele>478.6</ele></trkpt>
    <trkpt lat="44.415506" lon="5.354532"><ele>478.7</ele></trkpt>
    <trkpt lat="44.415481" lon="5.354479"><ele>479.3</ele></trkpt>
    <trkpt lat="44.415489" lon="5.354435"><ele>480.2</ele></trkpt>
    <trkpt lat="44.415516" lon="5.354348"><ele>482.4</ele></trkpt>
    <trkpt lat="44.415617" lon="5.354171"><ele>488.2</ele></trkpt>
    <trkpt lat="44.415749" lon="5.354166"><ele>491.2</ele></trkpt>
    <trkpt lat="44.415874" lon="5.354162"><ele>493.6</ele></trkpt>
    <trkpt lat="44.416005" lon="5.354089"><ele>497.0</ele></trkpt>
    <trkpt lat="44.415895" lon="5.353939"><ele>499.6</ele></trkpt>
    <trkpt lat="44.415647" lon="5.353564"><ele>504.6</ele></trkpt>
    <trkpt lat="44.415607" lon="5.353409"><ele>508.0</ele></trkpt>
    <trkpt lat="44.415948" lon="5.353427"><ele>514.6</ele></trkpt>
    <trkpt lat="44.416312" lon="5.353453"><ele>519.0</ele></trkpt>
    <trkpt lat="44.416449" lon="5.353446"><ele>520.9</ele></trkpt>
    <trkpt lat="44.416583" lon="5.353435"><ele>523.0</ele></trkpt>
    <trkpt lat="44.416826" lon="5.353340"><ele>530.2</ele></trkpt>
    <trkpt lat="44.416872" lon="5.353300"><ele>532.2</ele></trkpt>
    <trkpt lat="44.416910" lon="5.353255"><ele>534.0</ele></trkpt>
    <trkpt lat="44.416927" lon="5.353224"><ele>535.0</ele></trkpt>
    <trkpt lat="44.416945" lon="5.353169"><ele>536.6</ele></trkpt>
    <trkpt lat="44.416942" lon="5.353117"><ele>537.6</ele></trkpt>
    <trkpt lat="44.416922" lon="5.353070"><ele>538.3</ele></trkpt>
    <trkpt lat="44.416873" lon="5.352981"><ele>539.6</ele></trkpt>
    <trkpt lat="44.416846" lon="5.352898"><ele>541.2</ele></trkpt>
    <trkpt lat="44.416850" lon="5.352866"><ele>542.1</ele></trkpt>
    <trkpt lat="44.416902" lon="5.352787"><ele>545.0</ele></trkpt>
    <trkpt lat="44.416974" lon="5.352711"><ele>548.3</ele></trkpt>
    <trkpt lat="44.417073" lon="5.352626"><ele>552.6</ele></trkpt>
    <trkpt lat="44.417188" lon="5.352557"><ele>556.8</ele></trkpt>
    <trkpt lat="44.417278" lon="5.352538"><ele>560.0</ele></trkpt>
    <trkpt lat="44.417322" lon="5.352530"><ele>561.8</ele></trkpt>
    <trkpt lat="44.417363" lon="5.352529"><ele>563.2</ele></trkpt>
    <trkpt lat="44.417399" lon="5.352542"><ele>564.1</ele></trkpt>
    <trkpt lat="44.417443" lon="5.352576"><ele>564.6</ele></trkpt>
    <trkpt lat="44.417544" lon="5.352710"><ele>563.5</ele></trkpt>
    <trkpt lat="44.417625" lon="5.352782"><ele>563.5</ele></trkpt>
    <trkpt lat="44.417688" lon="5.352796"><ele>564.8</ele></trkpt>
    <trkpt lat="44.417722" lon="5.352794"><ele>565.9</ele></trkpt>
    <trkpt lat="44.417795" lon="5.352784"><ele>568.3</ele></trkpt>
    <trkpt lat="44.417847" lon="5.352788"><ele>569.7</ele></trkpt>
    <trkpt lat="44.418060" lon="5.352922"><ele>573.0</ele></trkpt>
    <trkpt lat="44.418108" lon="5.352959"><ele>574.0</ele></trkpt>
    <trkpt lat="44.418241" lon="5.353074"><ele>576.2</ele></trkpt>
    <trkpt lat="44.418286" lon="5.353131"><ele>576.5</ele></trkpt>
    <trkpt lat="44.418328" lon="5.353191"><ele>576.9</ele></trkpt>
    <trkpt lat="44.418374" lon="5.353210"><ele>577.9</ele></trkpt>
    <trkpt lat="44.418481" lon="5.353145"><ele>582.9</ele></trkpt>
    <trkpt lat="44.418574" lon="5.353068"><ele>588.3</ele></trkpt>
    <trkpt lat="44.418639" lon="5.353012"><ele>591.6</ele></trkpt>
    <trkpt lat="44.418695" lon="5.352959"><ele>594.1</ele></trkpt>
    <trkpt lat="44.418714" lon="5.352920"><ele>595.5</ele></trkpt>
    <trkpt lat="44.418723" lon="5.352796"><ele>598.8</ele></trkpt>
    <trkpt lat="44.418729" lon="5.352710"><ele>600.9</ele></trkpt>
    <trkpt lat="44.418729" lon="5.352636"><ele>602.5</ele></trkpt>
    <trkpt lat="44.418739" lon="5.352600"><ele>603.5</ele></trkpt>
    <trkpt lat="44.418838" lon="5.352448"><ele>609.5</ele></trkpt>
    <trkpt lat="44.418992" lon="5.352329"><ele>614.8</ele></trkpt>
    <trkpt lat="44.419078" lon="5.352263"><ele>617.6</ele></trkpt>
    <trkpt lat="44.419123" lon="5.352241"><ele>618.8</ele></trkpt>
    <trkpt lat="44.419173" lon="5.352240"><ele>619.7</ele></trkpt>
    <trkpt lat="44.419217" lon="5.352240"><ele>620.1</ele></trkpt>
    <trkpt lat="44.419472" lon="5.352278"><ele>620.7</ele></trkpt>
    <trkpt lat="44.419775" lon="5.352329"><ele>618.0</ele></trkpt>
    <trkpt lat="44.419879" lon="5.352356"><ele>617.5</ele></trkpt>
    <trkpt lat="44.419924" lon="5.352374"><ele>617.1</ele></trkpt>
    <trkpt lat="44.420133" lon="5.352438"><ele>617.0</ele></trkpt>
    <trkpt lat="44.420286" lon="5.352473"><ele>618.0</ele></trkpt>
    <trkpt lat="44.420348" lon="5.352474"><ele>619.1</ele></trkpt>
    <trkpt lat="44.420377" lon="5.352468"><ele>619.8</ele></trkpt>
    <trkpt lat="44.420406" lon="5.352454"><ele>620.8</ele></trkpt>
    <trkpt lat="44.420431" lon="5.352434"><ele>621.9</ele></trkpt>
    <trkpt lat="44.420478" lon="5.352431"><ele>622.8</ele></trkpt>
    <trkpt lat="44.420588" lon="5.352432"><ele>624.8</ele></trkpt>
    <trkpt lat="44.420618" lon="5.352435"><ele>625.2</ele></trkpt>
    <trkpt lat="44.420768" lon="5.352472"><ele>626.7</ele></trkpt>
    <trkpt lat="44.420810" lon="5.352487"><ele>627.0</ele></trkpt>
    <trkpt lat="44.420888" lon="5.352530"><ele>626.8</ele></trkpt>
    <trkpt lat="44.421140" lon="5.352564"><ele>629.6</ele></trkpt>
    <trkpt lat="44.421387" lon="5.352482"><ele>632.5</ele></trkpt>
    <trkpt lat="44.421608" lon="5.352464"><ele>634.5</ele></trkpt>
    <trkpt lat="44.421836" lon="5.352381"><ele>639.4</ele></trkpt>
    <trkpt lat="44.422053" lon="5.352260"><ele>644.8</ele></trkpt>
    <trkpt lat="44.422182" lon="5.352181"><ele>647.6</ele></trkpt>
    <trkpt lat="44.422215" lon="5.352175"><ele>648.0</ele></trkpt>
    <trkpt lat="44.422363" lon="5.352175"><ele>648.7</ele></trkpt>
    <trkpt lat="44.422448" lon="5.352187"><ele>648.8</ele></trkpt>
    <trkpt lat="44.422547" lon="5.352204"><ele>648.4</ele></trkpt>
    <trkpt lat="44.422647" lon="5.352213"><ele>647.7</ele></trkpt>
    <trkpt lat="44.423006" lon="5.352202"><ele>646.8</ele></trkpt>
    <trkpt lat="44.423049" lon="5.352200"><ele>646.7</ele></trkpt>
    <trkpt lat="44.423138" lon="5.352195"><ele>646.8</ele></trkpt>
    <trkpt lat="44.423292" lon="5.352156"><ele>647.7</ele></trkpt>
    <trkpt lat="44.423384" lon="5.352099"><ele>649.8</ele></trkpt>
    <trkpt lat="44.423422" lon="5.352085"><ele>650.7</ele></trkpt>
    <trkpt lat="44.423471" lon="5.352082"><ele>651.5</ele></trkpt>
    <trkpt lat="44.423576" lon="5.352115"><ele>652.2</ele></trkpt>
    <trkpt lat="44.423663" lon="5.352166"><ele>652.5</ele></trkpt>
    <trkpt lat="44.423720" lon="5.352208"><ele>652.7</ele></trkpt>
    <trkpt lat="44.423797" lon="5.352275"><ele>652.2</ele></trkpt>
    <trkpt lat="44.423849" lon="5.352337"><ele>651.4</ele></trkpt>
    <trkpt lat="44.423927" lon="5.352410"><ele>650.6</ele></trkpt>
    <trkpt lat="44.424026" lon="5.352468"><ele>650.8</ele></trkpt>
    <trkpt lat="44.424160" lon="5.352527"><ele>652.3</ele></trkpt>
    <trkpt lat="44.424221" lon="5.352543"><ele>653.0</ele></trkpt>
    <trkpt lat="44.424529" lon="5.352619"><ele>657.3</ele></trkpt>
    <trkpt lat="44.424628" lon="5.352651"><ele>658.7</ele></trkpt>
    <trkpt lat="44.424729" lon="5.352681"><ele>660.2</ele></trkpt>
    <trkpt lat="44.424824" lon="5.352705"><ele>661.1</ele></trkpt>
    <trkpt lat="44.424876" lon="5.352707"><ele>661.9</ele></trkpt>
    <trkpt lat="44.424931" lon="5.352681"><ele>663.4</ele></trkpt>
    <trkpt lat="44.424976" lon="5.352629"><ele>665.4</ele></trkpt>
    <trkpt lat="44.425035" lon="5.352554"><ele>668.2</ele></trkpt>
    <trkpt lat="44.425107" lon="5.352483"><ele>671.4</ele></trkpt>
    <trkpt lat="44.425169" lon="5.352429"><ele>674.2</ele></trkpt>
    <trkpt lat="44.425234" lon="5.352380"><ele>677.0</ele></trkpt>
    <trkpt lat="44.425461" lon="5.352298"><ele>681.7</ele></trkpt>
    <trkpt lat="44.425762" lon="5.352196"><ele>684.5</ele></trkpt>
    <trkpt lat="44.425835" lon="5.352171"><ele>684.8</ele></trkpt>
    <trkpt lat="44.425983" lon="5.352106"><ele>682.0</ele></trkpt>
    <trkpt lat="44.426126" lon="5.352029"><ele>679.8</ele></trkpt>
    <trkpt lat="44.426167" lon="5.351998"><ele>678.9</ele></trkpt>
    <trkpt lat="44.426371" lon="5.351772"><ele>677.4</ele></trkpt>
    <trkpt lat="44.426557" lon="5.351574"><ele>679.3</ele></trkpt>
    <trkpt lat="44.426601" lon="5.351547"><ele>679.1</ele></trkpt>
    <trkpt lat="44.426639" lon="5.351528"><ele>678.6</ele></trkpt>
    <trkpt lat="44.426684" lon="5.351518"><ele>677.7</ele></trkpt>
    <trkpt lat="44.426846" lon="5.351502"><ele>675.7</ele></trkpt>
    <trkpt lat="44.426947" lon="5.351467"><ele>675.7</ele></trkpt>
    <trkpt lat="44.427087" lon="5.351406"><ele>676.6</ele></trkpt>
    <trkpt lat="44.427351" lon="5.351390"><ele>672.2</ele></trkpt>
    <trkpt lat="44.427632" lon="5.351377"><ele>666.7</ele></trkpt>
    <trkpt lat="44.427771" lon="5.351363"><ele>664.4</ele></trkpt>
    <trkpt lat="44.428190" lon="5.351265"><ele>663.6</ele></trkpt>
    <trkpt lat="44.428396" lon="5.351192"><ele>664.9</ele></trkpt>
    <trkpt lat="44.428611" lon="5.351256"><ele>660.3</ele></trkpt>
    <trkpt lat="44.428737" lon="5.351323"><ele>657.0</ele></trkpt>
    <trkpt lat="44.428768" lon="5.351318"><ele>657.1</ele></trkpt>
    <trkpt lat="44.428834" lon="5.351304"><ele>657.3</ele></trkpt>
    <trkpt lat="44.428977" lon="5.351266"><ele>658.4</ele></trkpt>
    <trkpt lat="44.429043" lon="5.351264"><ele>658.5</ele></trkpt>
    <trkpt lat="44.429086" lon="5.351268"><ele>658.4</ele></trkpt>
    <trkpt lat="44.429139" lon="5.351274"><ele>658.1</ele></trkpt>
    <trkpt lat="44.429198" lon="5.351297"><ele>657.3</ele></trkpt>
    <trkpt lat="44.429254" lon="5.351335"><ele>656.0</ele></trkpt>
    <trkpt lat="44.429392" lon="5.351402"><ele>653.5</ele></trkpt>
    <trkpt lat="44.429512" lon="5.351438"><ele>652.4</ele></trkpt>
    <trkpt lat="44.429637" lon="5.351443"><ele>652.5</ele></trkpt>
    <trkpt lat="44.429750" lon="5.351455"><ele>652.3</ele></trkpt>
    <trkpt lat="44.429870" lon="5.351485"><ele>651.9</ele></trkpt>
    <trkpt lat="44.429999" lon="5.351531"><ele>650.9</ele></trkpt>
    <trkpt lat="44.430088" lon="5.351570"><ele>650.2</ele></trkpt>
    <trkpt lat="44.430170" lon="5.351626"><ele>649.0</ele></trkpt>
    <trkpt lat="44.430234" lon="5.351685"><ele>647.8</ele></trkpt>
    <trkpt lat="44.430286" lon="5.351742"><ele>646.9</ele></trkpt>
    <trkpt lat="44.430377" lon="5.351860"><ele>644.4</ele></trkpt>
    <trkpt lat="44.430515" lon="5.352021"><ele>641.9</ele></trkpt>
    <trkpt lat="44.430599" lon="5.352095"><ele>640.7</ele></trkpt>
    <trkpt lat="44.430652" lon="5.352074"><ele>641.0</ele></trkpt>
    <trkpt lat="44.430716" lon="5.352023"><ele>641.9</ele></trkpt>
    <trkpt lat="44.430770" lon="5.352012"><ele>642.0</ele></trkpt>
    <trkpt lat="44.430807" lon="5.352025"><ele>641.6</ele></trkpt>
    <trkpt lat="44.430884" lon="5.352112"><ele>639.3</ele></trkpt>
    <trkpt lat="44.430955" lon="5.352193"><ele>636.8</ele></trkpt>
    <trkpt lat="44.431021" lon="5.352233"><ele>635.2</ele></trkpt>
    <trkpt lat="44.431083" lon="5.352255"><ele>634.0</ele></trkpt>
    <trkpt lat="44.431149" lon="5.352260"><ele>633.6</ele></trkpt>
    <trkpt lat="44.431434" lon="5.352205"><ele>634.8</ele></trkpt>
    <trkpt lat="44.431487" lon="5.352190"><ele>635.7</ele></trkpt>
    <trkpt lat="44.431713" lon="5.352104"><ele>639.6</ele></trkpt>
    <trkpt lat="44.432017" lon="5.351951"><ele>644.7</ele></trkpt>
    <trkpt lat="44.432149" lon="5.351715"><ele>652.0</ele></trkpt>
    <trkpt lat="44.432166" lon="5.351680"><ele>653.1</ele></trkpt>
    <trkpt lat="44.432313" lon="5.351676"><ele>654.8</ele></trkpt>
    <trkpt lat="44.432741" lon="5.351724"><ele>659.2</ele></trkpt>
    <trkpt lat="44.432835" lon="5.351741"><ele>660.2</ele></trkpt>
    <trkpt lat="44.432955" lon="5.351800"><ele>660.4</ele></trkpt>
    <trkpt lat="44.433285" lon="5.352043"><ele>655.0</ele></trkpt>
    <trkpt lat="44.433313" lon="5.352087"><ele>654.0</ele></trkpt>
    <trkpt lat="44.433376" lon="5.352211"><ele>651.4</ele></trkpt>
    <trkpt lat="44.433462" lon="5.352374"><ele>648.5</ele></trkpt>
    <trkpt lat="44.433574" lon="5.352324"><ele>649.7</ele></trkpt>
    <trkpt lat="44.433674" lon="5.352359"><ele>649.5</ele></trkpt>
    <trkpt lat="44.433722" lon="5.352419"><ele>648.5</ele></trkpt>
    <trkpt lat="44.433772" lon="5.352509"><ele>647.0</ele></trkpt>
    <trkpt lat="44.433806" lon="5.352575"><ele>646.5</ele></trkpt>
    <trkpt lat="44.433816" lon="5.352619"><ele>646.1</ele></trkpt>
    <trkpt lat="44.433836" lon="5.352862"><ele>643.6</ele></trkpt>
    <trkpt lat="44.433860" lon="5.353028"><ele>642.1</ele></trkpt>
    <trkpt lat="44.433887" lon="5.353097"><ele>641.8</ele></trkpt>
    <trkpt lat="44.434039" lon="5.353200"><ele>642.8</ele></trkpt>
    <trkpt lat="44.434148" lon="5.353155"><ele>644.1</ele></trkpt>
    <trkpt lat="44.434319" lon="5.353208"><ele>645.0</ele></trkpt>
    <trkpt lat="44.434437" lon="5.353314"><ele>645.1</ele></trkpt>
    <trkpt lat="44.434444" lon="5.353341"><ele>644.9</ele></trkpt>
    <trkpt lat="44.434469" lon="5.353377"><ele>644.5</ele></trkpt>
    <trkpt lat="44.434496" lon="5.353392"><ele>644.4</ele></trkpt>
    <trkpt lat="44.434533" lon="5.353394"><ele>644.3</ele></trkpt>
    <trkpt lat="44.434549" lon="5.353392"><ele>644.4</ele></trkpt>
    <trkpt lat="44.434569" lon="5.353384"><ele>644.5</ele></trkpt>
    <trkpt lat="44.434833" lon="5.353067"><ele>649.6</ele></trkpt>
    <trkpt lat="44.434907" lon="5.352972"><ele>651.7</ele></trkpt>
    <trkpt lat="44.434870" lon="5.352919"><ele>652.3</ele></trkpt>
    <trkpt lat="44.434847" lon="5.352862"><ele>653.0</ele></trkpt>
    <trkpt lat="44.434848" lon="5.352805"><ele>653.9</ele></trkpt>
    <trkpt lat="44.434864" lon="5.352751"><ele>655.0</ele></trkpt>
    <trkpt lat="44.434911" lon="5.352708"><ele>656.3</ele></trkpt>
    <trkpt lat="44.434993" lon="5.352689"><ele>657.5</ele></trkpt>
    <trkpt lat="44.435203" lon="5.352678"><ele>660.7</ele></trkpt>
    <trkpt lat="44.435316" lon="5.352682"><ele>662.4</ele></trkpt>
    <trkpt lat="44.435393" lon="5.352702"><ele>663.6</ele></trkpt>
    <trkpt lat="44.435440" lon="5.352729"><ele>664.3</ele></trkpt>
    <trkpt lat="44.435476" lon="5.352758"><ele>664.7</ele></trkpt>
    <trkpt lat="44.435515" lon="5.352802"><ele>665.1</ele></trkpt>
    <trkpt lat="44.435566" lon="5.352861"><ele>665.5</ele></trkpt>
    <trkpt lat="44.435588" lon="5.352887"><ele>665.7</ele></trkpt>
    <trkpt lat="44.435650" lon="5.352959"><ele>666.2</ele></trkpt>
    <trkpt lat="44.435708" lon="5.353009"><ele>666.9</ele></trkpt>
    <trkpt lat="44.435748" lon="5.353028"><ele>667.5</ele></trkpt>
    <trkpt lat="44.435790" lon="5.353039"><ele>668.2</ele></trkpt>
    <trkpt lat="44.436003" lon="5.353021"><ele>669.2</ele></trkpt>
    <trkpt lat="44.436064" lon="5.353016"><ele>669.2</ele></trkpt>
    <trkpt lat="44.436251" lon="5.352983"><ele>669.5</ele></trkpt>
    <trkpt lat="44.436360" lon="5.352941"><ele>670.4</ele></trkpt>
    <trkpt lat="44.436423" lon="5.352885"><ele>671.4</ele></trkpt>
    <trkpt lat="44.436487" lon="5.352803"><ele>672.7</ele></trkpt>
    <trkpt lat="44.436565" lon="5.352649"><ele>674.7</ele></trkpt>
    <trkpt lat="44.436692" lon="5.352438"><ele>678.4</ele></trkpt>
    <trkpt lat="44.437123" lon="5.351835"><ele>685.4</ele></trkpt>
    <trkpt lat="44.437183" lon="5.351771"><ele>685.9</ele></trkpt>
    <trkpt lat="44.437226" lon="5.351746"><ele>686.1</ele></trkpt>
    <trkpt lat="44.437284" lon="5.351727"><ele>686.3</ele></trkpt>
    <trkpt lat="44.437417" lon="5.351707"><ele>686.4</ele></trkpt>
    <trkpt lat="44.437516" lon="5.351709"><ele>686.2</ele></trkpt>
    <trkpt lat="44.437690" lon="5.351710"><ele>686.2</ele></trkpt>
    <trkpt lat="44.437770" lon="5.351700"><ele>686.4</ele></trkpt>
    <trkpt lat="44.437849" lon="5.351666"><ele>687.0</ele></trkpt>
    <trkpt lat="44.437926" lon="5.351626"><ele>687.7</ele></trkpt>
    <trkpt lat="44.438332" lon="5.351348"><ele>693.6</ele></trkpt>
    <trkpt lat="44.438624" lon="5.351143"><ele>697.6</ele></trkpt>
    <trkpt lat="44.439030" lon="5.350854"><ele>707.7</ele></trkpt>
    <trkpt lat="44.439098" lon="5.350798"><ele>709.7</ele></trkpt>
    <trkpt lat="44.439296" lon="5.350718"><ele>714.0</ele></trkpt>
    <trkpt lat="44.439414" lon="5.350634"><ele>716.8</ele></trkpt>
    <trkpt lat="44.439541" lon="5.350497"><ele>719.5</ele></trkpt>
    <trkpt lat="44.439654" lon="5.350358"><ele>721.8</ele></trkpt>
    <trkpt lat="44.439957" lon="5.350026"><ele>727.6</ele></trkpt>
    <trkpt lat="44.440068" lon="5.349922"><ele>729.6</ele></trkpt>
    <trkpt lat="44.440189" lon="5.349809"><ele>731.7</ele></trkpt>
    <trkpt lat="44.440478" lon="5.349512"><ele>734.6</ele></trkpt>
    <trkpt lat="44.440578" lon="5.349391"><ele>735.8</ele></trkpt>
    <trkpt lat="44.440621" lon="5.349339"><ele>736.2</ele></trkpt>
    <trkpt lat="44.440713" lon="5.349181"><ele>737.9</ele></trkpt>
    <trkpt lat="44.440814" lon="5.349002"><ele>740.5</ele></trkpt>
    <trkpt lat="44.440915" lon="5.348762"><ele>745.1</ele></trkpt>
    <trkpt lat="44.441031" lon="5.348499"><ele>750.2</ele></trkpt>
    <trkpt lat="44.441149" lon="5.348284"><ele>754.9</ele></trkpt>
    <trkpt lat="44.441223" lon="5.348181"><ele>757.0</ele></trkpt>
    <trkpt lat="44.441316" lon="5.348068"><ele>759.4</ele></trkpt>
    <trkpt lat="44.441414" lon="5.347976"><ele>762.2</ele></trkpt>
    <trkpt lat="44.441701" lon="5.347744"><ele>772.8</ele></trkpt>
    <trkpt lat="44.441975" lon="5.347675"><ele>779.1</ele></trkpt>
    <trkpt lat="44.442078" lon="5.347644"><ele>781.5</ele></trkpt>
    <trkpt lat="44.442364" lon="5.347485"><ele>789.5</ele></trkpt>
    <trkpt lat="44.442469" lon="5.347402"><ele>791.9</ele></trkpt>
    <trkpt lat="44.442539" lon="5.347317"><ele>793.6</ele></trkpt>
    <trkpt lat="44.442556" lon="5.347290"><ele>793.9</ele></trkpt>
    <trkpt lat="44.442564" lon="5.347224"><ele>795.3</ele></trkpt>
    <trkpt lat="44.442585" lon="5.346879"><ele>798.0</ele></trkpt>
    <trkpt lat="44.442588" lon="5.346810"><ele>798.3</ele></trkpt>
  </trkseg></trk></gpx>