<?xml version="1.0" encoding="UTF-8"?>
<gpx version="1.1" creator="Chemins Noirs"
  xmlns="http://www.topografix.com/GPX/1/1"
  xmlns:xsi="http://www.w3.org/2001/XMLSchema-instance"
  xsi:schemaLocation="http://www.topografix.com/GPX/1/1 http://www.topografix.com/GPX/1/1/gpx.xsd">
<metadata><name>J5 — Rosans — Village médiéval et cols</name>
<desc>Boucle depuis Rosans. Village fortifié médiéval, cols sauvages, panoramas. Balisage GRP. — 20.2 km, +721m</desc></metadata>
<wpt lat="44.384066" lon="5.431570"><ele>550</ele>
  <name>🅿️ Parking place, Rosans</name><sym>Parking Area</sym></wpt>
<trk><name>J5 — Rosans — Village médiéval et cols</name>
  <desc>Boucle depuis Rosans. Village fortifié médiéval, cols sauvages, panoramas. Balisage GRP.</desc><trkseg>
    <trkpt lat="44.384066" lon="5.431570"><ele>550.0</ele></trkpt>
    <trkpt lat="44.384048" lon="5.431556"><ele>550.1</ele></trkpt>
    <trkpt lat="44.384032" lon="5.431546"><ele>550.1</ele></trkpt>
    <trkpt lat="44.384015" lon="5.431539"><ele>550.2</ele></trkpt>
    <trkpt lat="44.383997" lon="5.431535"><ele>550.3</ele></trkpt>
    <trkpt lat="44.383938" lon="5.431536"><ele>550.3</ele></trkpt>
    <trkpt lat="44.383911" lon="5.431564"><ele>550.1</ele></trkpt>
    <trkpt lat="44.383884" lon="5.431593"><ele>549.7</ele></trkpt>
    <trkpt lat="44.383841" lon="5.431612"><ele>549.0</ele></trkpt>
    <trkpt lat="44.383810" lon="5.431622"><ele>548.6</ele></trkpt>
    <trkpt lat="44.383769" lon="5.431625"><ele>548.1</ele></trkpt>
    <trkpt lat="44.383733" lon="5.431611"><ele>547.8</ele></trkpt>
    <trkpt lat="44.383700" lon="5.431582"><ele>547.7</ele></trkpt>
    <trkpt lat="44.383682" lon="5.431558"><ele>547.6</ele></trkpt>
    <trkpt lat="44.383668" lon="5.431536"><ele>547.7</ele></trkpt>
    <trkpt lat="44.383652" lon="5.431507"><ele>547.7</ele></trkpt>
    <trkpt lat="44.383623" lon="5.431560"><ele>546.9</ele></trkpt>
    <trkpt lat="44.383622" lon="5.431598"><ele>546.6</ele></trkpt>
    <trkpt lat="44.383626" lon="5.431651"><ele>546.3</ele></trkpt>
    <trkpt lat="44.383638" lon="5.431694"><ele>546.2</ele></trkpt>
    <trkpt lat="44.383649" lon="5.431723"><ele>546.2</ele></trkpt>
    <trkpt lat="44.383674" lon="5.431773"><ele>546.2</ele></trkpt>
    <trkpt lat="44.383703" lon="5.431816"><ele>546.3</ele></trkpt>
    <trkpt lat="44.383732" lon="5.431859"><ele>546.3</ele></trkpt>
    <trkpt lat="44.383781" lon="5.431914"><ele>546.4</ele></trkpt>
    <trkpt lat="44.383805" lon="5.431942"><ele>546.4</ele></trkpt>
    <trkpt lat="44.383822" lon="5.431967"><ele>546.5</ele></trkpt>
    <trkpt lat="44.383838" lon="5.431992"><ele>546.7</ele></trkpt>
    <trkpt lat="44.383854" lon="5.432043"><ele>546.8</ele></trkpt>
    <trkpt lat="44.383865" lon="5.432094"><ele>546.9</ele></trkpt>
    <trkpt lat="44.383863" lon="5.432153"><ele>546.9</ele></trkpt>
    <trkpt lat="44.383860" lon="5.432189"><ele>546.9</ele></trkpt>
    <trkpt lat="44.383857" lon="5.432226"><ele>547.0</ele></trkpt>
    <trkpt lat="44.383845" lon="5.432288"><ele>548.0</ele></trkpt>
    <trkpt lat="44.383833" lon="5.432331"><ele>548.7</ele></trkpt>
    <trkpt lat="44.383814" lon="5.432367"><ele>549.2</ele></trkpt>
    <trkpt lat="44.383769" lon="5.432443"><ele>550.2</ele></trkpt>
    <trkpt lat="44.383744" lon="5.432474"><ele>550.5</ele></trkpt>
    <trkpt lat="44.383703" lon="5.432497"><ele>550.6</ele></trkpt>
    <trkpt lat="44.383674" lon="5.432502"><ele>550.5</ele></trkpt>
    <trkpt lat="44.383645" lon="5.432507"><ele>550.5</ele></trkpt>
    <trkpt lat="44.383609" lon="5.432511"><ele>550.3</ele></trkpt>
    <trkpt lat="44.383573" lon="5.432515"><ele>550.2</ele></trkpt>
    <trkpt lat="44.383485" lon="5.432536"><ele>550.0</ele></trkpt>
    <trkpt lat="44.383441" lon="5.432547"><ele>549.8</ele></trkpt>
    <trkpt lat="44.383411" lon="5.432568"><ele>549.9</ele></trkpt>
    <trkpt lat="44.383388" lon="5.432595"><ele>550.1</ele></trkpt>
    <trkpt lat="44.383364" lon="5.432630"><ele>550.4</ele></trkpt>
    <trkpt lat="44.383347" lon="5.432659"><ele>550.5</ele></trkpt>
    <trkpt lat="44.383330" lon="5.432688"><ele>550.8</ele></trkpt>
    <trkpt lat="44.383243" lon="5.432908"><ele>554.7</ele></trkpt>
    <trkpt lat="44.383226" lon="5.432953"><ele>555.2</ele></trkpt>
    <trkpt lat="44.383175" lon="5.433089"><ele>556.3</ele></trkpt>
    <trkpt lat="44.383158" lon="5.433137"><ele>556.8</ele></trkpt>
    <trkpt lat="44.383007" lon="5.433373"><ele>558.0</ele></trkpt>
    <trkpt lat="44.382968" lon="5.433392"><ele>558.4</ele></trkpt>
    <trkpt lat="44.382932" lon="5.433416"><ele>558.7</ele></trkpt>
    <trkpt lat="44.382892" lon="5.433448"><ele>559.0</ele></trkpt>
    <trkpt lat="44.382862" lon="5.433476"><ele>559.0</ele></trkpt>
    <trkpt lat="44.382651" lon="5.433715"><ele>562.1</ele></trkpt>
    <trkpt lat="44.382626" lon="5.433747"><ele>562.8</ele></trkpt>
    <trkpt lat="44.382600" lon="5.433779"><ele>563.4</ele></trkpt>
    <trkpt lat="44.382567" lon="5.433830"><ele>564.0</ele></trkpt>
    <trkpt lat="44.382417" lon="5.434070"><ele>567.1</ele></trkpt>
    <trkpt lat="44.382389" lon="5.434118"><ele>567.8</ele></trkpt>
    <trkpt lat="44.382334" lon="5.434213"><ele>569.1</ele></trkpt>
    <trkpt lat="44.382309" lon="5.434266"><ele>569.4</ele></trkpt>
    <trkpt lat="44.382258" lon="5.434372"><ele>569.9</ele></trkpt>
    <trkpt lat="44.382216" lon="5.434475"><ele>570.1</ele></trkpt>
    <trkpt lat="44.381971" lon="5.434976"><ele>573.9</ele></trkpt>
    <trkpt lat="44.381759" lon="5.435431"><ele>574.0</ele></trkpt>
    <trkpt lat="44.381704" lon="5.435572"><ele>573.3</ele></trkpt>
    <trkpt lat="44.381628" lon="5.435762"><ele>572.6</ele></trkpt>
    <trkpt lat="44.381603" lon="5.435822"><ele>572.3</ele></trkpt>
    <trkpt lat="44.381553" lon="5.435944"><ele>571.4</ele></trkpt>
    <trkpt lat="44.381448" lon="5.436178"><ele>569.4</ele></trkpt>
    <trkpt lat="44.381423" lon="5.436227"><ele>569.0</ele></trkpt>
    <trkpt lat="44.381398" lon="5.436275"><ele>568.5</ele></trkpt>
    <trkpt lat="44.381368" lon="5.436317"><ele>568.1</ele></trkpt>
    <trkpt lat="44.381341" lon="5.436343"><ele>567.7</ele></trkpt>
    <trkpt lat="44.381099" lon="5.436646"><ele>564.0</ele></trkpt>
    <trkpt lat="44.381077" lon="5.436686"><ele>563.8</ele></trkpt>
    <trkpt lat="44.381050" lon="5.436718"><ele>563.6</ele></trkpt>
    <trkpt lat="44.381022" lon="5.436750"><ele>563.5</ele></trkpt>
    <trkpt lat="44.380999" lon="5.436766"><ele>563.3</ele></trkpt>
    <trkpt lat="44.380981" lon="5.436775"><ele>563.2</ele></trkpt>
    <trkpt lat="44.380942" lon="5.436788"><ele>563.0</ele></trkpt>
    <trkpt lat="44.380864" lon="5.436805"><ele>562.7</ele></trkpt>
    <trkpt lat="44.380825" lon="5.436810"><ele>562.5</ele></trkpt>
    <trkpt lat="44.380785" lon="5.436815"><ele>562.2</ele></trkpt>
    <trkpt lat="44.380748" lon="5.436817"><ele>561.9</ele></trkpt>
    <trkpt lat="44.380711" lon="5.436819"><ele>561.7</ele></trkpt>
    <trkpt lat="44.380683" lon="5.436819"><ele>561.5</ele></trkpt>
    <trkpt lat="44.380418" lon="5.436878"><ele>559.5</ele></trkpt>
    <trkpt lat="44.380280" lon="5.436943"><ele>558.0</ele></trkpt>
    <trkpt lat="44.380080" lon="5.437021"><ele>555.9</ele></trkpt>
    <trkpt lat="44.380014" lon="5.437037"><ele>555.2</ele></trkpt>
    <trkpt lat="44.379581" lon="5.437140"><ele>551.8</ele></trkpt>
    <trkpt lat="44.379346" lon="5.437154"><ele>549.8</ele></trkpt>
    <trkpt lat="44.379056" lon="5.437152"><ele>547.1</ele></trkpt>
    <trkpt lat="44.378826" lon="5.437164"><ele>544.9</ele></trkpt>
    <trkpt lat="44.378812" lon="5.437205"><ele>544.8</ele></trkpt>
    <trkpt lat="44.378754" lon="5.437444"><ele>544.4</ele></trkpt>
    <trkpt lat="44.378747" lon="5.437481"><ele>544.4</ele></trkpt>
    <trkpt lat="44.378717" lon="5.437643"><ele>543.6</ele></trkpt>
    <trkpt lat="44.378706" lon="5.437712"><ele>543.3</ele></trkpt>
    <trkpt lat="44.378665" lon="5.438041"><ele>542.4</ele></trkpt>
    <trkpt lat="44.378655" lon="5.438166"><ele>542.0</ele></trkpt>
    <trkpt lat="44.378655" lon="5.438222"><ele>541.8</ele></trkpt>
    <trkpt lat="44.378657" lon="5.438293"><ele>541.6</ele></trkpt>
    <trkpt lat="44.378661" lon="5.438355"><ele>541.6</ele></trkpt>
    <trkpt lat="44.378669" lon="5.438455"><ele>542.1</ele></trkpt>
    <trkpt lat="44.378678" lon="5.438529"><ele>542.4</ele></trkpt>
    <trkpt lat="44.378689" lon="5.438607"><ele>542.8</ele></trkpt>
    <trkpt lat="44.378700" lon="5.438664"><ele>543.0</ele></trkpt>
    <trkpt lat="44.378723" lon="5.438778"><ele>543.5</ele></trkpt>
    <trkpt lat="44.378765" lon="5.438980"><ele>544.5</ele></trkpt>
    <trkpt lat="44.378775" lon="5.439028"><ele>544.9</ele></trkpt>
    <trkpt lat="44.378795" lon="5.439124"><ele>545.5</ele></trkpt>
    <trkpt lat="44.378821" lon="5.439188"><ele>546.0</ele></trkpt>
    <trkpt lat="44.378845" lon="5.439231"><ele>546.4</ele></trkpt>
    <trkpt lat="44.378865" lon="5.439257"><ele>546.7</ele></trkpt>
    <trkpt lat="44.378878" lon="5.439270"><ele>546.9</ele></trkpt>
    <trkpt lat="44.378907" lon="5.439305"><ele>547.2</ele></trkpt>
    <trkpt lat="44.378927" lon="5.439336"><ele>547.4</ele></trkpt>
    <trkpt lat="44.378940" lon="5.439367"><ele>547.5</ele></trkpt>
    <trkpt lat="44.378952" lon="5.439406"><ele>547.7</ele></trkpt>
    <trkpt lat="44.378962" lon="5.439442"><ele>547.8</ele></trkpt>
    <trkpt lat="44.378972" lon="5.439479"><ele>548.1</ele></trkpt>
    <trkpt lat="44.378981" lon="5.439522"><ele>548.6</ele></trkpt>
    <trkpt lat="44.378989" lon="5.439566"><ele>549.0</ele></trkpt>
    <trkpt lat="44.379006" lon="5.439665"><ele>549.9</ele></trkpt>
    <trkpt lat="44.379014" lon="5.439714"><ele>550.3</ele></trkpt>
    <trkpt lat="44.379026" lon="5.439817"><ele>550.6</ele></trkpt>
    <trkpt lat="44.379026" lon="5.439851"><ele>550.7</ele></trkpt>
    <trkpt lat="44.379038" lon="5.440151"><ele>551.7</ele></trkpt>
    <trkpt lat="44.379087" lon="5.440654"><ele>553.1</ele></trkpt>
    <trkpt lat="44.379150" lon="5.441086"><ele>554.8</ele></trkpt>
    <trkpt lat="44.379150" lon="5.441439"><ele>553.7</ele></trkpt>
    <trkpt lat="44.379144" lon="5.441491"><ele>553.6</ele></trkpt>
    <trkpt lat="44.379148" lon="5.441552"><ele>553.7</ele></trkpt>
    <trkpt lat="44.379163" lon="5.441667"><ele>553.9</ele></trkpt>
    <trkpt lat="44.379174" lon="5.441725"><ele>553.7</ele></trkpt>
    <trkpt lat="44.379189" lon="5.441780"><ele>553.5</ele></trkpt>
    <trkpt lat="44.379203" lon="5.441820"><ele>553.4</ele></trkpt>
    <trkpt lat="44.379227" lon="5.441873"><ele>553.3</ele></trkpt>
    <trkpt lat="44.379251" lon="5.441926"><ele>553.3</ele></trkpt>
    <trkpt lat="44.379269" lon="5.441960"><ele>553.4</ele></trkpt>
    <trkpt lat="44.379288" lon="5.441995"><ele>553.4</ele></trkpt>
    <trkpt lat="44.379324" lon="5.442084"><ele>553.3</ele></trkpt>
    <trkpt lat="44.379342" lon="5.442129"><ele>553.2</ele></trkpt>
    <trkpt lat="44.379373" lon="5.442226"><ele>553.0</ele></trkpt>
    <trkpt lat="44.379386" lon="5.442288"><ele>552.9</ele></trkpt>
    <trkpt lat="44.379400" lon="5.442402"><ele>552.7</ele></trkpt>
    <trkpt lat="44.379406" lon="5.442476"><ele>552.5</ele></trkpt>
    <trkpt lat="44.379406" lon="5.442514"><ele>552.4</ele></trkpt>
    <trkpt lat="44.379407" lon="5.442553"><ele>552.5</ele></trkpt>
    <trkpt lat="44.379405" lon="5.442679"><ele>552.4</ele></trkpt>
    <trkpt lat="44.379405" lon="5.442730"><ele>552.4</ele></trkpt>
    <trkpt lat="44.379404" lon="5.442782"><ele>552.4</ele></trkpt>
    <trkpt lat="44.379403" lon="5.442834"><ele>552.2</ele></trkpt>
    <trkpt lat="44.379403" lon="5.442884"><ele>552.1</ele></trkpt>
    <trkpt lat="44.379403" lon="5.442984"><ele>551.8</ele></trkpt>
    <trkpt lat="44.379409" lon="5.443044"><ele>551.7</ele></trkpt>
    <trkpt lat="44.379414" lon="5.443103"><ele>551.7</ele></trkpt>
    <trkpt lat="44.379427" lon="5.443182"><ele>551.8</ele></trkpt>
    <trkpt lat="44.379449" lon="5.443279"><ele>552.1</ele></trkpt>
    <trkpt lat="44.379495" lon="5.443408"><ele>552.0</ele></trkpt>
    <trkpt lat="44.379575" lon="5.443543"><ele>551.9</ele></trkpt>
    <trkpt lat="44.379601" lon="5.443588"><ele>551.9</ele></trkpt>
    <trkpt lat="44.379624" lon="5.443643"><ele>551.8</ele></trkpt>
    <trkpt lat="44.379646" lon="5.443698"><ele>551.7</ele></trkpt>
    <trkpt lat="44.379653" lon="5.443749"><ele>551.5</ele></trkpt>
    <trkpt lat="44.379668" lon="5.443850"><ele>551.0</ele></trkpt>
    <trkpt lat="44.379661" lon="5.443903"><ele>550.7</ele></trkpt>
    <trkpt lat="44.379656" lon="5.443948"><ele>550.5</ele></trkpt>
    <trkpt lat="44.379626" lon="5.444502"><ele>550.0</ele></trkpt>
    <trkpt lat="44.379649" lon="5.444792"><ele>550.3</ele></trkpt>
    <trkpt lat="44.379766" lon="5.445295"><ele>552.1</ele></trkpt>
    <trkpt lat="44.379837" lon="5.445551"><ele>554.0</ele></trkpt>
    <trkpt lat="44.379907" lon="5.445806"><ele>555.8</ele></trkpt>
    <trkpt lat="44.379978" lon="5.446062"><ele>558.4</ele></trkpt>
    <trkpt lat="44.380269" lon="5.445975"><ele>557.5</ele></trkpt>
    <trkpt lat="44.380416" lon="5.445961"><ele>557.6</ele></trkpt>
    <trkpt lat="44.380539" lon="5.445917"><ele>557.6</ele></trkpt>
    <trkpt lat="44.380661" lon="5.445872"><ele>557.3</ele></trkpt>
    <trkpt lat="44.380813" lon="5.445769"><ele>557.0</ele></trkpt>
    <trkpt lat="44.381118" lon="5.445563"><ele>558.0</ele></trkpt>
    <trkpt lat="44.381299" lon="5.445481"><ele>558.9</ele></trkpt>
    <trkpt lat="44.381592" lon="5.445464"><ele>560.3</ele></trkpt>
    <trkpt lat="44.381768" lon="5.445621"><ele>561.0</ele></trkpt>
    <trkpt lat="44.382036" lon="5.445922"><ele>562.9</ele></trkpt>
    <trkpt lat="44.382170" lon="5.446072"><ele>563.7</ele></trkpt>
    <trkpt lat="44.382305" lon="5.446222"><ele>564.3</ele></trkpt>
    <trkpt lat="44.382459" lon="5.446349"><ele>564.2</ele></trkpt>
    <trkpt lat="44.382603" lon="5.446315"><ele>564.8</ele></trkpt>
    <trkpt lat="44.383030" lon="5.446059"><ele>567.7</ele></trkpt>
    <trkpt lat="44.383218" lon="5.445963"><ele>569.4</ele></trkpt>
    <trkpt lat="44.383294" lon="5.445777"><ele>571.8</ele></trkpt>
    <trkpt lat="44.383369" lon="5.445591"><ele>574.6</ele></trkpt>
    <trkpt lat="44.383515" lon="5.445497"><ele>576.2</ele></trkpt>
    <trkpt lat="44.383695" lon="5.445395"><ele>577.3</ele></trkpt>
    <trkpt lat="44.383830" lon="5.445441"><ele>577.1</ele></trkpt>
    <trkpt lat="44.383941" lon="5.445610"><ele>575.6</ele></trkpt>
    <trkpt lat="44.384052" lon="5.445780"><ele>574.6</ele></trkpt>
    <trkpt lat="44.384058" lon="5.445979"><ele>573.5</ele></trkpt>
    <trkpt lat="44.384064" lon="5.446179"><ele>572.4</ele></trkpt>
    <trkpt lat="44.384321" lon="5.446539"><ele>572.3</ele></trkpt>
    <trkpt lat="44.384423" lon="5.446578"><ele>572.8</ele></trkpt>
    <trkpt lat="44.384526" lon="5.446617"><ele>573.2</ele></trkpt>
    <trkpt lat="44.384695" lon="5.446732"><ele>573.1</ele></trkpt>
    <trkpt lat="44.384864" lon="5.446846"><ele>573.3</ele></trkpt>
    <trkpt lat="44.385202" lon="5.447075"><ele>573.3</ele></trkpt>
    <trkpt lat="44.385312" lon="5.447110"><ele>574.0</ele></trkpt>
    <trkpt lat="44.385422" lon="5.447145"><ele>574.7</ele></trkpt>
    <trkpt lat="44.385589" lon="5.447265"><ele>574.9</ele></trkpt>
    <trkpt lat="44.385922" lon="5.447505"><ele>575.6</ele></trkpt>
    <trkpt lat="44.386042" lon="5.447555"><ele>575.9</ele></trkpt>
    <trkpt lat="44.386163" lon="5.447605"><ele>576.2</ele></trkpt>
    <trkpt lat="44.386356" lon="5.447609"><ele>577.2</ele></trkpt>
    <trkpt lat="44.386549" lon="5.447612"><ele>577.4</ele></trkpt>
    <trkpt lat="44.386838" lon="5.447625"><ele>576.9</ele></trkpt>
    <trkpt lat="44.386948" lon="5.447639"><ele>576.5</ele></trkpt>
    <trkpt lat="44.387061" lon="5.447569"><ele>577.3</ele></trkpt>
    <trkpt lat="44.387173" lon="5.447499"><ele>578.0</ele></trkpt>
    <trkpt lat="44.387308" lon="5.447535"><ele>578.2</ele></trkpt>
    <trkpt lat="44.387865" lon="5.447813"><ele>580.2</ele></trkpt>
    <trkpt lat="44.388050" lon="5.447906"><ele>580.6</ele></trkpt>
    <trkpt lat="44.388194" lon="5.447892"><ele>581.5</ele></trkpt>
    <trkpt lat="44.388356" lon="5.447835"><ele>582.7</ele></trkpt>
    <trkpt lat="44.388518" lon="5.447777"><ele>583.7</ele></trkpt>
    <trkpt lat="44.388718" lon="5.447766"><ele>584.1</ele></trkpt>
    <trkpt lat="44.388889" lon="5.447788"><ele>584.0</ele></trkpt>
    <trkpt lat="44.389258" lon="5.447819"><ele>586.0</ele></trkpt>
    <trkpt lat="44.389456" lon="5.447827"><ele>586.7</ele></trkpt>
    <trkpt lat="44.389653" lon="5.447836"><ele>588.1</ele></trkpt>
    <trkpt lat="44.389809" lon="5.447893"><ele>589.0</ele></trkpt>
    <trkpt lat="44.389965" lon="5.447949"><ele>589.9</ele></trkpt>
    <trkpt lat="44.390086" lon="5.447999"><ele>590.0</ele></trkpt>
    <trkpt lat="44.390206" lon="5.448049"><ele>589.8</ele></trkpt>
    <trkpt lat="44.390338" lon="5.448055"><ele>590.0</ele></trkpt>
    <trkpt lat="44.390470" lon="5.448061"><ele>589.9</ele></trkpt>
    <trkpt lat="44.390629" lon="5.447998"><ele>590.8</ele></trkpt>
    <trkpt lat="44.390732" lon="5.447863"><ele>592.3</ele></trkpt>
    <trkpt lat="44.390835" lon="5.447728"><ele>593.7</ele></trkpt>
    <trkpt lat="44.391026" lon="5.447487"><ele>595.1</ele></trkpt>
    <trkpt lat="44.391149" lon="5.447452"><ele>594.8</ele></trkpt>
    <trkpt lat="44.391283" lon="5.447538"><ele>595.0</ele></trkpt>
    <trkpt lat="44.391443" lon="5.447662"><ele>596.1</ele></trkpt>
    <trkpt lat="44.391764" lon="5.447912"><ele>597.6</ele></trkpt>
    <trkpt lat="44.391924" lon="5.448037"><ele>598.0</ele></trkpt>
    <trkpt lat="44.392085" lon="5.448162"><ele>598.6</ele></trkpt>
    <trkpt lat="44.392245" lon="5.448287"><ele>598.6</ele></trkpt>
    <trkpt lat="44.392380" lon="5.448353"><ele>598.4</ele></trkpt>
    <trkpt lat="44.392574" lon="5.448311"><ele>599.8</ele></trkpt>
    <trkpt lat="44.392755" lon="5.448179"><ele>602.5</ele></trkpt>
    <trkpt lat="44.393116" lon="5.448454"><ele>602.0</ele></trkpt>
    <trkpt lat="44.393296" lon="5.448592"><ele>601.1</ele></trkpt>
    <trkpt lat="44.393427" lon="5.448672"><ele>601.3</ele></trkpt>
    <trkpt lat="44.393557" lon="5.448753"><ele>601.5</ele></trkpt>
    <trkpt lat="44.393861" lon="5.448900"><ele>602.5</ele></trkpt>
    <trkpt lat="44.394014" lon="5.448974"><ele>603.3</ele></trkpt>
    <trkpt lat="44.394166" lon="5.449048"><ele>603.6</ele></trkpt>
    <trkpt lat="44.394520" lon="5.449193"><ele>601.6</ele></trkpt>
    <trkpt lat="44.394804" lon="5.449255"><ele>604.2</ele></trkpt>
    <trkpt lat="44.394904" lon="5.449260"><ele>605.3</ele></trkpt>
    <trkpt lat="44.394930" lon="5.449400"><ele>607.2</ele></trkpt>
    <trkpt lat="44.394938" lon="5.449670"><ele>612.6</ele></trkpt>
    <trkpt lat="44.394864" lon="5.449806"><ele>614.9</ele></trkpt>
    <trkpt lat="44.394730" lon="5.449880"><ele>614.3</ele></trkpt>
    <trkpt lat="44.394596" lon="5.449954"><ele>614.8</ele></trkpt>
    <trkpt lat="44.394456" lon="5.450147"><ele>616.9</ele></trkpt>
    <trkpt lat="44.394275" lon="5.450229"><ele>616.4</ele></trkpt>
    <trkpt lat="44.394382" lon="5.450224"><ele>617.4</ele></trkpt>
    <trkpt lat="44.394490" lon="5.450219"><ele>618.9</ele></trkpt>
    <trkpt lat="44.394651" lon="5.450201"><ele>621.7</ele></trkpt>
    <trkpt lat="44.394812" lon="5.450183"><ele>624.2</ele></trkpt>
    <trkpt lat="44.395098" lon="5.450205"><ele>630.1</ele></trkpt>
    <trkpt lat="44.395557" lon="5.450285"><ele>641.1</ele></trkpt>
    <trkpt lat="44.395668" lon="5.450290"><ele>642.7</ele></trkpt>
    <trkpt lat="44.395794" lon="5.450405"><ele>645.3</ele></trkpt>
    <trkpt lat="44.395920" lon="5.450540"><ele>648.1</ele></trkpt>
    <trkpt lat="44.396084" lon="5.450557"><ele>650.6</ele></trkpt>
    <trkpt lat="44.396248" lon="5.450574"><ele>652.6</ele></trkpt>
    <trkpt lat="44.396588" lon="5.450848"><ele>660.7</ele></trkpt>
    <trkpt lat="44.396719" lon="5.450933"><ele>663.7</ele></trkpt>
    <trkpt lat="44.396823" lon="5.451062"><ele>666.5</ele></trkpt>
    <trkpt lat="44.396927" lon="5.451192"><ele>669.3</ele></trkpt>
    <trkpt lat="44.397089" lon="5.451488"><ele>674.3</ele></trkpt>
    <trkpt lat="44.397123" lon="5.451719"><ele>676.7</ele></trkpt>
    <trkpt lat="44.397128" lon="5.452128"><ele>679.3</ele></trkpt>
    <trkpt lat="44.397179" lon="5.452399"><ele>681.0</ele></trkpt>
    <trkpt lat="44.397230" lon="5.452670"><ele>682.8</ele></trkpt>
    <trkpt lat="44.397281" lon="5.452942"><ele>684.8</ele></trkpt>
    <trkpt lat="44.397333" lon="5.453213"><ele>687.3</ele></trkpt>
    <trkpt lat="44.397384" lon="5.453674"><ele>691.8</ele></trkpt>
    <trkpt lat="44.397410" lon="5.453905"><ele>693.5</ele></trkpt>
    <trkpt lat="44.397396" lon="5.454054"><ele>693.9</ele></trkpt>
    <trkpt lat="44.397382" lon="5.454203"><ele>694.6</ele></trkpt>
    <trkpt lat="44.397324" lon="5.454419"><ele>695.3</ele></trkpt>
    <trkpt lat="44.397265" lon="5.454636"><ele>695.2</ele></trkpt>
    <trkpt lat="44.397246" lon="5.454855"><ele>693.8</ele></trkpt>
    <trkpt lat="44.397312" lon="5.455117"><ele>691.1</ele></trkpt>
    <trkpt lat="44.397407" lon="5.455310"><ele>688.8</ele></trkpt>
    <trkpt lat="44.397583" lon="5.455448"><ele>687.2</ele></trkpt>
    <trkpt lat="44.397919" lon="5.455542"><ele>686.2</ele></trkpt>
    <trkpt lat="44.398087" lon="5.455589"><ele>685.9</ele></trkpt>
    <trkpt lat="44.398212" lon="5.455609"><ele>686.3</ele></trkpt>
    <trkpt lat="44.398337" lon="5.455630"><ele>686.8</ele></trkpt>
    <trkpt lat="44.398532" lon="5.455544"><ele>688.0</ele></trkpt>
    <trkpt lat="44.398727" lon="5.455457"><ele>691.5</ele></trkpt>
    <trkpt lat="44.398906" lon="5.455415"><ele>694.7</ele></trkpt>
    <trkpt lat="44.399063" lon="5.455422"><ele>696.2</ele></trkpt>
    <trkpt lat="44.399161" lon="5.455536"><ele>694.4</ele></trkpt>
    <trkpt lat="44.399150" lon="5.455695"><ele>695.3</ele></trkpt>
    <trkpt lat="44.399055" lon="5.455801"><ele>695.4</ele></trkpt>
    <trkpt lat="44.398878" lon="5.455919"><ele>696.3</ele></trkpt>
    <trkpt lat="44.398525" lon="5.456157"><ele>696.8</ele></trkpt>
    <trkpt lat="44.398388" lon="5.456230"><ele>696.4</ele></trkpt>
    <trkpt lat="44.398250" lon="5.456304"><ele>696.4</ele></trkpt>
    <trkpt lat="44.398049" lon="5.456370"><ele>695.4</ele></trkpt>
    <trkpt lat="44.397847" lon="5.456436"><ele>693.9</ele></trkpt>
    <trkpt lat="44.397759" lon="5.456522"><ele>694.0</ele></trkpt>
    <trkpt lat="44.397719" lon="5.456720"><ele>695.9</ele></trkpt>
    <trkpt lat="44.397700" lon="5.456948"><ele>696.3</ele></trkpt>
    <trkpt lat="44.397680" lon="5.457177"><ele>697.0</ele></trkpt>
    <trkpt lat="44.397661" lon="5.457405"><ele>697.9</ele></trkpt>
    <trkpt lat="44.397637" lon="5.457688"><ele>699.0</ele></trkpt>
    <trkpt lat="44.397612" lon="5.457971"><ele>699.7</ele></trkpt>
    <trkpt lat="44.397473" lon="5.458449"><ele>697.0</ele></trkpt>
    <trkpt lat="44.397403" lon="5.458688"><ele>697.4</ele></trkpt>
    <trkpt lat="44.397334" lon="5.458927"><ele>699.1</ele></trkpt>
    <trkpt lat="44.397344" lon="5.459106"><ele>701.5</ele></trkpt>
    <trkpt lat="44.397354" lon="5.459286"><ele>704.6</ele></trkpt>
    <trkpt lat="44.397252" lon="5.459392"><ele>706.7</ele></trkpt>
    <trkpt lat="44.397145" lon="5.459367"><ele>705.7</ele></trkpt>
    <trkpt lat="44.397039" lon="5.459342"><ele>704.5</ele></trkpt>
    <trkpt lat="44.396903" lon="5.459337"><ele>703.5</ele></trkpt>
    <trkpt lat="44.396767" lon="5.459331"><ele>702.1</ele></trkpt>
    <trkpt lat="44.396609" lon="5.459364"><ele>701.6</ele></trkpt>
    <trkpt lat="44.396470" lon="5.459492"><ele>703.8</ele></trkpt>
    <trkpt lat="44.396332" lon="5.459621"><ele>705.8</ele></trkpt>
    <trkpt lat="44.396171" lon="5.459768"><ele>707.6</ele></trkpt>
    <trkpt lat="44.396011" lon="5.459916"><ele>708.9</ele></trkpt>
    <trkpt lat="44.395852" lon="5.459989"><ele>708.1</ele></trkpt>
    <trkpt lat="44.395693" lon="5.460062"><ele>705.6</ele></trkpt>
    <trkpt lat="44.395612" lon="5.460312"><ele>706.3</ele></trkpt>
    <trkpt lat="44.395532" lon="5.460563"><ele>704.3</ele></trkpt>
    <trkpt lat="44.395530" lon="5.460850"><ele>705.2</ele></trkpt>
    <trkpt lat="44.395529" lon="5.461136"><ele>705.0</ele></trkpt>
    <trkpt lat="44.395527" lon="5.461710"><ele>703.9</ele></trkpt>
    <trkpt lat="44.395523" lon="5.461919"><ele>703.6</ele></trkpt>
    <trkpt lat="44.395518" lon="5.462128"><ele>704.0</ele></trkpt>
    <trkpt lat="44.395513" lon="5.462337"><ele>705.1</ele></trkpt>
    <trkpt lat="44.395436" lon="5.462583"><ele>704.0</ele></trkpt>
    <trkpt lat="44.395345" lon="5.462838"><ele>702.9</ele></trkpt>
    <trkpt lat="44.395253" lon="5.463093"><ele>701.5</ele></trkpt>
    <trkpt lat="44.395224" lon="5.463461"><ele>702.1</ele></trkpt>
    <trkpt lat="44.395253" lon="5.463742"><ele>703.1</ele></trkpt>
    <trkpt lat="44.395334" lon="5.463959"><ele>704.8</ele></trkpt>
    <trkpt lat="44.395415" lon="5.464177"><ele>704.3</ele></trkpt>
    <trkpt lat="44.395511" lon="5.464361"><ele>703.4</ele></trkpt>
    <trkpt lat="44.395607" lon="5.464545"><ele>703.0</ele></trkpt>
    <trkpt lat="44.395799" lon="5.464912"><ele>704.6</ele></trkpt>
    <trkpt lat="44.395816" lon="5.465102"><ele>705.0</ele></trkpt>
    <trkpt lat="44.395768" lon="5.465349"><ele>705.6</ele></trkpt>
    <trkpt lat="44.395667" lon="5.465494"><ele>705.1</ele></trkpt>
    <trkpt lat="44.395566" lon="5.465640"><ele>704.2</ele></trkpt>
    <trkpt lat="44.395465" lon="5.465785"><ele>702.6</ele></trkpt>
    <trkpt lat="44.395423" lon="5.466042"><ele>703.6</ele></trkpt>
    <trkpt lat="44.395447" lon="5.466253"><ele>704.9</ele></trkpt>
    <trkpt lat="44.395499" lon="5.466509"><ele>706.5</ele></trkpt>
    <trkpt lat="44.395550" lon="5.466766"><ele>707.9</ele></trkpt>
    <trkpt lat="44.395533" lon="5.466904"><ele>707.6</ele></trkpt>
    <trkpt lat="44.395427" lon="5.467139"><ele>708.6</ele></trkpt>
    <trkpt lat="44.395322" lon="5.467374"><ele>710.1</ele></trkpt>
    <trkpt lat="44.395206" lon="5.467438"><ele>709.7</ele></trkpt>
    <trkpt lat="44.394970" lon="5.467667"><ele>709.9</ele></trkpt>
    <trkpt lat="44.394849" lon="5.467832"><ele>710.6</ele></trkpt>
    <trkpt lat="44.394729" lon="5.467996"><ele>712.2</ele></trkpt>
    <trkpt lat="44.394587" lon="5.468046"><ele>712.4</ele></trkpt>
    <trkpt lat="44.394304" lon="5.468147"><ele>712.5</ele></trkpt>
    <trkpt lat="44.394193" lon="5.468312"><ele>713.9</ele></trkpt>
    <trkpt lat="44.394153" lon="5.468514"><ele>713.9</ele></trkpt>
    <trkpt lat="44.394112" lon="5.468717"><ele>713.4</ele></trkpt>
    <trkpt lat="44.394042" lon="5.468970"><ele>712.5</ele></trkpt>
    <trkpt lat="44.393902" lon="5.469475"><ele>710.2</ele></trkpt>
    <trkpt lat="44.393787" lon="5.469690"><ele>710.2</ele></trkpt>
    <trkpt lat="44.393671" lon="5.469904"><ele>710.7</ele></trkpt>
    <trkpt lat="44.393582" lon="5.470045"><ele>711.2</ele></trkpt>
    <trkpt lat="44.393493" lon="5.470185"><ele>711.7</ele></trkpt>
    <trkpt lat="44.393355" lon="5.470335"><ele>711.9</ele></trkpt>
    <trkpt lat="44.392947" lon="5.470486"><ele>708.4</ele></trkpt>
    <trkpt lat="44.392863" lon="5.470590"><ele>708.1</ele></trkpt>
    <trkpt lat="44.392835" lon="5.470625"><ele>707.9</ele></trkpt>
    <trkpt lat="44.392819" lon="5.470638"><ele>707.8</ele></trkpt>
    <trkpt lat="44.392771" lon="5.470674"><ele>707.4</ele></trkpt>
    <trkpt lat="44.392707" lon="5.470723"><ele>706.9</ele></trkpt>
    <trkpt lat="44.392579" lon="5.470821"><ele>705.8</ele></trkpt>
    <trkpt lat="44.392537" lon="5.470885"><ele>705.2</ele></trkpt>
    <trkpt lat="44.392519" lon="5.470986"><ele>704.7</ele></trkpt>
    <trkpt lat="44.392519" lon="5.471025"><ele>704.5</ele></trkpt>
    <trkpt lat="44.392526" lon="5.471041"><ele>704.5</ele></trkpt>
    <trkpt lat="44.392528" lon="5.471047"><ele>704.5</ele></trkpt>
    <trkpt lat="44.392532" lon="5.471051"><ele>704.6</ele></trkpt>
    <trkpt lat="44.392542" lon="5.471064"><ele>704.6</ele></trkpt>
    <trkpt lat="44.392615" lon="5.471145"><ele>704.9</ele></trkpt>
    <trkpt lat="44.392665" lon="5.471128"><ele>705.6</ele></trkpt>
    <trkpt lat="44.392845" lon="5.471102"><ele>708.2</ele></trkpt>
    <trkpt lat="44.392873" lon="5.471107"><ele>708.7</ele></trkpt>
    <trkpt lat="44.392905" lon="5.471117"><ele>709.3</ele></trkpt>
    <trkpt lat="44.392937" lon="5.471146"><ele>709.7</ele></trkpt>
    <trkpt lat="44.392979" lon="5.471197"><ele>710.2</ele></trkpt>
    <trkpt lat="44.393041" lon="5.471299"><ele>711.0</ele></trkpt>
    <trkpt lat="44.393269" lon="5.471590"><ele>713.2</ele></trkpt>
    <trkpt lat="44.393511" lon="5.471933"><ele>715.3</ele></trkpt>
    <trkpt lat="44.393543" lon="5.472000"><ele>715.4</ele></trkpt>
    <trkpt lat="44.393575" lon="5.472067"><ele>715.6</ele></trkpt>
    <trkpt lat="44.393653" lon="5.472239"><ele>715.9</ele></trkpt>
    <trkpt lat="44.393678" lon="5.472315"><ele>715.7</ele></trkpt>
    <trkpt lat="44.393703" lon="5.472392"><ele>715.5</ele></trkpt>
    <trkpt lat="44.393729" lon="5.472468"><ele>715.3</ele></trkpt>
    <trkpt lat="44.393754" lon="5.472545"><ele>715.0</ele></trkpt>
    <trkpt lat="44.393783" lon="5.472630"><ele>714.5</ele></trkpt>
    <trkpt lat="44.393816" lon="5.472684"><ele>714.4</ele></trkpt>
    <trkpt lat="44.393849" lon="5.472718"><ele>714.4</ele></trkpt>
    <trkpt lat="44.393883" lon="5.472751"><ele>714.4</ele></trkpt>
    <trkpt lat="44.393941" lon="5.472784"><ele>714.7</ele></trkpt>
    <trkpt lat="44.393985" lon="5.472805"><ele>715.0</ele></trkpt>
    <trkpt lat="44.394029" lon="5.472826"><ele>715.2</ele></trkpt>
    <trkpt lat="44.394096" lon="5.472843"><ele>715.9</ele></trkpt>
    <trkpt lat="44.394162" lon="5.472860"><ele>716.5</ele></trkpt>
    <trkpt lat="44.394436" lon="5.472946"><ele>718.3</ele></trkpt>
    <trkpt lat="44.394789" lon="5.473064"><ele>719.6</ele></trkpt>
    <trkpt lat="44.394955" lon="5.473124"><ele>720.5</ele></trkpt>
    <trkpt lat="44.394998" lon="5.473144"><ele>720.7</ele></trkpt>
    <trkpt lat="44.395075" lon="5.473163"><ele>721.2</ele></trkpt>
    <trkpt lat="44.395144" lon="5.473178"><ele>721.6</ele></trkpt>
    <trkpt lat="44.395214" lon="5.473194"><ele>721.9</ele></trkpt>
    <trkpt lat="44.395351" lon="5.473207"><ele>723.1</ele></trkpt>
    <trkpt lat="44.395407" lon="5.473201"><ele>723.8</ele></trkpt>
    <trkpt lat="44.395518" lon="5.473187"><ele>725.2</ele></trkpt>
    <trkpt lat="44.395880" lon="5.473178"><ele>729.7</ele></trkpt>
    <trkpt lat="44.396012" lon="5.473175"><ele>731.3</ele></trkpt>
    <trkpt lat="44.396206" lon="5.473161"><ele>734.3</ele></trkpt>
    <trkpt lat="44.396344" lon="5.473123"><ele>736.9</ele></trkpt>
    <trkpt lat="44.396398" lon="5.473107"><ele>738.0</ele></trkpt>
    <trkpt lat="44.396458" lon="5.473105"><ele>738.9</ele></trkpt>
    <trkpt lat="44.396542" lon="5.473114"><ele>740.1</ele></trkpt>
    <trkpt lat="44.396641" lon="5.473145"><ele>741.6</ele></trkpt>
    <trkpt lat="44.396756" lon="5.473191"><ele>743.8</ele></trkpt>
    <trkpt lat="44.396777" lon="5.473230"><ele>744.1</ele></trkpt>
    <trkpt lat="44.396803" lon="5.473280"><ele>744.5</ele></trkpt>
    <trkpt lat="44.396820" lon="5.473333"><ele>744.8</ele></trkpt>
    <trkpt lat="44.396820" lon="5.473385"><ele>745.3</ele></trkpt>
    <trkpt lat="44.396818" lon="5.473436"><ele>745.9</ele></trkpt>
    <trkpt lat="44.396789" lon="5.473565"><ele>746.6</ele></trkpt>
    <trkpt lat="44.396765" lon="5.473684"><ele>747.3</ele></trkpt>
    <trkpt lat="44.396756" lon="5.473780"><ele>748.1</ele></trkpt>
    <trkpt lat="44.396753" lon="5.473839"><ele>748.6</ele></trkpt>
    <trkpt lat="44.396752" lon="5.473947"><ele>749.2</ele></trkpt>
    <trkpt lat="44.396758" lon="5.474011"><ele>749.3</ele></trkpt>
    <trkpt lat="44.396772" lon="5.474081"><ele>749.7</ele></trkpt>
    <trkpt lat="44.396792" lon="5.474133"><ele>750.2</ele></trkpt>
    <trkpt lat="44.396820" lon="5.474186"><ele>750.6</ele></trkpt>
    <trkpt lat="44.396858" lon="5.474222"><ele>751.0</ele></trkpt>
    <trkpt lat="44.396921" lon="5.474258"><ele>752.1</ele></trkpt>
    <trkpt lat="44.397016" lon="5.474306"><ele>753.4</ele></trkpt>
    <trkpt lat="44.397121" lon="5.474376"><ele>754.6</ele></trkpt>
    <trkpt lat="44.397211" lon="5.474462"><ele>755.5</ele></trkpt>
    <trkpt lat="44.397339" lon="5.474623"><ele>756.0</ele></trkpt>
    <trkpt lat="44.397415" lon="5.474722"><ele>756.2</ele></trkpt>
    <trkpt lat="44.397440" lon="5.474742"><ele>756.4</ele></trkpt>
    <trkpt lat="44.397473" lon="5.474755"><ele>756.8</ele></trkpt>
    <trkpt lat="44.397505" lon="5.474754"><ele>757.5</ele></trkpt>
    <trkpt lat="44.397545" lon="5.474739"><ele>758.5</ele></trkpt>
    <trkpt lat="44.397588" lon="5.474713"><ele>759.7</ele></trkpt>
    <trkpt lat="44.397593" lon="5.474670"><ele>760.4</ele></trkpt>
    <trkpt lat="44.397593" lon="5.474637"><ele>760.8</ele></trkpt>
    <trkpt lat="44.397591" lon="5.474605"><ele>761.2</ele></trkpt>
    <trkpt lat="44.397584" lon="5.474566"><ele>761.6</ele></trkpt>
    <trkpt lat="44.397571" lon="5.474533"><ele>761.8</ele></trkpt>
    <trkpt lat="44.397543" lon="5.474497"><ele>761.9</ele></trkpt>
    <trkpt lat="44.397529" lon="5.474481"><ele>761.9</ele></trkpt>
    <trkpt lat="44.397482" lon="5.474429"><ele>761.7</ele></trkpt>
    <trkpt lat="44.397452" lon="5.474392"><ele>761.4</ele></trkpt>
    <trkpt lat="44.397433" lon="5.474354"><ele>761.3</ele></trkpt>
    <trkpt lat="44.397419" lon="5.474310"><ele>761.4</ele></trkpt>
    <trkpt lat="44.397396" lon="5.474175"><ele>762.1</ele></trkpt>
    <trkpt lat="44.397394" lon="5.474112"><ele>761.9</ele></trkpt>
    <trkpt lat="44.397402" lon="5.474057"><ele>761.8</ele></trkpt>
    <trkpt lat="44.397419" lon="5.474018"><ele>762.0</ele></trkpt>
    <trkpt lat="44.397445" lon="5.473960"><ele>762.3</ele></trkpt>
    <trkpt lat="44.397467" lon="5.473932"><ele>762.6</ele></trkpt>
    <trkpt lat="44.397503" lon="5.473903"><ele>763.1</ele></trkpt>
    <trkpt lat="44.397533" lon="5.473883"><ele>763.6</ele></trkpt>
    <trkpt lat="44.397598" lon="5.473846"><ele>764.5</ele></trkpt>
    <trkpt lat="44.397675" lon="5.473828"><ele>765.7</ele></trkpt>
    <trkpt lat="44.397779" lon="5.473814"><ele>767.5</ele></trkpt>
    <trkpt lat="44.398120" lon="5.473744"><ele>771.7</ele></trkpt>
    <trkpt lat="44.398157" lon="5.473733"><ele>772.1</ele></trkpt>
    <trkpt lat="44.398186" lon="5.473728"><ele>772.5</ele></trkpt>
    <trkpt lat="44.398215" lon="5.473728"><ele>772.8</ele></trkpt>
    <trkpt lat="44.398247" lon="5.473728"><ele>773.2</ele></trkpt>
    <trkpt lat="44.398308" lon="5.473737"><ele>773.8</ele></trkpt>
    <trkpt lat="44.398337" lon="5.473756"><ele>774.0</ele></trkpt>
    <trkpt lat="44.398362" lon="5.473781"><ele>774.3</ele></trkpt>
    <trkpt lat="44.398391" lon="5.473818"><ele>774.6</ele></trkpt>
    <trkpt lat="44.398432" lon="5.473886"><ele>774.8</ele></trkpt>
    <trkpt lat="44.398502" lon="5.474027"><ele>776.0</ele></trkpt>
    <trkpt lat="44.398548" lon="5.474167"><ele>776.9</ele></trkpt>
    <trkpt lat="44.398564" lon="5.474250"><ele>777.4</ele></trkpt>
    <trkpt lat="44.398570" lon="5.474340"><ele>777.8</ele></trkpt>
    <trkpt lat="44.398570" lon="5.474505"><ele>778.1</ele></trkpt>
    <trkpt lat="44.398577" lon="5.474632"><ele>778.2</ele></trkpt>
    <trkpt lat="44.398589" lon="5.474711"><ele>778.4</ele></trkpt>
    <trkpt lat="44.398614" lon="5.474748"><ele>778.8</ele></trkpt>
    <trkpt lat="44.398649" lon="5.474784"><ele>779.4</ele></trkpt>
    <trkpt lat="44.398692" lon="5.474814"><ele>780.2</ele></trkpt>
    <trkpt lat="44.398747" lon="5.474844"><ele>781.4</ele></trkpt>
    <trkpt lat="44.398803" lon="5.474864"><ele>782.6</ele></trkpt>
    <trkpt lat="44.399076" lon="5.475052"><ele>786.3</ele></trkpt>
    <trkpt lat="44.399161" lon="5.475125"><ele>787.1</ele></trkpt>
    <trkpt lat="44.399256" lon="5.475185"><ele>787.3</ele></trkpt>
    <trkpt lat="44.399286" lon="5.475202"><ele>787.4</ele></trkpt>
    <trkpt lat="44.399319" lon="5.475215"><ele>787.5</ele></trkpt>
    <trkpt lat="44.399378" lon="5.475228"><ele>788.0</ele></trkpt>
    <trkpt lat="44.399413" lon="5.475224"><ele>788.4</ele></trkpt>
    <trkpt lat="44.399445" lon="5.475217"><ele>788.9</ele></trkpt>
    <trkpt lat="44.399470" lon="5.475204"><ele>789.2</ele></trkpt>
    <trkpt lat="44.399491" lon="5.475182"><ele>789.7</ele></trkpt>
    <trkpt lat="44.399501" lon="5.475151"><ele>790.2</ele></trkpt>
    <trkpt lat="44.399505" lon="5.475111"><ele>790.9</ele></trkpt>
    <trkpt lat="44.399502" lon="5.475057"><ele>791.7</ele></trkpt>
    <trkpt lat="44.399495" lon="5.475014"><ele>792.3</ele></trkpt>
    <trkpt lat="44.399463" lon="5.474962"><ele>792.9</ele></trkpt>
    <trkpt lat="44.399352" lon="5.474870"><ele>793.2</ele></trkpt>
    <trkpt lat="44.399219" lon="5.474762"><ele>793.2</ele></trkpt>
    <trkpt lat="44.399168" lon="5.474721"><ele>793.0</ele></trkpt>
    <trkpt lat="44.399117" lon="5.474660"><ele>792.5</ele></trkpt>
    <trkpt lat="44.399108" lon="5.474637"><ele>792.5</ele></trkpt>
    <trkpt lat="44.399099" lon="5.474602"><ele>792.6</ele></trkpt>
    <trkpt lat="44.399093" lon="5.474566"><ele>792.8</ele></trkpt>
    <trkpt lat="44.399095" lon="5.474510"><ele>793.3</ele></trkpt>
    <trkpt lat="44.399111" lon="5.474437"><ele>794.4</ele></trkpt>
    <trkpt lat="44.399145" lon="5.474334"><ele>795.3</ele></trkpt>
    <trkpt lat="44.399245" lon="5.474096"><ele>797.7</ele></trkpt>
    <trkpt lat="44.399354" lon="5.473866"><ele>799.3</ele></trkpt>
    <trkpt lat="44.399423" lon="5.473775"><ele>800.6</ele></trkpt>
    <trkpt lat="44.399559" lon="5.473605"><ele>802.5</ele></trkpt>
    <trkpt lat="44.399629" lon="5.473525"><ele>803.9</ele></trkpt>
    <trkpt lat="44.399668" lon="5.473497"><ele>804.6</ele></trkpt>
    <trkpt lat="44.399706" lon="5.473479"><ele>805.2</ele></trkpt>
    <trkpt lat="44.399745" lon="5.473479"><ele>805.9</ele></trkpt>
    <trkpt lat="44.399776" lon="5.473486"><ele>806.5</ele></trkpt>
    <trkpt lat="44.399795" lon="5.473511"><ele>806.9</ele></trkpt>
    <trkpt lat="44.399810" lon="5.473562"><ele>807.4</ele></trkpt>
    <trkpt lat="44.399815" lon="5.473620"><ele>807.7</ele></trkpt>
    <trkpt lat="44.399807" lon="5.473685"><ele>808.0</ele></trkpt>
    <trkpt lat="44.399782" lon="5.473720"><ele>807.8</ele></trkpt>
    <trkpt lat="44.399726" lon="5.473747"><ele>807.0</ele></trkpt>
    <trkpt lat="44.399684" lon="5.473771"><ele>806.3</ele></trkpt>
    <trkpt lat="44.399632" lon="5.473805"><ele>805.4</ele></trkpt>
    <trkpt lat="44.399597" lon="5.473833"><ele>804.9</ele></trkpt>
    <trkpt lat="44.399577" lon="5.473864"><ele>804.7</ele></trkpt>
    <trkpt lat="44.399563" lon="5.473920"><ele>804.7</ele></trkpt>
    <trkpt lat="44.399559" lon="5.473967"><ele>804.8</ele></trkpt>
    <trkpt lat="44.399567" lon="5.474024"><ele>805.2</ele></trkpt>
    <trkpt lat="44.399583" lon="5.474071"><ele>805.6</ele></trkpt>
    <trkpt lat="44.399610" lon="5.474105"><ele>806.2</ele></trkpt>
    <trkpt lat="44.399643" lon="5.474117"><ele>806.8</ele></trkpt>
    <trkpt lat="44.399690" lon="5.474126"><ele>807.5</ele></trkpt>
    <trkpt lat="44.399735" lon="5.474126"><ele>808.1</ele></trkpt>
    <trkpt lat="44.399804" lon="5.474112"><ele>808.9</ele></trkpt>
    <trkpt lat="44.399909" lon="5.474071"><ele>810.2</ele></trkpt>
    <trkpt lat="44.400017" lon="5.474036"><ele>811.7</ele></trkpt>
    <trkpt lat="44.400079" lon="5.474026"><ele>812.8</ele></trkpt>
    <trkpt lat="44.400128" lon="5.474019"><ele>813.6</ele></trkpt>
    <trkpt lat="44.400193" lon="5.474017"><ele>814.7</ele></trkpt>
    <trkpt lat="44.400248" lon="5.474026"><ele>815.5</ele></trkpt>
    <trkpt lat="44.400615" lon="5.474077"><ele>820.1</ele></trkpt>
    <trkpt lat="44.400674" lon="5.474081"><ele>820.9</ele></trkpt>
    <trkpt lat="44.400719" lon="5.474088"><ele>821.5</ele></trkpt>
    <trkpt lat="44.400782" lon="5.474099"><ele>822.2</ele></trkpt>
    <trkpt lat="44.400842" lon="5.474118"><ele>822.9</ele></trkpt>
    <trkpt lat="44.400971" lon="5.474165"><ele>824.5</ele></trkpt>
    <trkpt lat="44.401061" lon="5.474201"><ele>825.7</ele></trkpt>
    <trkpt lat="44.401093" lon="5.474221"><ele>826.1</ele></trkpt>
    <trkpt lat="44.401129" lon="5.474245"><ele>826.6</ele></trkpt>
    <trkpt lat="44.401164" lon="5.474277"><ele>827.1</ele></trkpt>
    <trkpt lat="44.401192" lon="5.474316"><ele>827.4</ele></trkpt>
    <trkpt lat="44.401213" lon="5.474369"><ele>827.5</ele></trkpt>
    <trkpt lat="44.401228" lon="5.474408"><ele>827.6</ele></trkpt>
    <trkpt lat="44.401239" lon="5.474448"><ele>827.7</ele></trkpt>
    <trkpt lat="44.401245" lon="5.474511"><ele>828.1</ele></trkpt>
    <trkpt lat="44.401247" lon="5.474556"><ele>828.3</ele></trkpt>
    <trkpt lat="44.401245" lon="5.474617"><ele>828.5</ele></trkpt>
    <trkpt lat="44.401232" lon="5.474697"><ele>828.3</ele></trkpt>
    <trkpt lat="44.401192" lon="5.474850"><ele>827.2</ele></trkpt>
    <trkpt lat="44.401185" lon="5.474945"><ele>827.2</ele></trkpt>
    <trkpt lat="44.401188" lon="5.475005"><ele>827.4</ele></trkpt>
    <trkpt lat="44.401198" lon="5.475057"><ele>827.0</ele></trkpt>
    <trkpt lat="44.401218" lon="5.475118"><ele>826.8</ele></trkpt>
    <trkpt lat="44.401256" lon="5.475172"><ele>827.2</ele></trkpt>
    <trkpt lat="44.401397" lon="5.475298"><ele>829.7</ele></trkpt>
    <trkpt lat="44.401596" lon="5.475450"><ele>832.5</ele></trkpt>
    <trkpt lat="44.401799" lon="5.475604"><ele>834.5</ele></trkpt>
    <trkpt lat="44.402006" lon="5.475714"><ele>837.2</ele></trkpt>
    <trkpt lat="44.402206" lon="5.475821"><ele>839.0</ele></trkpt>
    <trkpt lat="44.402356" lon="5.475883"><ele>840.5</ele></trkpt>
    <trkpt lat="44.402617" lon="5.475989"><ele>842.8</ele></trkpt>
    <trkpt lat="44.402914" lon="5.476105"><ele>845.2</ele></trkpt>
    <trkpt lat="44.403145" lon="5.476181"><ele>847.0</ele></trkpt>
    <trkpt lat="44.403251" lon="5.476202"><ele>848.5</ele></trkpt>
    <trkpt lat="44.403499" lon="5.476305"><ele>851.5</ele></trkpt>
    <trkpt lat="44.403734" lon="5.476439"><ele>852.5</ele></trkpt>
    <trkpt lat="44.403872" lon="5.476502"><ele>854.1</ele></trkpt>
    <trkpt lat="44.404237" lon="5.476661"><ele>857.8</ele></trkpt>
    <trkpt lat="44.404463" lon="5.476915"><ele>857.4</ele></trkpt>
    <trkpt lat="44.404758" lon="5.476978"><ele>861.1</ele></trkpt>
    <trkpt lat="44.405213" lon="5.476977"><ele>863.7</ele></trkpt>
    <trkpt lat="44.405316" lon="5.476966"><ele>864.3</ele></trkpt>
    <trkpt lat="44.405354" lon="5.476951"><ele>864.8</ele></trkpt>
    <trkpt lat="44.405392" lon="5.476917"><ele>865.7</ele></trkpt>
    <trkpt lat="44.405430" lon="5.476884"><ele>866.6</ele></trkpt>
    <trkpt lat="44.405477" lon="5.476864"><ele>867.1</ele></trkpt>
    <trkpt lat="44.405732" lon="5.476815"><ele>869.6</ele></trkpt>
    <trkpt lat="44.405824" lon="5.476799"><ele>870.6</ele></trkpt>
    <trkpt lat="44.405869" lon="5.476792"><ele>871.1</ele></trkpt>
    <trkpt lat="44.405922" lon="5.476789"><ele>871.7</ele></trkpt>
    <trkpt lat="44.405961" lon="5.476788"><ele>872.1</ele></trkpt>
    <trkpt lat="44.406005" lon="5.476788"><ele>872.6</ele></trkpt>
    <trkpt lat="44.406084" lon="5.476810"><ele>873.2</ele></trkpt>
    <trkpt lat="44.406122" lon="5.476829"><ele>873.4</ele></trkpt>
    <trkpt lat="44.406158" lon="5.476856"><ele>873.5</ele></trkpt>
    <trkpt lat="44.406223" lon="5.476916"><ele>873.6</ele></trkpt>
    <trkpt lat="44.406305" lon="5.476987"><ele>873.6</ele></trkpt>
    <trkpt lat="44.406345" lon="5.477005"><ele>873.8</ele></trkpt>
    <trkpt lat="44.406393" lon="5.477018"><ele>874.3</ele></trkpt>
    <trkpt lat="44.406538" lon="5.477058"><ele>875.9</ele></trkpt>
    <trkpt lat="44.406690" lon="5.477108"><ele>877.7</ele></trkpt>
    <trkpt lat="44.407001" lon="5.477236"><ele>882.5</ele></trkpt>
    <trkpt lat="44.407092" lon="5.477275"><ele>884.8</ele></trkpt>
    <trkpt lat="44.407125" lon="5.477290"><ele>885.6</ele></trkpt>
    <trkpt lat="44.407156" lon="5.477317"><ele>886.2</ele></trkpt>
    <trkpt lat="44.407176" lon="5.477345"><ele>886.4</ele></trkpt>
    <trkpt lat="44.407182" lon="5.477354"><ele>886.5</ele></trkpt>
    <trkpt lat="44.407201" lon="5.477402"><ele>886.5</ele></trkpt>
    <trkpt lat="44.407212" lon="5.477476"><ele>886.0</ele></trkpt>
    <trkpt lat="44.407222" lon="5.477531"><ele>885.8</ele></trkpt>
    <trkpt lat="44.407232" lon="5.477578"><ele>885.7</ele></trkpt>
    <trkpt lat="44.407254" lon="5.477630"><ele>885.9</ele></trkpt>
    <trkpt lat="44.407293" lon="5.477695"><ele>886.5</ele></trkpt>
    <trkpt lat="44.407344" lon="5.477767"><ele>887.2</ele></trkpt>
    <trkpt lat="44.407483" lon="5.477924"><ele>889.5</ele></trkpt>
    <trkpt lat="44.407594" lon="5.478075"><ele>891.5</ele></trkpt>
    <trkpt lat="44.407649" lon="5.478167"><ele>892.3</ele></trkpt>
    <trkpt lat="44.407761" lon="5.478414"><ele>893.6</ele></trkpt>
    <trkpt lat="44.407914" lon="5.478785"><ele>895.4</ele></trkpt>
    <trkpt lat="44.408137" lon="5.479262"><ele>896.8</ele></trkpt>
    <trkpt lat="44.408166" lon="5.479315"><ele>897.6</ele></trkpt>
    <trkpt lat="44.408201" lon="5.479355"><ele>899.0</ele></trkpt>
    <trkpt lat="44.408220" lon="5.479373"><ele>899.8</ele></trkpt>
    <trkpt lat="44.408254" lon="5.479380"><ele>901.5</ele></trkpt>
    <trkpt lat="44.408287" lon="5.479360"><ele>903.5</ele></trkpt>
    <trkpt lat="44.408312" lon="5.479330"><ele>905.1</ele></trkpt>
    <trkpt lat="44.408323" lon="5.479281"><ele>906.2</ele></trkpt>
    <trkpt lat="44.408321" lon="5.479225"><ele>906.7</ele></trkpt>
    <trkpt lat="44.408306" lon="5.479177"><ele>906.5</ele></trkpt>
    <trkpt lat="44.408284" lon="5.479124"><ele>906.3</ele></trkpt>
    <trkpt lat="44.408256" lon="5.479077"><ele>905.8</ele></trkpt>
    <trkpt lat="44.408227" lon="5.479031"><ele>905.3</ele></trkpt>
    <trkpt lat="44.408202" lon="5.478974"><ele>905.2</ele></trkpt>
    <trkpt lat="44.408190" lon="5.478929"><ele>905.5</ele></trkpt>
    <trkpt lat="44.408171" lon="5.478851"><ele>905.9</ele></trkpt>
    <trkpt lat="44.408164" lon="5.478803"><ele>906.2</ele></trkpt>
    <trkpt lat="44.408148" lon="5.478638"><ele>907.6</ele></trkpt>
    <trkpt lat="44.408143" lon="5.478396"><ele>909.3</ele></trkpt>
    <trkpt lat="44.408150" lon="5.478163"><ele>910.9</ele></trkpt>
    <trkpt lat="44.408157" lon="5.477874"><ele>912.3</ele></trkpt>
    <trkpt lat="44.408156" lon="5.477693"><ele>913.0</ele></trkpt>
    <trkpt lat="44.408152" lon="5.477640"><ele>913.1</ele></trkpt>
    <trkpt lat="44.408144" lon="5.477552"><ele>913.3</ele></trkpt>
    <trkpt lat="44.408129" lon="5.477452"><ele>913.2</ele></trkpt>
    <trkpt lat="44.408117" lon="5.477383"><ele>913.1</ele></trkpt>
    <trkpt lat="44.408109" lon="5.477289"><ele>913.2</ele></trkpt>
    <trkpt lat="44.408110" lon="5.477232"><ele>913.3</ele></trkpt>
    <trkpt lat="44.408118" lon="5.477164"><ele>914.2</ele></trkpt>
    <trkpt lat="44.408129" lon="5.477103"><ele>915.0</ele></trkpt>
    <trkpt lat="44.408148" lon="5.477030"><ele>916.2</ele></trkpt>
    <trkpt lat="44.408170" lon="5.476993"><ele>917.0</ele></trkpt>
    <trkpt lat="44.408201" lon="5.476958"><ele>918.0</ele></trkpt>
    <trkpt lat="44.408226" lon="5.476931"><ele>918.8</ele></trkpt>
    <trkpt lat="44.408264" lon="5.476912"><ele>919.9</ele></trkpt>
    <trkpt lat="44.408303" lon="5.476898"><ele>920.9</ele></trkpt>
    <trkpt lat="44.408331" lon="5.476899"><ele>921.4</ele></trkpt>
    <trkpt lat="44.408361" lon="5.476918"><ele>922.0</ele></trkpt>
    <trkpt lat="44.408396" lon="5.476955"><ele>922.5</ele></trkpt>
    <trkpt lat="44.408424" lon="5.476999"><ele>922.9</ele></trkpt>
    <trkpt lat="44.408438" lon="5.477051"><ele>922.9</ele></trkpt>
    <trkpt lat="44.408454" lon="5.477126"><ele>922.7</ele></trkpt>
    <trkpt lat="44.408502" lon="5.477378"><ele>923.3</ele></trkpt>
    <trkpt lat="44.408548" lon="5.477651"><ele>924.4</ele></trkpt>
    <trkpt lat="44.408582" lon="5.477934"><ele>925.7</ele></trkpt>
    <trkpt lat="44.408595" lon="5.478052"><ele>926.5</ele></trkpt>
    <trkpt lat="44.408612" lon="5.478146"><ele>926.7</ele></trkpt>
    <trkpt lat="44.408630" lon="5.478200"><ele>926.8</ele></trkpt>
    <trkpt lat="44.408659" lon="5.478249"><ele>927.2</ele></trkpt>
    <trkpt lat="44.408697" lon="5.478289"><ele>927.7</ele></trkpt>
    <trkpt lat="44.408736" lon="5.478321"><ele>928.3</ele></trkpt>
    <trkpt lat="44.408823" lon="5.478360"><ele>929.7</ele></trkpt>
    <trkpt lat="44.408923" lon="5.478395"><ele>931.2</ele></trkpt>
    <trkpt lat="44.408990" lon="5.478430"><ele>931.9</ele></trkpt>
    <trkpt lat="44.409131" lon="5.478514"><ele>932.7</ele></trkpt>
    <trkpt lat="44.409208" lon="5.478579"><ele>933.3</ele></trkpt>
    <trkpt lat="44.409412" lon="5.478777"><ele>935.1</ele></trkpt>
    <trkpt lat="44.409541" lon="5.478909"><ele>937.0</ele></trkpt>
    <trkpt lat="44.409622" lon="5.479006"><ele>938.6</ele></trkpt>
    <trkpt lat="44.409673" lon="5.479079"><ele>939.5</ele></trkpt>
    <trkpt lat="44.409709" lon="5.479150"><ele>939.8</ele></trkpt>
    <trkpt lat="44.409742" lon="5.479237"><ele>940.1</ele></trkpt>
    <trkpt lat="44.409766" lon="5.479311"><ele>940.4</ele></trkpt>
    <trkpt lat="44.409778" lon="5.479395"><ele>940.2</ele></trkpt>
    <trkpt lat="44.409781" lon="5.479463"><ele>939.8</ele></trkpt>
    <trkpt lat="44.409782" lon="5.479550"><ele>939.5</ele></trkpt>
    <trkpt lat="44.409777" lon="5.479614"><ele>939.0</ele></trkpt>
    <trkpt lat="44.409766" lon="5.479698"><ele>938.4</ele></trkpt>
    <trkpt lat="44.409754" lon="5.479766"><ele>937.8</ele></trkpt>
    <trkpt lat="44.409738" lon="5.479938"><ele>936.7</ele></trkpt>
    <trkpt lat="44.409738" lon="5.480015"><ele>936.5</ele></trkpt>
    <trkpt lat="44.409749" lon="5.480121"><ele>936.7</ele></trkpt>
    <trkpt lat="44.409768" lon="5.480198"><ele>937.2</ele></trkpt>
    <trkpt lat="44.409794" lon="5.480287"><ele>937.8</ele></trkpt>
    <trkpt lat="44.409839" lon="5.480374"><ele>938.9</ele></trkpt>
    <trkpt lat="44.409923" lon="5.480485"><ele>941.1</ele></trkpt>
    <trkpt lat="44.409993" lon="5.480593"><ele>942.6</ele></trkpt>
    <trkpt lat="44.410061" lon="5.480744"><ele>942.9</ele></trkpt>
    <trkpt lat="44.410121" lon="5.480913"><ele>943.2</ele></trkpt>
    <trkpt lat="44.410184" lon="5.481051"><ele>943.9</ele></trkpt>
    <trkpt lat="44.410264" lon="5.481198"><ele>944.7</ele></trkpt>
    <trkpt lat="44.410379" lon="5.481387"><ele>946.3</ele></trkpt>
    <trkpt lat="44.410736" lon="5.481941"><ele>949.9</ele></trkpt>
    <trkpt lat="44.410776" lon="5.481972"><ele>950.9</ele></trkpt>
    <trkpt lat="44.410812" lon="5.481971"><ele>952.5</ele></trkpt>
    <trkpt lat="44.410838" lon="5.481945"><ele>954.2</ele></trkpt>
    <trkpt lat="44.410848" lon="5.481897"><ele>955.5</ele></trkpt>
    <trkpt lat="44.410832" lon="5.481839"><ele>955.8</ele></trkpt>
    <trkpt lat="44.410810" lon="5.481785"><ele>956.0</ele></trkpt>
    <trkpt lat="44.410778" lon="5.481732"><ele>955.7</ele></trkpt>
    <trkpt lat="44.410749" lon="5.481691"><ele>955.5</ele></trkpt>
    <trkpt lat="44.410721" lon="5.481639"><ele>955.2</ele></trkpt>
    <trkpt lat="44.410696" lon="5.481579"><ele>954.8</ele></trkpt>
    <trkpt lat="44.410685" lon="5.481518"><ele>955.0</ele></trkpt>
    <trkpt lat="44.410682" lon="5.481445"><ele>955.6</ele></trkpt>
    <trkpt lat="44.410686" lon="5.481381"><ele>956.2</ele></trkpt>
    <trkpt lat="44.410696" lon="5.481281"><ele>956.7</ele></trkpt>
    <trkpt lat="44.410749" lon="5.481051"><ele>958.6</ele></trkpt>
    <trkpt lat="44.410792" lon="5.480885"><ele>959.8</ele></trkpt>
    <trkpt lat="44.410828" lon="5.480694"><ele>961.8</ele></trkpt>
    <trkpt lat="44.410825" lon="5.480613"><ele>962.3</ele></trkpt>
    <trkpt lat="44.410819" lon="5.480543"><ele>962.6</ele></trkpt>
    <trkpt lat="44.410796" lon="5.480342"><ele>963.3</ele></trkpt>
    <trkpt lat="44.410768" lon="5.480098"><ele>964.2</ele></trkpt>
    <trkpt lat="44.410748" lon="5.479883"><ele>965.8</ele></trkpt>
    <trkpt lat="44.410732" lon="5.479667"><ele>967.9</ele></trkpt>
    <trkpt lat="44.410724" lon="5.479541"><ele>969.0</ele></trkpt>
    <trkpt lat="44.410705" lon="5.479441"><ele>969.4</ele></trkpt>
    <trkpt lat="44.410683" lon="5.479352"><ele>969.9</ele></trkpt>
    <trkpt lat="44.410663" lon="5.479297"><ele>970.0</ele></trkpt>
    <trkpt lat="44.410601" lon="5.479188"><ele>969.3</ele></trkpt>
    <trkpt lat="44.410508" lon="5.479050"><ele>967.5</ele></trkpt>
    <trkpt lat="44.410379" lon="5.478874"><ele>964.9</ele></trkpt>
    <trkpt lat="44.410356" lon="5.478802"><ele>965.1</ele></trkpt>
    <trkpt lat="44.410351" lon="5.478747"><ele>965.7</ele></trkpt>
    <trkpt lat="44.410351" lon="5.478684"><ele>966.6</ele></trkpt>
    <trkpt lat="44.410310" lon="5.478131"><ele>973.2</ele></trkpt>
    <trkpt lat="44.410267" lon="5.477658"><ele>980.2</ele></trkpt>
    <trkpt lat="44.410229" lon="5.477474"><ele>982.7</ele></trkpt>
    <trkpt lat="44.410176" lon="5.477327"><ele>984.1</ele></trkpt>
    <trkpt lat="44.410120" lon="5.477141"><ele>985.9</ele></trkpt>
    <trkpt lat="44.410100" lon="5.477023"><ele>987.6</ele></trkpt>
    <trkpt lat="44.410092" lon="5.476928"><ele>989.3</ele></trkpt>
    <trkpt lat="44.410091" lon="5.476856"><ele>990.6</ele></trkpt>
    <trkpt lat="44.410097" lon="5.476790"><ele>992.1</ele></trkpt>
    <trkpt lat="44.410103" lon="5.476751"><ele>993.1</ele></trkpt>
    <trkpt lat="44.410114" lon="5.476719"><ele>994.1</ele></trkpt>
    <trkpt lat="44.410149" lon="5.476672"><ele>996.3</ele></trkpt>
    <trkpt lat="44.410183" lon="5.476698"><ele>997.1</ele></trkpt>
    <trkpt lat="44.410264" lon="5.476768"><ele>999.0</ele></trkpt>
    <trkpt lat="44.410297" lon="5.476818"><ele>999.3</ele></trkpt>
    <trkpt lat="44.410327" lon="5.476920"><ele>998.6</ele></trkpt>
    <trkpt lat="44.410345" lon="5.476985"><ele>997.9</ele></trkpt>
    <trkpt lat="44.410380" lon="5.477078"><ele>997.0</ele></trkpt>
    <trkpt lat="44.410406" lon="5.477122"><ele>997.0</ele></trkpt>
    <trkpt lat="44.410435" lon="5.477150"><ele>997.4</ele></trkpt>
    <trkpt lat="44.410566" lon="5.477262"><ele>999.6</ele></trkpt>
    <trkpt lat="44.410811" lon="5.477491"><ele>1003.4</ele></trkpt>
    <trkpt lat="44.410969" lon="5.477683"><ele>1004.4</ele></trkpt>
    <trkpt lat="44.411119" lon="5.477895"><ele>1005.6</ele></trkpt>
    <trkpt lat="44.411516" lon="5.478573"><ele>1011.5</ele></trkpt>
    <trkpt lat="44.411649" lon="5.478869"><ele>1013.5</ele></trkpt>
    <trkpt lat="44.411516" lon="5.478573"><ele>1011.5</ele></trkpt>
    <trkpt lat="44.411119" lon="5.477895"><ele>1005.6</ele></trkpt>
    <trkpt lat="44.410969" lon="5.477683"><ele>1004.4</ele></trkpt>
    <trkpt lat="44.410811" lon="5.477491"><ele>1003.4</ele></trkpt>
    <trkpt lat="44.410566" lon="5.477262"><ele>999.6</ele></trkpt>
    <trkpt lat="44.410435" lon="5.477150"><ele>997.4</ele></trkpt>
    <trkpt lat="44.410406" lon="5.477122"><ele>997.0</ele></trkpt>
    <trkpt lat="44.410380" lon="5.477078"><ele>997.0</ele></trkpt>
    <trkpt lat="44.410345" lon="5.476985"><ele>997.9</ele></trkpt>
    <trkpt lat="44.410327" lon="5.476920"><ele>998.6</ele></trkpt>
    <trkpt lat="44.410297" lon="5.476818"><ele>999.3</ele></trkpt>
    <trkpt lat="44.410264" lon="5.476768"><ele>999.0</ele></trkpt>
    <trkpt lat="44.410183" lon="5.476698"><ele>997.1</ele></trkpt>
    <trkpt lat="44.410149" lon="5.476672"><ele>996.3</ele></trkpt>
    <trkpt lat="44.410114" lon="5.476719"><ele>994.1</ele></trkpt>
    <trkpt lat="44.410103" lon="5.476751"><ele>993.1</ele></trkpt>
    <trkpt lat="44.410097" lon="5.476790"><ele>992.1</ele></trkpt>
    <trkpt lat="44.410091" lon="5.476856"><ele>990.6</ele></trkpt>
    <trkpt lat="44.410092" lon="5.476928"><ele>989.3</ele></trkpt>
    <trkpt lat="44.410100" lon="5.477023"><ele>987.6</ele></trkpt>
    <trkpt lat="44.410120" lon="5.477141"><ele>985.9</ele></trkpt>
    <trkpt lat="44.410176" lon="5.477327"><ele>984.1</ele></trkpt>
    <trkpt lat="44.410229" lon="5.477474"><ele>982.7</ele></trkpt>
    <trkpt lat="44.410267" lon="5.477658"><ele>980.2</ele></trkpt>
    <trkpt lat="44.410310" lon="5.478131"><ele>973.2</ele></trkpt>
    <trkpt lat="44.410351" lon="5.478684"><ele>966.6</ele></trkpt>
    <trkpt lat="44.410351" lon="5.478747"><ele>965.7</ele></trkpt>
    <trkpt lat="44.410356" lon="5.478802"><ele>965.1</ele></trkpt>
    <trkpt lat="44.410379" lon="5.478874"><ele>964.9</ele></trkpt>
    <trkpt lat="44.410508" lon="5.479050"><ele>967.5</ele></trkpt>
    <trkpt lat="44.410601" lon="5.479188"><ele>969.3</ele></trkpt>
    <trkpt lat="44.410663" lon="5.479297"><ele>970.0</ele></trkpt>
    <trkpt lat="44.410683" lon="5.479352"><ele>969.9</ele></trkpt>
    <trkpt lat="44.410705" lon="5.479441"><ele>969.4</ele></trkpt>
    <trkpt lat="44.410724" lon="5.479541"><ele>969.0</ele></trkpt>
    <trkpt lat="44.410732" lon="5.479667"><ele>967.9</ele></trkpt>
    <trkpt lat="44.410748" lon="5.479883"><ele>965.8</ele></trkpt>
    <trkpt lat="44.410768" lon="5.480098"><ele>964.2</ele></trkpt>
    <trkpt lat="44.410796" lon="5.480342"><ele>963.3</ele></trkpt>
    <trkpt lat="44.410819" lon="5.480543"><ele>962.6</ele></trkpt>
    <trkpt lat="44.410825" lon="5.480613"><ele>962.3</ele></trkpt>
    <trkpt lat="44.410828" lon="5.480694"><ele>961.8</ele></trkpt>
    <trkpt lat="44.410792" lon="5.480885"><ele>959.8</ele></trkpt>
    <trkpt lat="44.410749" lon="5.481051"><ele>958.6</ele></trkpt>
    <trkpt lat="44.410696" lon="5.481281"><ele>956.7</ele></trkpt>
    <trkpt lat="44.410686" lon="5.481381"><ele>956.2</ele></trkpt>
    <trkpt lat="44.410682" lon="5.481445"><ele>955.6</ele></trkpt>
    <trkpt lat="44.410685" lon="5.481518"><ele>955.0</ele></trkpt>
    <trkpt lat="44.410696" lon="5.481579"><ele>954.8</ele></trkpt>
    <trkpt lat="44.410721" lon="5.481639"><ele>955.2</ele></trkpt>
    <trkpt lat="44.410749" lon="5.481691"><ele>955.5</ele></trkpt>
    <trkpt lat="44.410778" lon="5.481732"><ele>955.7</ele></trkpt>
    <trkpt lat="44.410810" lon="5.481785"><ele>956.0</ele></trkpt>
    <trkpt lat="44.410832" lon="5.481839"><ele>955.8</ele></trkpt>
    <trkpt lat="44.410848" lon="5.481897"><ele>955.5</ele></trkpt>
    <trkpt lat="44.410838" lon="5.481945"><ele>954.2</ele></trkpt>
    <trkpt lat="44.410812" lon="5.481971"><ele>952.5</ele></trkpt>
    <trkpt lat="44.410776" lon="5.481972"><ele>950.9</ele></trkpt>
    <trkpt lat="44.410736" lon="5.481941"><ele>949.9</ele></trkpt>
    <trkpt lat="44.410379" lon="5.481387"><ele>946.3</ele></trkpt>
    <trkpt lat="44.410264" lon="5.481198"><ele>944.7</ele></trkpt>
    <trkpt lat="44.410184" lon="5.481051"><ele>943.9</ele></trkpt>
    <trkpt lat="44.410121" lon="5.480913"><ele>943.2</ele></trkpt>
    <trkpt lat="44.410061" lon="5.480744"><ele>942.9</ele></trkpt>
    <trkpt lat="44.409993" lon="5.480593"><ele>942.6</ele></trkpt>
    <trkpt lat="44.409923" lon="5.480485"><ele>941.1</ele></trkpt>
    <trkpt lat="44.409839" lon="5.480374"><ele>938.9</ele></trkpt>
    <trkpt lat="44.409794" lon="5.480287"><ele>937.8</ele></trkpt>
    <trkpt lat="44.409768" lon="5.480198"><ele>937.2</ele></trkpt>
    <trkpt lat="44.409749" lon="5.480121"><ele>936.7</ele></trkpt>
    <trkpt lat="44.409738" lon="5.480015"><ele>936.5</ele></trkpt>
    <trkpt lat="44.409738" lon="5.479938"><ele>936.7</ele></trkpt>
    <trkpt lat="44.409754" lon="5.479766"><ele>937.8</ele></trkpt>
    <trkpt lat="44.409766" lon="5.479698"><ele>938.4</ele></trkpt>
    <trkpt lat="44.409777" lon="5.479614"><ele>939.0</ele></trkpt>
    <trkpt lat="44.409782" lon="5.479550"><ele>939.5</ele></trkpt>
    <trkpt lat="44.409781" lon="5.479463"><ele>939.8</ele></trkpt>
    <trkpt lat="44.409778" lon="5.479395"><ele>940.2</ele></trkpt>
    <trkpt lat="44.409766" lon="5.479311"><ele>940.4</ele></trkpt>
    <trkpt lat="44.409742" lon="5.479237"><ele>940.1</ele></trkpt>
    <trkpt lat="44.409709" lon="5.479150"><ele>939.8</ele></trkpt>
    <trkpt lat="44.409673" lon="5.479079"><ele>939.5</ele></trkpt>
    <trkpt lat="44.409622" lon="5.479006"><ele>938.6</ele></trkpt>
    <trkpt lat="44.409541" lon="5.478909"><ele>937.0</ele></trkpt>
    <trkpt lat="44.409412" lon="5.478777"><ele>935.1</ele></trkpt>
    <trkpt lat="44.409208" lon="5.478579"><ele>933.3</ele></trkpt>
    <trkpt lat="44.409131" lon="5.478514"><ele>932.7</ele></trkpt>
    <trkpt lat="44.408990" lon="5.478430"><ele>931.9</ele></trkpt>
    <trkpt lat="44.408923" lon="5.478395"><ele>931.2</ele></trkpt>
    <trkpt lat="44.408823" lon="5.478360"><ele>929.7</ele></trkpt>
    <trkpt lat="44.408736" lon="5.478321"><ele>928.3</ele></trkpt>
    <trkpt lat="44.408697" lon="5.478289"><ele>927.7</ele></trkpt>
    <trkpt lat="44.408659" lon="5.478249"><ele>927.2</ele></trkpt>
    <trkpt lat="44.408630" lon="5.478200"><ele>926.8</ele></trkpt>
    <trkpt lat="44.408612" lon="5.478146"><ele>926.7</ele></trkpt>
    <trkpt lat="44.408595" lon="5.478052"><ele>926.5</ele></trkpt>
    <trkpt lat="44.408582" lon="5.477934"><ele>925.7</ele></trkpt>
    <trkpt lat="44.408548" lon="5.477651"><ele>924.4</ele></trkpt>
    <trkpt lat="44.408502" lon="5.477378"><ele>923.3</ele></trkpt>
    <trkpt lat="44.408454" lon="5.477126"><ele>922.7</ele></trkpt>
    <trkpt lat="44.408438" lon="5.477051"><ele>922.9</ele></trkpt>
    <trkpt lat="44.408424" lon="5.476999"><ele>922.9</ele></trkpt>
    <trkpt lat="44.408396" lon="5.476955"><ele>922.5</ele></trkpt>
    <trkpt lat="44.408361" lon="5.476918"><ele>922.0</ele></trkpt>
    <trkpt lat="44.408331" lon="5.476899"><ele>921.4</ele></trkpt>
    <trkpt lat="44.408303" lon="5.476898"><ele>920.9</ele></trkpt>
    <trkpt lat="44.408264" lon="5.476912"><ele>919.9</ele></trkpt>
    <trkpt lat="44.408226" lon="5.476931"><ele>918.8</ele></trkpt>
    <trkpt lat="44.408201" lon="5.476958"><ele>918.0</ele></trkpt>
    <trkpt lat="44.408170" lon="5.476993"><ele>917.0</ele></trkpt>
    <trkpt lat="44.408148" lon="5.477030"><ele>916.2</ele></trkpt>
    <trkpt lat="44.408129" lon="5.477103"><ele>915.0</ele></trkpt>
    <trkpt lat="44.408118" lon="5.477164"><ele>914.2</ele></trkpt>
    <trkpt lat="44.408110" lon="5.477232"><ele>913.3</ele></trkpt>
    <trkpt lat="44.408109" lon="5.477289"><ele>913.2</ele></trkpt>
    <trkpt lat="44.408117" lon="5.477383"><ele>913.1</ele></trkpt>
    <trkpt lat="44.408129" lon="5.477452"><ele>913.2</ele></trkpt>
    <trkpt lat="44.408144" lon="5.477552"><ele>913.3</ele></trkpt>
    <trkpt lat="44.408152" lon="5.477640"><ele>913.1</ele></trkpt>
    <trkpt lat="44.408156" lon="5.477693"><ele>913.0</ele></trkpt>
    <trkpt lat="44.408157" lon="5.477874"><ele>912.3</ele></trkpt>
    <trkpt lat="44.408150" lon="5.478163"><ele>910.9</ele></trkpt>
    <trkpt lat="44.408143" lon="5.478396"><ele>909.3</ele></trkpt>
    <trkpt lat="44.408148" lon="5.478638"><ele>907.6</ele></trkpt>
    <trkpt lat="44.408164" lon="5.478803"><ele>906.2</ele></trkpt>
    <trkpt lat="44.408171" lon="5.478851"><ele>905.9</ele></trkpt>
    <trkpt lat="44.408190" lon="5.478929"><ele>905.5</ele></trkpt>
    <trkpt lat="44.408202" lon="5.478974"><ele>905.2</ele></trkpt>
    <trkpt lat="44.408227" lon="5.479031"><ele>905.3</ele></trkpt>
    <trkpt lat="44.408256" lon="5.479077"><ele>905.8</ele></trkpt>
    <trkpt lat="44.408284" lon="5.479124"><ele>906.3</ele></trkpt>
    <trkpt lat="44.408306" lon="5.479177"><ele>906.5</ele></trkpt>
    <trkpt lat="44.408321" lon="5.479225"><ele>906.7</ele></trkpt>
    <trkpt lat="44.408323" lon="5.479281"><ele>906.2</ele></trkpt>
    <trkpt lat="44.408312" lon="5.479330"><ele>905.1</ele></trkpt>
    <trkpt lat="44.408287" lon="5.479360"><ele>903.5</ele></trkpt>
    <trkpt lat="44.408254" lon="5.479380"><ele>901.5</ele></trkpt>
    <trkpt lat="44.408220" lon="5.479373"><ele>899.8</ele></trkpt>
    <trkpt lat="44.408201" lon="5.479355"><ele>899.0</ele></trkpt>
    <trkpt lat="44.408166" lon="5.479315"><ele>897.6</ele></trkpt>
    <trkpt lat="44.408137" lon="5.479262"><ele>896.8</ele></trkpt>
    <trkpt lat="44.407914" lon="5.478785"><ele>895.4</ele></trkpt>
    <trkpt lat="44.407761" lon="5.478414"><ele>893.6</ele></trkpt>
    <trkpt lat="44.407649" lon="5.478167"><ele>892.3</ele></trkpt>
    <trkpt lat="44.407594" lon="5.478075"><ele>891.5</ele></trkpt>
    <trkpt lat="44.407483" lon="5.477924"><ele>889.5</ele></trkpt>
    <trkpt lat="44.407344" lon="5.477767"><ele>887.2</ele></trkpt>
    <trkpt lat="44.407293" lon="5.477695"><ele>886.5</ele></trkpt>
    <trkpt lat="44.407254" lon="5.477630"><ele>885.9</ele></trkpt>
    <trkpt lat="44.407232" lon="5.477578"><ele>885.7</ele></trkpt>
    <trkpt lat="44.407222" lon="5.477531"><ele>885.8</ele></trkpt>
    <trkpt lat="44.407212" lon="5.477476"><ele>886.0</ele></trkpt>
    <trkpt lat="44.407201" lon="5.477402"><ele>886.5</ele></trkpt>
    <trkpt lat="44.407182" lon="5.477354"><ele>886.5</ele></trkpt>
    <trkpt lat="44.407176" lon="5.477345"><ele>886.4</ele></trkpt>
    <trkpt lat="44.407156" lon="5.477317"><ele>886.2</ele></trkpt>
    <trkpt lat="44.407125" lon="5.477290"><ele>885.6</ele></trkpt>
    <trkpt lat="44.407092" lon="5.477275"><ele>884.8</ele></trkpt>
    <trkpt lat="44.407001" lon="5.477236"><ele>882.5</ele></trkpt>
    <trkpt lat="44.406690" lon="5.477108"><ele>877.7</ele></trkpt>
    <trkpt lat="44.406538" lon="5.477058"><ele>875.9</ele></trkpt>
    <trkpt lat="44.406393" lon="5.477018"><ele>874.3</ele></trkpt>
    <trkpt lat="44.406345" lon="5.477005"><ele>873.8</ele></trkpt>
    <trkpt lat="44.406305" lon="5.476987"><ele>873.6</ele></trkpt>
    <trkpt lat="44.406223" lon="5.476916"><ele>873.6</ele></trkpt>
    <trkpt lat="44.406158" lon="5.476856"><ele>873.5</ele></trkpt>
    <trkpt lat="44.406122" lon="5.476829"><ele>873.4</ele></trkpt>
    <trkpt lat="44.406084" lon="5.476810"><ele>873.2</ele></trkpt>
    <trkpt lat="44.406005" lon="5.476788"><ele>872.6</ele></trkpt>
    <trkpt lat="44.405961" lon="5.476788"><ele>872.1</ele></trkpt>
    <trkpt lat="44.405922" lon="5.476789"><ele>871.7</ele></trkpt>
    <trkpt lat="44.405869" lon="5.476792"><ele>871.1</ele></trkpt>
    <trkpt lat="44.405824" lon="5.476799"><ele>870.6</ele></trkpt>
    <trkpt lat="44.405732" lon="5.476815"><ele>869.6</ele></trkpt>
    <trkpt lat="44.405477" lon="5.476864"><ele>867.1</ele></trkpt>
    <trkpt lat="44.405430" lon="5.476884"><ele>866.6</ele></trkpt>
    <trkpt lat="44.405392" lon="5.476917"><ele>865.7</ele></trkpt>
    <trkpt lat="44.405354" lon="5.476951"><ele>864.8</ele></trkpt>
    <trkpt lat="44.405316" lon="5.476966"><ele>864.3</ele></trkpt>
    <trkpt lat="44.405213" lon="5.476977"><ele>863.7</ele></trkpt>
    <trkpt lat="44.404758" lon="5.476978"><ele>861.1</ele></trkpt>
    <trkpt lat="44.404463" lon="5.476915"><ele>857.4</ele></trkpt>
    <trkpt lat="44.404237" lon="5.476661"><ele>857.8</ele></trkpt>
    <trkpt lat="44.403872" lon="5.476502"><ele>854.1</ele></trkpt>
    <trkpt lat="44.403734" lon="5.476439"><ele>852.5</ele></trkpt>
    <trkpt lat="44.403499" lon="5.476305"><ele>851.5</ele></trkpt>
    <trkpt lat="44.403251" lon="5.476202"><ele>848.5</ele></trkpt>
    <trkpt lat="44.403145" lon="5.476181"><ele>847.0</ele></trkpt>
    <trkpt lat="44.402914" lon="5.476105"><ele>845.2</ele></trkpt>
    <trkpt lat="44.402617" lon="5.475989"><ele>842.8</ele></trkpt>
    <trkpt lat="44.402356" lon="5.475883"><ele>840.5</ele></trkpt>
    <trkpt lat="44.402206" lon="5.475821"><ele>839.0</ele></trkpt>
    <trkpt lat="44.402006" lon="5.475714"><ele>837.2</ele></trkpt>
    <trkpt lat="44.401799" lon="5.475604"><ele>834.5</ele></trkpt>
    <trkpt lat="44.401596" lon="5.475450"><ele>832.5</ele></trkpt>
    <trkpt lat="44.401397" lon="5.475298"><ele>829.7</ele></trkpt>
    <trkpt lat="44.401256" lon="5.475172"><ele>827.2</ele></trkpt>
    <trkpt lat="44.401218" lon="5.475118"><ele>826.8</ele></trkpt>
    <trkpt lat="44.401198" lon="5.475057"><ele>827.0</ele></trkpt>
    <trkpt lat="44.401188" lon="5.475005"><ele>827.4</ele></trkpt>
    <trkpt lat="44.401185" lon="5.474945"><ele>827.2</ele></trkpt>
    <trkpt lat="44.401192" lon="5.474850"><ele>827.2</ele></trkpt>
    <trkpt lat="44.401232" lon="5.474697"><ele>828.3</ele></trkpt>
    <trkpt lat="44.401245" lon="5.474617"><ele>828.5</ele></trkpt>
    <trkpt lat="44.401247" lon="5.474556"><ele>828.3</ele></trkpt>
    <trkpt lat="44.401245" lon="5.474511"><ele>828.1</ele></trkpt>
    <trkpt lat="44.401239" lon="5.474448"><ele>827.7</ele></trkpt>
    <trkpt lat="44.401228" lon="5.474408"><ele>827.6</ele></trkpt>
    <trkpt lat="44.401213" lon="5.474369"><ele>827.5</ele></trkpt>
    <trkpt lat="44.401192" lon="5.474316"><ele>827.4</ele></trkpt>
    <trkpt lat="44.401164" lon="5.474277"><ele>827.1</ele></trkpt>
    <trkpt lat="44.401129" lon="5.474245"><ele>826.6</ele></trkpt>
    <trkpt lat="44.401093" lon="5.474221"><ele>826.1</ele></trkpt>
    <trkpt lat="44.401061" lon="5.474201"><ele>825.7</ele></trkpt>
    <trkpt lat="44.400971" lon="5.474165"><ele>824.5</ele></trkpt>
    <trkpt lat="44.400842" lon="5.474118"><ele>822.9</ele></trkpt>
    <trkpt lat="44.400782" lon="5.474099"><ele>822.2</ele></trkpt>
    <trkpt lat="44.400719" lon="5.474088"><ele>821.5</ele></trkpt>
    <trkpt lat="44.400674" lon="5.474081"><ele>820.9</ele></trkpt>
    <trkpt lat="44.400615" lon="5.474077"><ele>820.1</ele></trkpt>
    <trkpt lat="44.400248" lon="5.474026"><ele>815.5</ele></trkpt>
    <trkpt lat="44.400193" lon="5.474017"><ele>814.7</ele></trkpt>
    <trkpt lat="44.400128" lon="5.474019"><ele>813.6</ele></trkpt>
    <trkpt lat="44.400079" lon="5.474026"><ele>812.8</ele></trkpt>
    <trkpt lat="44.400017" lon="5.474036"><ele>811.7</ele></trkpt>
    <trkpt lat="44.399909" lon="5.474071"><ele>810.2</ele></trkpt>
    <trkpt lat="44.399804" lon="5.474112"><ele>808.9</ele></trkpt>
    <trkpt lat="44.399735" lon="5.474126"><ele>808.1</ele></trkpt>
    <trkpt lat="44.399690" lon="5.474126"><ele>807.5</ele></trkpt>
    <trkpt lat="44.399643" lon="5.474117"><ele>806.8</ele></trkpt>
    <trkpt lat="44.399610" lon="5.474105"><ele>806.2</ele></trkpt>
    <trkpt lat="44.399583" lon="5.474071"><ele>805.6</ele></trkpt>
    <trkpt lat="44.399567" lon="5.474024"><ele>805.2</ele></trkpt>
    <trkpt lat="44.399559" lon="5.473967"><ele>804.8</ele></trkpt>
    <trkpt lat="44.399563" lon="5.473920"><ele>804.7</ele></trkpt>
    <trkpt lat="44.399577" lon="5.473864"><ele>804.7</ele></trkpt>
    <trkpt lat="44.399597" lon="5.473833"><ele>804.9</ele></trkpt>
    <trkpt lat="44.399632" lon="5.473805"><ele>805.4</ele></trkpt>
    <trkpt lat="44.399684" lon="5.473771"><ele>806.3</ele></trkpt>
    <trkpt lat="44.399726" lon="5.473747"><ele>807.0</ele></trkpt>
    <trkpt lat="44.399782" lon="5.473720"><ele>807.8</ele></trkpt>
    <trkpt lat="44.399807" lon="5.473685"><ele>808.0</ele></trkpt>
    <trkpt lat="44.399815" lon="5.473620"><ele>807.7</ele></trkpt>
    <trkpt lat="44.399810" lon="5.473562"><ele>807.4</ele></trkpt>
    <trkpt lat="44.399795" lon="5.473511"><ele>806.9</ele></trkpt>
    <trkpt lat="44.399776" lon="5.473486"><ele>806.5</ele></trkpt>
    <trkpt lat="44.399745" lon="5.473479"><ele>805.9</ele></trkpt>
    <trkpt lat="44.399706" lon="5.473479"><ele>805.2</ele></trkpt>
    <trkpt lat="44.399668" lon="5.473497"><ele>804.6</ele></trkpt>
    <trkpt lat="44.399629" lon="5.473525"><ele>803.9</ele></trkpt>
    <trkpt lat="44.399559" lon="5.473605"><ele>802.5</ele></trkpt>
    <trkpt lat="44.399423" lon="5.473775"><ele>800.6</ele></trkpt>
    <trkpt lat="44.399354" lon="5.473866"><ele>799.3</ele></trkpt>
    <trkpt lat="44.399245" lon="5.474096"><ele>797.7</ele></trkpt>
    <trkpt lat="44.399145" lon="5.474334"><ele>795.3</ele></trkpt>
    <trkpt lat="44.399111" lon="5.474437"><ele>794.4</ele></trkpt>
    <trkpt lat="44.399095" lon="5.474510"><ele>793.3</ele></trkpt>
    <trkpt lat="44.399093" lon="5.474566"><ele>792.8</ele></trkpt>
    <trkpt lat="44.399099" lon="5.474602"><ele>792.6</ele></trkpt>
    <trkpt lat="44.399108" lon="5.474637"><ele>792.5</ele></trkpt>
    <trkpt lat="44.399117" lon="5.474660"><ele>792.5</ele></trkpt>
    <trkpt lat="44.399168" lon="5.474721"><ele>793.0</ele></trkpt>
    <trkpt lat="44.399219" lon="5.474762"><ele>793.2</ele></trkpt>
    <trkpt lat="44.399352" lon="5.474870"><ele>793.2</ele></trkpt>
    <trkpt lat="44.399463" lon="5.474962"><ele>792.9</ele></trkpt>
    <trkpt lat="44.399495" lon="5.475014"><ele>792.3</ele></trkpt>
    <trkpt lat="44.399502" lon="5.475057"><ele>791.7</ele></trkpt>
    <trkpt lat="44.399505" lon="5.475111"><ele>790.9</ele></trkpt>
    <trkpt lat="44.399501" lon="5.475151"><ele>790.2</ele></trkpt>
    <trkpt lat="44.399491" lon="5.475182"><ele>789.7</ele></trkpt>
    <trkpt lat="44.399470" lon="5.475204"><ele>789.2</ele></trkpt>
    <trkpt lat="44.399445" lon="5.475217"><ele>788.9</ele></trkpt>
    <trkpt lat="44.399413" lon="5.475224"><ele>788.4</ele></trkpt>
    <trkpt lat="44.399378" lon="5.475228"><ele>788.0</ele></trkpt>
    <trkpt lat="44.399319" lon="5.475215"><ele>787.5</ele></trkpt>
    <trkpt lat="44.399286" lon="5.475202"><ele>787.4</ele></trkpt>
    <trkpt lat="44.399256" lon="5.475185"><ele>787.3</ele></trkpt>
    <trkpt lat="44.399161" lon="5.475125"><ele>787.1</ele></trkpt>
    <trkpt lat="44.399076" lon="5.475052"><ele>786.3</ele></trkpt>
    <trkpt lat="44.398803" lon="5.474864"><ele>782.6</ele></trkpt>
    <trkpt lat="44.398747" lon="5.474844"><ele>781.4</ele></trkpt>
    <trkpt lat="44.398692" lon="5.474814"><ele>780.2</ele></trkpt>
    <trkpt lat="44.398649" lon="5.474784"><ele>779.4</ele></trkpt>
    <trkpt lat="44.398614" lon="5.474748"><ele>778.8</ele></trkpt>
    <trkpt lat="44.398589" lon="5.474711"><ele>778.4</ele></trkpt>
    <trkpt lat="44.398577" lon="5.474632"><ele>778.2</ele></trkpt>
    <trkpt lat="44.398570" lon="5.474505"><ele>778.1</ele></trkpt>
    <trkpt lat="44.398570" lon="5.474340"><ele>777.8</ele></trkpt>
    <trkpt lat="44.398564" lon="5.474250"><ele>777.4</ele></trkpt>
    <trkpt lat="44.398548" lon="5.474167"><ele>776.9</ele></trkpt>
    <trkpt lat="44.398502" lon="5.474027"><ele>776.0</ele></trkpt>
    <trkpt lat="44.398432" lon="5.473886"><ele>774.8</ele></trkpt>
    <trkpt lat="44.398391" lon="5.473818"><ele>774.6</ele></trkpt>
    <trkpt lat="44.398362" lon="5.473781"><ele>774.3</ele></trkpt>
    <trkpt lat="44.398337" lon="5.473756"><ele>774.0</ele></trkpt>
    <trkpt lat="44.398308" lon="5.473737"><ele>773.8</ele></trkpt>
    <trkpt lat="44.398247" lon="5.473728"><ele>773.2</ele></trkpt>
    <trkpt lat="44.398215" lon="5.473728"><ele>772.8</ele></trkpt>
    <trkpt lat="44.398186" lon="5.473728"><ele>772.5</ele></trkpt>
    <trkpt lat="44.398157" lon="5.473733"><ele>772.1</ele></trkpt>
    <trkpt lat="44.398120" lon="5.473744"><ele>771.7</ele></trkpt>
    <trkpt lat="44.397779" lon="5.473814"><ele>767.5</ele></trkpt>
    <trkpt lat="44.397675" lon="5.473828"><ele>765.7</ele></trkpt>
    <trkpt lat="44.397598" lon="5.473846"><ele>764.5</ele></trkpt>
    <trkpt lat="44.397533" lon="5.473883"><ele>763.6</ele></trkpt>
    <trkpt lat="44.397503" lon="5.473903"><ele>763.1</ele></trkpt>
    <trkpt lat="44.397467" lon="5.473932"><ele>762.6</ele></trkpt>
    <trkpt lat="44.397445" lon="5.473960"><ele>762.3</ele></trkpt>
    <trkpt lat="44.397419" lon="5.474018"><ele>762.0</ele></trkpt>
    <trkpt lat="44.397402" lon="5.474057"><ele>761.8</ele></trkpt>
    <trkpt lat="44.397394" lon="5.474112"><ele>761.9</ele></trkpt>
    <trkpt lat="44.397396" lon="5.474175"><ele>762.1</ele></trkpt>
    <trkpt lat="44.397419" lon="5.474310"><ele>761.4</ele></trkpt>
    <trkpt lat="44.397433" lon="5.474354"><ele>761.3</ele></trkpt>
    <trkpt lat="44.397452" lon="5.474392"><ele>761.4</ele></trkpt>
    <trkpt lat="44.397482" lon="5.474429"><ele>761.7</ele></trkpt>
    <trkpt lat="44.397529" lon="5.474481"><ele>761.9</ele></trkpt>
    <trkpt lat="44.397543" lon="5.474497"><ele>761.9</ele></trkpt>
    <trkpt lat="44.397571" lon="5.474533"><ele>761.8</ele></trkpt>
    <trkpt lat="44.397584" lon="5.474566"><ele>761.6</ele></trkpt>
    <trkpt lat="44.397591" lon="5.474605"><ele>761.2</ele></trkpt>
    <trkpt lat="44.397593" lon="5.474637"><ele>760.8</ele></trkpt>
    <trkpt lat="44.397593" lon="5.474670"><ele>760.4</ele></trkpt>
    <trkpt lat="44.397588" lon="5.474713"><ele>759.7</ele></trkpt>
    <trkpt lat="44.397545" lon="5.474739"><ele>758.5</ele></trkpt>
    <trkpt lat="44.397505" lon="5.474754"><ele>757.5</ele></trkpt>
    <trkpt lat="44.397473" lon="5.474755"><ele>756.8</ele></trkpt>
    <trkpt lat="44.397440" lon="5.474742"><ele>756.4</ele></trkpt>
    <trkpt lat="44.397415" lon="5.474722"><ele>756.2</ele></trkpt>
    <trkpt lat="44.397339" lon="5.474623"><ele>756.0</ele></trkpt>
    <trkpt lat="44.397211" lon="5.474462"><ele>755.5</ele></trkpt>
    <trkpt lat="44.397121" lon="5.474376"><ele>754.6</ele></trkpt>
    <trkpt lat="44.397016" lon="5.474306"><ele>753.4</ele></trkpt>
    <trkpt lat="44.396921" lon="5.474258"><ele>752.1</ele></trkpt>
    <trkpt lat="44.396858" lon="5.474222"><ele>751.0</ele></trkpt>
    <trkpt lat="44.396820" lon="5.474186"><ele>750.6</ele></trkpt>
    <trkpt lat="44.396792" lon="5.474133"><ele>750.2</ele></trkpt>
    <trkpt lat="44.396772" lon="5.474081"><ele>749.7</ele></trkpt>
    <trkpt lat="44.396758" lon="5.474011"><ele>749.3</ele></trkpt>
    <trkpt lat="44.396752" lon="5.473947"><ele>749.2</ele></trkpt>
    <trkpt lat="44.396753" lon="5.473839"><ele>748.6</ele></trkpt>
    <trkpt lat="44.396756" lon="5.473780"><ele>748.1</ele></trkpt>
    <trkpt lat="44.396765" lon="5.473684"><ele>747.3</ele></trkpt>
    <trkpt lat="44.396789" lon="5.473565"><ele>746.6</ele></trkpt>
    <trkpt lat="44.396818" lon="5.473436"><ele>745.9</ele></trkpt>
    <trkpt lat="44.396820" lon="5.473385"><ele>745.3</ele></trkpt>
    <trkpt lat="44.396820" lon="5.473333"><ele>744.8</ele></trkpt>
    <trkpt lat="44.396803" lon="5.473280"><ele>744.5</ele></trkpt>
    <trkpt lat="44.396777" lon="5.473230"><ele>744.1</ele></trkpt>
    <trkpt lat="44.396756" lon="5.473191"><ele>743.8</ele></trkpt>
    <trkpt lat="44.396641" lon="5.473145"><ele>741.6</ele></trkpt>
    <trkpt lat="44.396542" lon="5.473114"><ele>740.1</ele></trkpt>
    <trkpt lat="44.396458" lon="5.473105"><ele>738.9</ele></trkpt>
    <trkpt lat="44.396398" lon="5.473107"><ele>738.0</ele></trkpt>
    <trkpt lat="44.396344" lon="5.473123"><ele>736.9</ele></trkpt>
    <trkpt lat="44.396206" lon="5.473161"><ele>734.3</ele></trkpt>
    <trkpt lat="44.396012" lon="5.473175"><ele>731.3</ele></trkpt>
    <trkpt lat="44.395880" lon="5.473178"><ele>729.7</ele></trkpt>
    <trkpt lat="44.395518" lon="5.473187"><ele>725.2</ele></trkpt>
    <trkpt lat="44.395407" lon="5.473201"><ele>723.8</ele></trkpt>
    <trkpt lat="44.395351" lon="5.473207"><ele>723.1</ele></trkpt>
    <trkpt lat="44.395214" lon="5.473194"><ele>721.9</ele></trkpt>
    <trkpt lat="44.395144" lon="5.473178"><ele>721.6</ele></trkpt>
    <trkpt lat="44.395075" lon="5.473163"><ele>721.2</ele></trkpt>
    <trkpt lat="44.394998" lon="5.473144"><ele>720.7</ele></trkpt>
    <trkpt lat="44.394955" lon="5.473124"><ele>720.5</ele></trkpt>
    <trkpt lat="44.394789" lon="5.473064"><ele>719.6</ele></trkpt>
    <trkpt lat="44.394436" lon="5.472946"><ele>718.3</ele></trkpt>
    <trkpt lat="44.394162" lon="5.472860"><ele>716.5</ele></trkpt>
    <trkpt lat="44.394096" lon="5.472843"><ele>715.9</ele></trkpt>
    <trkpt lat="44.394029" lon="5.472826"><ele>715.2</ele></trkpt>
    <trkpt lat="44.393985" lon="5.472805"><ele>715.0</ele></trkpt>
    <trkpt lat="44.393941" lon="5.472784"><ele>714.7</ele></trkpt>
    <trkpt lat="44.393883" lon="5.472751"><ele>714.4</ele></trkpt>
    <trkpt lat="44.393849" lon="5.472718"><ele>714.4</ele></trkpt>
    <trkpt lat="44.393816" lon="5.472684"><ele>714.4</ele></trkpt>
    <trkpt lat="44.393783" lon="5.472630"><ele>714.5</ele></trkpt>
    <trkpt lat="44.393754" lon="5.472545"><ele>715.0</ele></trkpt>
    <trkpt lat="44.393729" lon="5.472468"><ele>715.3</ele></trkpt>
    <trkpt lat="44.393703" lon="5.472392"><ele>715.5</ele></trkpt>
    <trkpt lat="44.393678" lon="5.472315"><ele>715.7</ele></trkpt>
    <trkpt lat="44.393653" lon="5.472239"><ele>715.9</ele></trkpt>
    <trkpt lat="44.393575" lon="5.472067"><ele>715.6</ele></trkpt>
    <trkpt lat="44.393543" lon="5.472000"><ele>715.4</ele></trkpt>
    <trkpt lat="44.393511" lon="5.471933"><ele>715.3</ele></trkpt>
    <trkpt lat="44.393269" lon="5.471590"><ele>713.2</ele></trkpt>
    <trkpt lat="44.393041" lon="5.471299"><ele>711.0</ele></trkpt>
    <trkpt lat="44.392979" lon="5.471197"><ele>710.2</ele></trkpt>
    <trkpt lat="44.392937" lon="5.471146"><ele>709.7</ele></trkpt>
    <trkpt lat="44.392905" lon="5.471117"><ele>709.3</ele></trkpt>
    <trkpt lat="44.392873" lon="5.471107"><ele>708.7</ele></trkpt>
    <trkpt lat="44.392845" lon="5.471102"><ele>708.2</ele></trkpt>
    <trkpt lat="44.392665" lon="5.471128"><ele>705.6</ele></trkpt>
    <trkpt lat="44.392615" lon="5.471145"><ele>704.9</ele></trkpt>
    <trkpt lat="44.392542" lon="5.471064"><ele>704.6</ele></trkpt>
    <trkpt lat="44.392532" lon="5.471051"><ele>704.6</ele></trkpt>
    <trkpt lat="44.392528" lon="5.471047"><ele>704.5</ele></trkpt>
    <trkpt lat="44.392526" lon="5.471041"><ele>704.5</ele></trkpt>
    <trkpt lat="44.392519" lon="5.471025"><ele>704.5</ele></trkpt>
    <trkpt lat="44.392519" lon="5.470986"><ele>704.7</ele></trkpt>
    <trkpt lat="44.392537" lon="5.470885"><ele>705.2</ele></trkpt>
    <trkpt lat="44.392579" lon="5.470821"><ele>705.8</ele></trkpt>
    <trkpt lat="44.392707" lon="5.470723"><ele>706.9</ele></trkpt>
    <trkpt lat="44.392771" lon="5.470674"><ele>707.4</ele></trkpt>
    <trkpt lat="44.392819" lon="5.470638"><ele>707.8</ele></trkpt>
    <trkpt lat="44.392835" lon="5.470625"><ele>707.9</ele></trkpt>
    <trkpt lat="44.392863" lon="5.470590"><ele>708.1</ele></trkpt>
    <trkpt lat="44.392947" lon="5.470486"><ele>708.4</ele></trkpt>
    <trkpt lat="44.393355" lon="5.470335"><ele>711.9</ele></trkpt>
    <trkpt lat="44.393493" lon="5.470185"><ele>711.7</ele></trkpt>
    <trkpt lat="44.393582" lon="5.470045"><ele>711.2</ele></trkpt>
    <trkpt lat="44.393671" lon="5.469904"><ele>710.7</ele></trkpt>
    <trkpt lat="44.393787" lon="5.469690"><ele>710.2</ele></trkpt>
    <trkpt lat="44.393902" lon="5.469475"><ele>710.2</ele></trkpt>
    <trkpt lat="44.394042" lon="5.468970"><ele>712.5</ele></trkpt>
    <trkpt lat="44.394112" lon="5.468717"><ele>713.4</ele></trkpt>
    <trkpt lat="44.394153" lon="5.468514"><ele>713.9</ele></trkpt>
    <trkpt lat="44.394193" lon="5.468312"><ele>713.9</ele></trkpt>
    <trkpt lat="44.394304" lon="5.468147"><ele>712.5</ele></trkpt>
    <trkpt lat="44.394587" lon="5.468046"><ele>712.4</ele></trkpt>
    <trkpt lat="44.394729" lon="5.467996"><ele>712.2</ele></trkpt>
    <trkpt lat="44.394849" lon="5.467832"><ele>710.6</ele></trkpt>
    <trkpt lat="44.394970" lon="5.467667"><ele>709.9</ele></trkpt>
    <trkpt lat="44.395206" lon="5.467438"><ele>709.7</ele></trkpt>
    <trkpt lat="44.395322" lon="5.467374"><ele>710.1</ele></trkpt>
    <trkpt lat="44.395427" lon="5.467139"><ele>708.6</ele></trkpt>
    <trkpt lat="44.395533" lon="5.466904"><ele>707.6</ele></trkpt>
    <trkpt lat="44.395550" lon="5.466766"><ele>707.9</ele></trkpt>
    <trkpt lat="44.395499" lon="5.466509"><ele>706.5</ele></trkpt>
    <trkpt lat="44.395447" lon="5.466253"><ele>704.9</ele></trkpt>
    <trkpt lat="44.395423" lon="5.466042"><ele>703.6</ele></trkpt>
    <trkpt lat="44.395465" lon="5.465785"><ele>702.6</ele></trkpt>
    <trkpt lat="44.395566" lon="5.465640"><ele>704.2</ele></trkpt>
    <trkpt lat="44.395667" lon="5.465494"><ele>705.1</ele></trkpt>
    <trkpt lat="44.395768" lon="5.465349"><ele>705.6</ele></trkpt>
    <trkpt lat="44.395816" lon="5.465102"><ele>705.0</ele></trkpt>
    <trkpt lat="44.395799" lon="5.464912"><ele>704.6</ele></trkpt>
    <trkpt lat="44.395607" lon="5.464545"><ele>703.0</ele></trkpt>
    <trkpt lat="44.395511" lon="5.464361"><ele>703.4</ele></trkpt>
    <trkpt lat="44.395415" lon="5.464177"><ele>704.3</ele></trkpt>
    <trkpt lat="44.395334" lon="5.463959"><ele>704.8</ele></trkpt>
    <trkpt lat="44.395253" lon="5.463742"><ele>703.1</ele></trkpt>
    <trkpt lat="44.395224" lon="5.463461"><ele>702.1</ele></trkpt>
    <trkpt lat="44.395253" lon="5.463093"><ele>701.5</ele></trkpt>
    <trkpt lat="44.395345" lon="5.462838"><ele>702.9</ele></trkpt>
    <trkpt lat="44.395436" lon="5.462583"><ele>704.0</ele></trkpt>
    <trkpt lat="44.395513" lon="5.462337"><ele>705.1</ele></trkpt>
    <trkpt lat="44.395518" lon="5.462128"><ele>704.0</ele></trkpt>
    <trkpt lat="44.395523" lon="5.461919"><ele>703.6</ele></trkpt>
    <trkpt lat="44.395527" lon="5.461710"><ele>703.9</ele></trkpt>
    <trkpt lat="44.395529" lon="5.461136"><ele>705.0</ele></trkpt>
    <trkpt lat="44.395530" lon="5.460850"><ele>705.2</ele></trkpt>
    <trkpt lat="44.395532" lon="5.460563"><ele>704.3</ele></trkpt>
    <trkpt lat="44.395612" lon="5.460312"><ele>706.3</ele></trkpt>
    <trkpt lat="44.395693" lon="5.460062"><ele>705.6</ele></trkpt>
    <trkpt lat="44.395852" lon="5.459989"><ele>708.1</ele></trkpt>
    <trkpt lat="44.396011" lon="5.459916"><ele>708.9</ele></trkpt>
    <trkpt lat="44.396171" lon="5.459768"><ele>707.6</ele></trkpt>
    <trkpt lat="44.396332" lon="5.459621"><ele>705.8</ele></trkpt>
    <trkpt lat="44.396470" lon="5.459492"><ele>703.8</ele></trkpt>
    <trkpt lat="44.396609" lon="5.459364"><ele>701.6</ele></trkpt>
    <trkpt lat="44.396767" lon="5.459331"><ele>702.1</ele></trkpt>
    <trkpt lat="44.396903" lon="5.459337"><ele>703.5</ele></trkpt>
    <trkpt lat="44.397039" lon="5.459342"><ele>704.5</ele></trkpt>
    <trkpt lat="44.397145" lon="5.459367"><ele>705.7</ele></trkpt>
    <trkpt lat="44.397252" lon="5.459392"><ele>706.7</ele></trkpt>
    <trkpt lat="44.397354" lon="5.459286"><ele>704.6</ele></trkpt>
    <trkpt lat="44.397344" lon="5.459106"><ele>701.5</ele></trkpt>
    <trkpt lat="44.397334" lon="5.458927"><ele>699.1</ele></trkpt>
    <trkpt lat="44.397403" lon="5.458688"><ele>697.4</ele></trkpt>
    <trkpt lat="44.397473" lon="5.458449"><ele>697.0</ele></trkpt>
    <trkpt lat="44.397612" lon="5.457971"><ele>699.7</ele></trkpt>
    <trkpt lat="44.397637" lon="5.457688"><ele>699.0</ele></trkpt>
    <trkpt lat="44.397661" lon="5.457405"><ele>697.9</ele></trkpt>
    <trkpt lat="44.397680" lon="5.457177"><ele>697.0</ele></trkpt>
    <trkpt lat="44.397700" lon="5.456948"><ele>696.3</ele></trkpt>
    <trkpt lat="44.397719" lon="5.456720"><ele>695.9</ele></trkpt>
    <trkpt lat="44.397759" lon="5.456522"><ele>694.0</ele></trkpt>
    <trkpt lat="44.397847" lon="5.456436"><ele>693.9</ele></trkpt>
    <trkpt lat="44.398049" lon="5.456370"><ele>695.4</ele></trkpt>
    <trkpt lat="44.398250" lon="5.456304"><ele>696.4</ele></trkpt>
    <trkpt lat="44.398388" lon="5.456230"><ele>696.4</ele></trkpt>
    <trkpt lat="44.398525" lon="5.456157"><ele>696.8</ele></trkpt>
    <trkpt lat="44.398878" lon="5.455919"><ele>696.3</ele></trkpt>
    <trkpt lat="44.399055" lon="5.455801"><ele>695.4</ele></trkpt>
    <trkpt lat="44.399150" lon="5.455695"><ele>695.3</ele></trkpt>
    <trkpt lat="44.399161" lon="5.455536"><ele>694.4</ele></trkpt>
    <trkpt lat="44.399063" lon="5.455422"><ele>696.2</ele></trkpt>
    <trkpt lat="44.398906" lon="5.455415"><ele>694.7</ele></trkpt>
    <trkpt lat="44.398727" lon="5.455457"><ele>691.5</ele></trkpt>
    <trkpt lat="44.398532" lon="5.455544"><ele>688.0</ele></trkpt>
    <trkpt lat="44.398337" lon="5.455630"><ele>686.8</ele></trkpt>
    <trkpt lat="44.398212" lon="5.455609"><ele>686.3</ele></trkpt>
    <trkpt lat="44.398087" lon="5.455589"><ele>685.9</ele></trkpt>
    <trkpt lat="44.397919" lon="5.455542"><ele>686.2</ele></trkpt>
    <trkpt lat="44.397583" lon="5.455448"><ele>687.2</ele></trkpt>
    <trkpt lat="44.397407" lon="5.455310"><ele>688.8</ele></trkpt>
    <trkpt lat="44.397312" lon="5.455117"><ele>691.1</ele></trkpt>
    <trkpt lat="44.397246" lon="5.454855"><ele>693.8</ele></trkpt>
    <trkpt lat="44.397265" lon="5.454636"><ele>695.2</ele></trkpt>
    <trkpt lat="44.397324" lon="5.454419"><ele>695.3</ele></trkpt>
    <trkpt lat="44.397382" lon="5.454203"><ele>694.6</ele></trkpt>
    <trkpt lat="44.397396" lon="5.454054"><ele>693.9</ele></trkpt>
    <trkpt lat="44.397410" lon="5.453905"><ele>693.5</ele></trkpt>
    <trkpt lat="44.397384" lon="5.453674"><ele>691.8</ele></trkpt>
    <trkpt lat="44.397333" lon="5.453213"><ele>687.3</ele></trkpt>
    <trkpt lat="44.397281" lon="5.452942"><ele>684.8</ele></trkpt>
    <trkpt lat="44.397230" lon="5.452670"><ele>682.8</ele></trkpt>
    <trkpt lat="44.397179" lon="5.452399"><ele>681.0</ele></trkpt>
    <trkpt lat="44.397128" lon="5.452128"><ele>679.3</ele></trkpt>
    <trkpt lat="44.397123" lon="5.451719"><ele>676.7</ele></trkpt>
    <trkpt lat="44.397089" lon="5.451488"><ele>674.3</ele></trkpt>
    <trkpt lat="44.396927" lon="5.451192"><ele>669.3</ele></trkpt>
    <trkpt lat="44.396823" lon="5.451062"><ele>666.5</ele></trkpt>
    <trkpt lat="44.396719" lon="5.450933"><ele>663.7</ele></trkpt>
    <trkpt lat="44.396588" lon="5.450848"><ele>660.7</ele></trkpt>
    <trkpt lat="44.396248" lon="5.450574"><ele>652.6</ele></trkpt>
    <trkpt lat="44.396084" lon="5.450557"><ele>650.6</ele></trkpt>
    <trkpt lat="44.395920" lon="5.450540"><ele>648.1</ele></trkpt>
    <trkpt lat="44.395794" lon="5.450405"><ele>645.3</ele></trkpt>
    <trkpt lat="44.395668" lon="5.450290"><ele>642.7</ele></trkpt>
    <trkpt lat="44.395557" lon="5.450285"><ele>641.1</ele></trkpt>
    <trkpt lat="44.395098" lon="5.450205"><ele>630.1</ele></trkpt>
    <trkpt lat="44.394812" lon="5.450183"><ele>624.2</ele></trkpt>
    <trkpt lat="44.394651" lon="5.450201"><ele>621.7</ele></trkpt>
    <trkpt lat="44.394490" lon="5.450219"><ele>618.9</ele></trkpt>
    <trkpt lat="44.394382" lon="5.450224"><ele>617.4</ele></trkpt>
    <trkpt lat="44.394275" lon="5.450229"><ele>616.4</ele></trkpt>
    <trkpt lat="44.394456" lon="5.450147"><ele>616.9</ele></trkpt>
    <trkpt lat="44.394596" lon="5.449954"><ele>614.8</ele></trkpt>
    <trkpt lat="44.394730" lon="5.449880"><ele>614.3</ele></trkpt>
    <trkpt lat="44.394864" lon="5.449806"><ele>614.9</ele></trkpt>
    <trkpt lat="44.394938" lon="5.449670"><ele>612.6</ele></trkpt>
    <trkpt lat="44.394930" lon="5.449400"><ele>607.2</ele></trkpt>
    <trkpt lat="44.394904" lon="5.449260"><ele>605.3</ele></trkpt>
    <trkpt lat="44.394804" lon="5.449255"><ele>604.2</ele></trkpt>
    <trkpt lat="44.394520" lon="5.449193"><ele>601.6</ele></trkpt>
    <trkpt lat="44.394166" lon="5.449048"><ele>603.6</ele></trkpt>
    <trkpt lat="44.394014" lon="5.448974"><ele>603.3</ele></trkpt>
    <trkpt lat="44.393861" lon="5.448900"><ele>602.5</ele></trkpt>
    <trkpt lat="44.393557" lon="5.448753"><ele>601.5</ele></trkpt>
    <trkpt lat="44.393427" lon="5.448672"><ele>601.3</ele></trkpt>
    <trkpt lat="44.393296" lon="5.448592"><ele>601.1</ele></trkpt>
    <trkpt lat="44.393116" lon="5.448454"><ele>602.0</ele></trkpt>
    <trkpt lat="44.392755" lon="5.448179"><ele>602.5</ele></trkpt>
    <trkpt lat="44.392574" lon="5.448311"><ele>599.8</ele></trkpt>
    <trkpt lat="44.392380" lon="5.448353"><ele>598.4</ele></trkpt>
    <trkpt lat="44.392245" lon="5.448287"><ele>598.6</ele></trkpt>
    <trkpt lat="44.392085" lon="5.448162"><ele>598.6</ele></trkpt>
    <trkpt lat="44.391924" lon="5.448037"><ele>598.0</ele></trkpt>
    <trkpt lat="44.391764" lon="5.447912"><ele>597.6</ele></trkpt>
    <trkpt lat="44.391443" lon="5.447662"><ele>596.1</ele></trkpt>
    <trkpt lat="44.391283" lon="5.447538"><ele>595.0</ele></trkpt>
    <trkpt lat="44.391149" lon="5.447452"><ele>594.8</ele></trkpt>
    <trkpt lat="44.391026" lon="5.447487"><ele>595.1</ele></trkpt>
    <trkpt lat="44.390835" lon="5.447728"><ele>593.7</ele></trkpt>
    <trkpt lat="44.390732" lon="5.447863"><ele>592.3</ele></trkpt>
    <trkpt lat="44.390629" lon="5.447998"><ele>590.8</ele></trkpt>
    <trkpt lat="44.390470" lon="5.448061"><ele>589.9</ele></trkpt>
    <trkpt lat="44.390338" lon="5.448055"><ele>590.0</ele></trkpt>
    <trkpt lat="44.390206" lon="5.448049"><ele>589.8</ele></trkpt>
    <trkpt lat="44.390086" lon="5.447999"><ele>590.0</ele></trkpt>
    <trkpt lat="44.389965" lon="5.447949"><ele>589.9</ele></trkpt>
    <trkpt lat="44.389809" lon="5.447893"><ele>589.0</ele></trkpt>
    <trkpt lat="44.389653" lon="5.447836"><ele>588.1</ele></trkpt>
    <trkpt lat="44.389456" lon="5.447827"><ele>586.7</ele></trkpt>
    <trkpt lat="44.389258" lon="5.447819"><ele>586.0</ele></trkpt>
    <trkpt lat="44.388889" lon="5.447788"><ele>584.0</ele></trkpt>
    <trkpt lat="44.388718" lon="5.447766"><ele>584.1</ele></trkpt>
    <trkpt lat="44.388518" lon="5.447777"><ele>583.7</ele></trkpt>
    <trkpt lat="44.388356" lon="5.447835"><ele>582.7</ele></trkpt>
    <trkpt lat="44.388194" lon="5.447892"><ele>581.5</ele></trkpt>
    <trkpt lat="44.388050" lon="5.447906"><ele>580.6</ele></trkpt>
    <trkpt lat="44.387865" lon="5.447813"><ele>580.2</ele></trkpt>
    <trkpt lat="44.387308" lon="5.447535"><ele>578.2</ele></trkpt>
    <trkpt lat="44.387173" lon="5.447499"><ele>578.0</ele></trkpt>
    <trkpt lat="44.387061" lon="5.447569"><ele>577.3</ele></trkpt>
    <trkpt lat="44.386948" lon="5.447639"><ele>576.5</ele></trkpt>
    <trkpt lat="44.386838" lon="5.447625"><ele>576.9</ele></trkpt>
    <trkpt lat="44.386549" lon="5.447612"><ele>577.4</ele></trkpt>
    <trkpt lat="44.386356" lon="5.447609"><ele>577.2</ele></trkpt>
    <trkpt lat="44.386163" lon="5.447605"><ele>576.2</ele></trkpt>
    <trkpt lat="44.386042" lon="5.447555"><ele>575.9</ele></trkpt>
    <trkpt lat="44.385922" lon="5.447505"><ele>575.6</ele></trkpt>
    <trkpt lat="44.385589" lon="5.447265"><ele>574.9</ele></trkpt>
    <trkpt lat="44.385422" lon="5.447145"><ele>574.7</ele></trkpt>
    <trkpt lat="44.385312" lon="5.447110"><ele>574.0</ele></trkpt>
    <trkpt lat="44.385202" lon="5.447075"><ele>573.3</ele></trkpt>
    <trkpt lat="44.384864" lon="5.446846"><ele>573.3</ele></trkpt>
    <trkpt lat="44.384695" lon="5.446732"><ele>573.1</ele></trkpt>
    <trkpt lat="44.384526" lon="5.446617"><ele>573.2</ele></trkpt>
    <trkpt lat="44.384423" lon="5.446578"><ele>572.8</ele></trkpt>
    <trkpt lat="44.384321" lon="5.446539"><ele>572.3</ele></trkpt>
    <trkpt lat="44.384064" lon="5.446179"><ele>572.4</ele></trkpt>
    <trkpt lat="44.384058" lon="5.445979"><ele>573.5</ele></trkpt>
    <trkpt lat="44.384052" lon="5.445780"><ele>574.6</ele></trkpt>
    <trkpt lat="44.383941" lon="5.445610"><ele>575.6</ele></trkpt>
    <trkpt lat="44.383830" lon="5.445441"><ele>577.1</ele></trkpt>
    <trkpt lat="44.383695" lon="5.445395"><ele>577.3</ele></trkpt>
    <trkpt lat="44.383515" lon="5.445497"><ele>576.2</ele></trkpt>
    <trkpt lat="44.383369" lon="5.445591"><ele>574.6</ele></trkpt>
    <trkpt lat="44.383294" lon="5.445777"><ele>571.8</ele></trkpt>
    <trkpt lat="44.383218" lon="5.445963"><ele>569.4</ele></trkpt>
    <trkpt lat="44.383030" lon="5.446059"><ele>567.7</ele></trkpt>
    <trkpt lat="44.382603" lon="5.446315"><ele>564.8</ele></trkpt>
    <trkpt lat="44.382459" lon="5.446349"><ele>564.2</ele></trkpt>
    <trkpt lat="44.382305" lon="5.446222"><ele>564.3</ele></trkpt>
    <trkpt lat="44.382170" lon="5.446072"><ele>563.7</ele></trkpt>
    <trkpt lat="44.382036" lon="5.445922"><ele>562.9</ele></trkpt>
    <trkpt lat="44.381768" lon="5.445621"><ele>561.0</ele></trkpt>
    <trkpt lat="44.381592" lon="5.445464"><ele>560.3</ele></trkpt>
    <trkpt lat="44.381299" lon="5.445481"><ele>558.9</ele></trkpt>
    <trkpt lat="44.381118" lon="5.445563"><ele>558.0</ele></trkpt>
    <trkpt lat="44.380813" lon="5.445769"><ele>557.0</ele></trkpt>
    <trkpt lat="44.380661" lon="5.445872"><ele>557.3</ele></trkpt>
    <trkpt lat="44.380539" lon="5.445917"><ele>557.6</ele></trkpt>
    <trkpt lat="44.380416" lon="5.445961"><ele>557.6</ele></trkpt>
    <trkpt lat="44.380269" lon="5.445975"><ele>557.5</ele></trkpt>
    <trkpt lat="44.379978" lon="5.446062"><ele>558.4</ele></trkpt>
    <trkpt lat="44.379907" lon="5.445806"><ele>555.8</ele></trkpt>
    <trkpt lat="44.379837" lon="5.445551"><ele>554.0</ele></trkpt>
    <trkpt lat="44.379766" lon="5.445295"><ele>552.1</ele></trkpt>
    <trkpt lat="44.379649" lon="5.444792"><ele>550.3</ele></trkpt>
    <trkpt lat="44.379626" lon="5.444502"><ele>550.0</ele></trkpt>
    <trkpt lat="44.379656" lon="5.443948"><ele>550.5</ele></trkpt>
    <trkpt lat="44.379661" lon="5.443903"><ele>550.7</ele></trkpt>
    <trkpt lat="44.379668" lon="5.443850"><ele>551.0</ele></trkpt>
    <trkpt lat="44.379653" lon="5.443749"><ele>551.5</ele></trkpt>
    <trkpt lat="44.379646" lon="5.443698"><ele>551.7</ele></trkpt>
    <trkpt lat="44.379624" lon="5.443643"><ele>551.8</ele></trkpt>
    <trkpt lat="44.379601" lon="5.443588"><ele>551.9</ele></trkpt>
    <trkpt lat="44.379575" lon="5.443543"><ele>551.9</ele></trkpt>
    <trkpt lat="44.379495" lon="5.443408"><ele>552.0</ele></trkpt>
    <trkpt lat="44.379449" lon="5.443279"><ele>552.1</ele></trkpt>
    <trkpt lat="44.379427" lon="5.443182"><ele>551.8</ele></trkpt>
    <trkpt lat="44.379414" lon="5.443103"><ele>551.7</ele></trkpt>
    <trkpt lat="44.379409" lon="5.443044"><ele>551.7</ele></trkpt>
    <trkpt lat="44.379403" lon="5.442984"><ele>551.8</ele></trkpt>
    <trkpt lat="44.379403" lon="5.442884"><ele>552.1</ele></trkpt>
    <trkpt lat="44.379403" lon="5.442834"><ele>552.2</ele></trkpt>
    <trkpt lat="44.379404" lon="5.442782"><ele>552.4</ele></trkpt>
    <trkpt lat="44.379405" lon="5.442730"><ele>552.4</ele></trkpt>
    <trkpt lat="44.379405" lon="5.442679"><ele>552.4</ele></trkpt>
    <trkpt lat="44.379407" lon="5.442553"><ele>552.5</ele></trkpt>
    <trkpt lat="44.379406" lon="5.442514"><ele>552.4</ele></trkpt>
    <trkpt lat="44.379406" lon="5.442476"><ele>552.5</ele></trkpt>
    <trkpt lat="44.379400" lon="5.442402"><ele>552.7</ele></trkpt>
    <trkpt lat="44.379386" lon="5.442288"><ele>552.9</ele></trkpt>
    <trkpt lat="44.379373" lon="5.442226"><ele>553.0</ele></trkpt>
    <trkpt lat="44.379342" lon="5.442129"><ele>553.2</ele></trkpt>
    <trkpt lat="44.379324" lon="5.442084"><ele>553.3</ele></trkpt>
    <trkpt lat="44.379288" lon="5.441995"><ele>553.4</ele></trkpt>
    <trkpt lat="44.379269" lon="5.441960"><ele>553.4</ele></trkpt>
    <trkpt lat="44.379251" lon="5.441926"><ele>553.3</ele></trkpt>
    <trkpt lat="44.379227" lon="5.441873"><ele>553.3</ele></trkpt>
    <trkpt lat="44.379203" lon="5.441820"><ele>553.4</ele></trkpt>
    <trkpt lat="44.379189" lon="5.441780"><ele>553.5</ele></trkpt>
    <trkpt lat="44.379174" lon="5.441725"><ele>553.7</ele></trkpt>
    <trkpt lat="44.379163" lon="5.441667"><ele>553.9</ele></trkpt>
    <trkpt lat="44.379148" lon="5.441552"><ele>553.7</ele></trkpt>
    <trkpt lat="44.379144" lon="5.441491"><ele>553.6</ele></trkpt>
    <trkpt lat="44.379150" lon="5.441439"><ele>553.7</ele></trkpt>
    <trkpt lat="44.379150" lon="5.441086"><ele>554.8</ele></trkpt>
    <trkpt lat="44.379087" lon="5.440654"><ele>553.1</ele></trkpt>
    <trkpt lat="44.379038" lon="5.440151"><ele>551.7</ele></trkpt>
    <trkpt lat="44.379026" lon="5.439851"><ele>550.7</ele></trkpt>
    <trkpt lat="44.379026" lon="5.439817"><ele>550.6</ele></trkpt>
    <trkpt lat="44.379014" lon="5.439714"><ele>550.3</ele></trkpt>
    <trkpt lat="44.379006" lon="5.439665"><ele>549.9</ele></trkpt>
    <trkpt lat="44.378989" lon="5.439566"><ele>549.0</ele></trkpt>
    <trkpt lat="44.378981" lon="5.439522"><ele>548.6</ele></trkpt>
    <trkpt lat="44.378972" lon="5.439479"><ele>548.1</ele></trkpt>
    <trkpt lat="44.378962" lon="5.439442"><ele>547.8</ele></trkpt>
    <trkpt lat="44.378952" lon="5.439406"><ele>547.7</ele></trkpt>
    <trkpt lat="44.378940" lon="5.439367"><ele>547.5</ele></trkpt>
    <trkpt lat="44.378927" lon="5.439336"><ele>547.4</ele></trkpt>
    <trkpt lat="44.378907" lon="5.439305"><ele>547.2</ele></trkpt>
    <trkpt lat="44.378878" lon="5.439270"><ele>546.9</ele></trkpt>
    <trkpt lat="44.378865" lon="5.439257"><ele>546.7</ele></trkpt>
    <trkpt lat="44.378845" lon="5.439231"><ele>546.4</ele></trkpt>
    <trkpt lat="44.378821" lon="5.439188"><ele>546.0</ele></trkpt>
    <trkpt lat="44.378795" lon="5.439124"><ele>545.5</ele></trkpt>
    <trkpt lat="44.378775" lon="5.439028"><ele>544.9</ele></trkpt>
    <trkpt lat="44.378765" lon="5.438980"><ele>544.5</ele></trkpt>
    <trkpt lat="44.378723" lon="5.438778"><ele>543.5</ele></trkpt>
    <trkpt lat="44.378700" lon="5.438664"><ele>543.0</ele></trkpt>
    <trkpt lat="44.378689" lon="5.438607"><ele>542.8</ele></trkpt>
    <trkpt lat="44.378678" lon="5.438529"><ele>542.4</ele></trkpt>
    <trkpt lat="44.378669" lon="5.438455"><ele>542.1</ele></trkpt>
    <trkpt lat="44.378661" lon="5.438355"><ele>541.6</ele></trkpt>
    <trkpt lat="44.378657" lon="5.438293"><ele>541.6</ele></trkpt>
    <trkpt lat="44.378655" lon="5.438222"><ele>541.8</ele></trkpt>
    <trkpt lat="44.378655" lon="5.438166"><ele>542.0</ele></trkpt>
    <trkpt lat="44.378665" lon="5.438041"><ele>542.4</ele></trkpt>
    <trkpt lat="44.378706" lon="5.437712"><ele>543.3</ele></trkpt>
    <trkpt lat="44.378717" lon="5.437643"><ele>543.6</ele></trkpt>
    <trkpt lat="44.378747" lon="5.437481"><ele>544.4</ele></trkpt>
    <trkpt lat="44.378754" lon="5.437444"><ele>544.4</ele></trkpt>
    <trkpt lat="44.378812" lon="5.437205"><ele>544.8</ele></trkpt>
    <trkpt lat="44.378826" lon="5.437164"><ele>544.9</ele></trkpt>
    <trkpt lat="44.379056" lon="5.437152"><ele>547.1</ele></trkpt>
    <trkpt lat="44.379346" lon="5.437154"><ele>549.8</ele></trkpt>
    <trkpt lat="44.379581" lon="5.437140"><ele>551.8</ele></trkpt>
    <trkpt lat="44.380014" lon="5.437037"><ele>555.2</ele></trkpt>
    <trkpt lat="44.380080" lon="5.437021"><ele>555.9</ele></trkpt>
    <trkpt lat="44.380280" lon="5.436943"><ele>558.0</ele></trkpt>
    <trkpt lat="44.380418" lon="5.436878"><ele>559.5</ele></trkpt>
    <trkpt lat="44.380683" lon="5.436819"><ele>561.5</ele></trkpt>
    <trkpt lat="44.380711" lon="5.436819"><ele>561.7</ele></trkpt>
    <trkpt lat="44.380748" lon="5.436817"><ele>561.9</ele></trkpt>
    <trkpt lat="44.380785" lon="5.436815"><ele>562.2</ele></trkpt>
    <trkpt lat="44.380825" lon="5.436810"><ele>562.5</ele></trkpt>
    <trkpt lat="44.380864" lon="5.436805"><ele>562.7</ele></trkpt>
    <trkpt lat="44.380942" lon="5.436788"><ele>563.0</ele></trkpt>
    <trkpt lat="44.380981" lon="5.436775"><ele>563.2</ele></trkpt>
    <trkpt lat="44.380999" lon="5.436766"><ele>563.3</ele></trkpt>
    <trkpt lat="44.381022" lon="5.436750"><ele>563.5</ele></trkpt>
    <trkpt lat="44.381050" lon="5.436718"><ele>563.6</ele></trkpt>
    <trkpt lat="44.381077" lon="5.436686"><ele>563.8</ele></trkpt>
    <trkpt lat="44.381099" lon="5.436646"><ele>564.0</ele></trkpt>
    <trkpt lat="44.381341" lon="5.436343"><ele>567.7</ele></trkpt>
    <trkpt lat="44.381368" lon="5.436317"><ele>568.1</ele></trkpt>
    <trkpt lat="44.381398" lon="5.436275"><ele>568.5</ele></trkpt>
    <trkpt lat="44.381423" lon="5.436227"><ele>569.0</ele></trkpt>
    <trkpt lat="44.381448" lon="5.436178"><ele>569.4</ele></trkpt>
    <trkpt lat="44.381553" lon="5.435944"><ele>571.4</ele></trkpt>
    <trkpt lat="44.381603" lon="5.435822"><ele>572.3</ele></trkpt>
    <trkpt lat="44.381628" lon="5.435762"><ele>572.6</ele></trkpt>
    <trkpt lat="44.381704" lon="5.435572"><ele>573.3</ele></trkpt>
    <trkpt lat="44.381759" lon="5.435431"><ele>574.0</ele></trkpt>
    <trkpt lat="44.381971" lon="5.434976"><ele>573.9</ele></trkpt>
    <trkpt lat="44.382216" lon="5.434475"><ele>570.1</ele></trkpt>
    <trkpt lat="44.382258" lon="5.434372"><ele>569.9</ele></trkpt>
    <trkpt lat="44.382309" lon="5.434266"><ele>569.4</ele></trkpt>
    <trkpt lat="44.382334" lon="5.434213"><ele>569.1</ele></trkpt>
    <trkpt lat="44.382389" lon="5.434118"><ele>567.8</ele></trkpt>
    <trkpt lat="44.382417" lon="5.434070"><ele>567.1</ele></trkpt>
    <trkpt lat="44.382567" lon="5.433830"><ele>564.0</ele></trkpt>
    <trkpt lat="44.382600" lon="5.433779"><ele>563.4</ele></trkpt>
    <trkpt lat="44.382626" lon="5.433747"><ele>562.8</ele></trkpt>
    <trkpt lat="44.382651" lon="5.433715"><ele>562.1</ele></trkpt>
    <trkpt lat="44.382862" lon="5.433476"><ele>559.0</ele></trkpt>
    <trkpt lat="44.382892" lon="5.433448"><ele>559.0</ele></trkpt>
    <trkpt lat="44.382932" lon="5.433416"><ele>558.7</ele></trkpt>
    <trkpt lat="44.382968" lon="5.433392"><ele>558.4</ele></trkpt>
    <trkpt lat="44.383007" lon="5.433373"><ele>558.0</ele></trkpt>
    <trkpt lat="44.383158" lon="5.433137"><ele>556.8</ele></trkpt>
    <trkpt lat="44.383175" lon="5.433089"><ele>556.3</ele></trkpt>
    <trkpt lat="44.383226" lon="5.432953"><ele>555.2</ele></trkpt>
    <trkpt lat="44.383243" lon="5.432908"><ele>554.7</ele></trkpt>
    <trkpt lat="44.383330" lon="5.432688"><ele>550.8</ele></trkpt>
    <trkpt lat="44.383347" lon="5.432659"><ele>550.5</ele></trkpt>
    <trkpt lat="44.383364" lon="5.432630"><ele>550.4</ele></trkpt>
    <trkpt lat="44.383388" lon="5.432595"><ele>550.1</ele></trkpt>
    <trkpt lat="44.383411" lon="5.432568"><ele>549.9</ele></trkpt>
    <trkpt lat="44.383441" lon="5.432547"><ele>549.8</ele></trkpt>
    <trkpt lat="44.383485" lon="5.432536"><ele>550.0</ele></trkpt>
    <trkpt lat="44.383573" lon="5.432515"><ele>550.2</ele></trkpt>
    <trkpt lat="44.383609" lon="5.432511"><ele>550.3</ele></trkpt>
    <trkpt lat="44.383645" lon="5.432507"><ele>550.5</ele></trkpt>
    <trkpt lat="44.383674" lon="5.432502"><ele>550.5</ele></trkpt>
    <trkpt lat="44.383703" lon="5.432497"><ele>550.6</ele></trkpt>
    <trkpt lat="44.383744" lon="5.432474"><ele>550.5</ele></trkpt>
    <trkpt lat="44.383769" lon="5.432443"><ele>550.2</ele></trkpt>
    <trkpt lat="44.383814" lon="5.432367"><ele>549.2</ele></trkpt>
    <trkpt lat="44.383833" lon="5.432331"><ele>548.7</ele></trkpt>
    <trkpt lat="44.383845" lon="5.432288"><ele>548.0</ele></trkpt>
    <trkpt lat="44.383857" lon="5.432226"><ele>547.0</ele></trkpt>
    <trkpt lat="44.383860" lon="5.432189"><ele>546.9</ele></trkpt>
    <trkpt lat="44.383863" lon="5.432153"><ele>546.9</ele></trkpt>
    <trkpt lat="44.383865" lon="5.432094"><ele>546.9</ele></trkpt>
    <trkpt lat="44.383854" lon="5.432043"><ele>546.8</ele></trkpt>
    <trkpt lat="44.383838" lon="5.431992"><ele>546.7</ele></trkpt>
    <trkpt lat="44.383822" lon="5.431967"><ele>546.5</ele></trkpt>
    <trkpt lat="44.383805" lon="5.431942"><ele>546.4</ele></trkpt>
    <trkpt lat="44.383781" lon="5.431914"><ele>546.4</ele></trkpt>
    <trkpt lat="44.383732" lon="5.431859"><ele>546.3</ele></trkpt>
    <trkpt lat="44.383703" lon="5.431816"><ele>546.3</ele></trkpt>
    <trkpt lat="44.383674" lon="5.431773"><ele>546.2</ele></trkpt>
    <trkpt lat="44.383649" lon="5.431723"><ele>546.2</ele></trkpt>
    <trkpt lat="44.383638" lon="5.431694"><ele>546.2</ele></trkpt>
    <trkpt lat="44.383626" lon="5.431651"><ele>546.3</ele></trkpt>
    <trkpt lat="44.383622" lon="5.431598"><ele>546.6</ele></trkpt>
    <trkpt lat="44.383623" lon="5.431560"><ele>546.9</ele></trkpt>
    <trkpt lat="44.383652" lon="5.431507"><ele>547.7</ele></trkpt>
    <trkpt lat="44.383668" lon="5.431536"><ele>547.7</ele></trkpt>
    <trkpt lat="44.383682" lon="5.431558"><ele>547.6</ele></trkpt>
    <trkpt lat="44.383700" lon="5.431582"><ele>547.7</ele></trkpt>
    <trkpt lat="44.383733" lon="5.431611"><ele>547.8</ele></trkpt>
    <trkpt lat="44.383769" lon="5.431625"><ele>548.1</ele></trkpt>
    <trkpt lat="44.383810" lon="5.431622"><ele>548.6</ele></trkpt>
    <trkpt lat="44.383841" lon="5.431612"><ele>549.0</ele></trkpt>
    <trkpt lat="44.383884" lon="5.431593"><ele>549.7</ele></trkpt>
    <trkpt lat="44.383911" lon="5.431564"><ele>550.1</ele></trkpt>
    <trkpt lat="44.383938" lon="5.431536"><ele>550.3</ele></trkpt>
    <trkpt lat="44.383997" lon="5.431535"><ele>550.3</ele></trkpt>
    <trkpt lat="44.384015" lon="5.431539"><ele>550.2</ele></trkpt>
    <trkpt lat="44.384032" lon="5.431546"><ele>550.1</ele></trkpt>
    <trkpt lat="44.384048" lon="5.431556"><ele>550.1</ele></trkpt>
    <trkpt lat="44.384066" lon="5.431570"><ele>550.0</ele></trkpt>
  </trkseg></trk></gpx>