<?xml version="1.0" encoding="UTF-8"?>
<gpx version="1.1" creator="Chemins Noirs"
  xmlns="http://www.topografix.com/GPX/1/1"
  xmlns:xsi="http://www.w3.org/2001/XMLSchema-instance"
  xsi:schemaLocation="http://www.topografix.com/GPX/1/1 http://www.topografix.com/GPX/1/1/gpx.xsd">
<metadata><name>J6 — Vergol — Château d'Aulan et Montbrun</name>
<desc>Boucle depuis Vergol/Montbrun-les-Bains. Château d'Aulan, thermes, lavandes. Balisage GRP. — 24.3 km, +1027m</desc></metadata>
<wpt lat="44.247778" lon="5.400295"><ele>945</ele>
  <name>🅿️ Parking Vergol ou Montbrun-les-Bains</name><sym>Parking Area</sym></wpt>
<trk><name>J6 — Vergol — Château d'Aulan et Montbrun</name>
  <desc>Boucle depuis Vergol/Montbrun-les-Bains. Château d'Aulan, thermes, lavandes. Balisage GRP.</desc><trkseg>
    <trkpt lat="44.247778" lon="5.400295"><ele>945.4</ele></trkpt>
    <trkpt lat="44.247717" lon="5.400265"><ele>944.3</ele></trkpt>
    <trkpt lat="44.247624" lon="5.400281"><ele>943.4</ele></trkpt>
    <trkpt lat="44.247518" lon="5.400356"><ele>943.1</ele></trkpt>
    <trkpt lat="44.247476" lon="5.400389"><ele>944.0</ele></trkpt>
    <trkpt lat="44.247455" lon="5.400393"><ele>944.7</ele></trkpt>
    <trkpt lat="44.247434" lon="5.400380"><ele>945.4</ele></trkpt>
    <trkpt lat="44.247415" lon="5.400351"><ele>946.1</ele></trkpt>
    <trkpt lat="44.247403" lon="5.400315"><ele>946.7</ele></trkpt>
    <trkpt lat="44.247400" lon="5.400272"><ele>947.2</ele></trkpt>
    <trkpt lat="44.247437" lon="5.400118"><ele>950.2</ele></trkpt>
    <trkpt lat="44.247518" lon="5.399944"><ele>950.8</ele></trkpt>
    <trkpt lat="44.247598" lon="5.399798"><ele>951.4</ele></trkpt>
    <trkpt lat="44.247785" lon="5.399453"><ele>951.6</ele></trkpt>
    <trkpt lat="44.247915" lon="5.399047"><ele>954.0</ele></trkpt>
    <trkpt lat="44.247985" lon="5.398826"><ele>953.8</ele></trkpt>
    <trkpt lat="44.248011" lon="5.398590"><ele>956.1</ele></trkpt>
    <trkpt lat="44.248038" lon="5.398365"><ele>958.5</ele></trkpt>
    <trkpt lat="44.248098" lon="5.398064"><ele>960.3</ele></trkpt>
    <trkpt lat="44.248234" lon="5.397503"><ele>962.3</ele></trkpt>
    <trkpt lat="44.248353" lon="5.397022"><ele>963.9</ele></trkpt>
    <trkpt lat="44.248393" lon="5.396806"><ele>964.7</ele></trkpt>
    <trkpt lat="44.248405" lon="5.396664"><ele>965.6</ele></trkpt>
    <trkpt lat="44.248415" lon="5.396491"><ele>964.4</ele></trkpt>
    <trkpt lat="44.248412" lon="5.396388"><ele>964.0</ele></trkpt>
    <trkpt lat="44.248400" lon="5.396303"><ele>964.9</ele></trkpt>
    <trkpt lat="44.248388" lon="5.396256"><ele>965.7</ele></trkpt>
    <trkpt lat="44.248369" lon="5.396216"><ele>966.8</ele></trkpt>
    <trkpt lat="44.248353" lon="5.396187"><ele>967.7</ele></trkpt>
    <trkpt lat="44.248318" lon="5.395910"><ele>971.8</ele></trkpt>
    <trkpt lat="44.248368" lon="5.395657"><ele>972.5</ele></trkpt>
    <trkpt lat="44.248314" lon="5.395432"><ele>976.7</ele></trkpt>
    <trkpt lat="44.248281" lon="5.395153"><ele>980.1</ele></trkpt>
    <trkpt lat="44.248285" lon="5.394933"><ele>981.2</ele></trkpt>
    <trkpt lat="44.248320" lon="5.394708"><ele>980.6</ele></trkpt>
    <trkpt lat="44.248342" lon="5.394531"><ele>980.3</ele></trkpt>
    <trkpt lat="44.248328" lon="5.394348"><ele>981.6</ele></trkpt>
    <trkpt lat="44.248332" lon="5.394200"><ele>981.9</ele></trkpt>
    <trkpt lat="44.248379" lon="5.394037"><ele>980.8</ele></trkpt>
    <trkpt lat="44.248484" lon="5.393795"><ele>978.5</ele></trkpt>
    <trkpt lat="44.248613" lon="5.393515"><ele>975.6</ele></trkpt>
    <trkpt lat="44.248606" lon="5.393455"><ele>975.5</ele></trkpt>
    <trkpt lat="44.248565" lon="5.393414"><ele>976.2</ele></trkpt>
    <trkpt lat="44.248372" lon="5.393400"><ele>980.0</ele></trkpt>
    <trkpt lat="44.248328" lon="5.393362"><ele>980.4</ele></trkpt>
    <trkpt lat="44.248166" lon="5.392998"><ele>975.0</ele></trkpt>
    <trkpt lat="44.248125" lon="5.392926"><ele>973.8</ele></trkpt>
    <trkpt lat="44.248086" lon="5.392917"><ele>973.8</ele></trkpt>
    <trkpt lat="44.248044" lon="5.392913"><ele>973.9</ele></trkpt>
    <trkpt lat="44.248004" lon="5.392936"><ele>974.4</ele></trkpt>
    <trkpt lat="44.247952" lon="5.392967"><ele>975.1</ele></trkpt>
    <trkpt lat="44.247775" lon="5.393248"><ele>982.5</ele></trkpt>
    <trkpt lat="44.247663" lon="5.393389"><ele>985.5</ele></trkpt>
    <trkpt lat="44.247547" lon="5.393503"><ele>987.5</ele></trkpt>
    <trkpt lat="44.247279" lon="5.393629"><ele>984.2</ele></trkpt>
    <trkpt lat="44.247178" lon="5.393697"><ele>983.2</ele></trkpt>
    <trkpt lat="44.247102" lon="5.393845"><ele>985.3</ele></trkpt>
    <trkpt lat="44.247038" lon="5.393932"><ele>986.3</ele></trkpt>
    <trkpt lat="44.246949" lon="5.394050"><ele>988.5</ele></trkpt>
    <trkpt lat="44.246886" lon="5.394088"><ele>990.8</ele></trkpt>
    <trkpt lat="44.246672" lon="5.394059"><ele>993.2</ele></trkpt>
    <trkpt lat="44.246650" lon="5.394038"><ele>993.8</ele></trkpt>
    <trkpt lat="44.246594" lon="5.393875"><ele>993.6</ele></trkpt>
    <trkpt lat="44.246539" lon="5.393713"><ele>995.4</ele></trkpt>
    <trkpt lat="44.246222" lon="5.392995"><ele>1006.4</ele></trkpt>
    <trkpt lat="44.246044" lon="5.392465"><ele>1008.6</ele></trkpt>
    <trkpt lat="44.245942" lon="5.392234"><ele>1006.2</ele></trkpt>
    <trkpt lat="44.245913" lon="5.392192"><ele>1005.5</ele></trkpt>
    <trkpt lat="44.245881" lon="5.392171"><ele>1005.1</ele></trkpt>
    <trkpt lat="44.245841" lon="5.392156"><ele>1004.8</ele></trkpt>
    <trkpt lat="44.245756" lon="5.392177"><ele>1003.0</ele></trkpt>
    <trkpt lat="44.245691" lon="5.392207"><ele>1002.0</ele></trkpt>
    <trkpt lat="44.245616" lon="5.392265"><ele>1001.4</ele></trkpt>
    <trkpt lat="44.245500" lon="5.392394"><ele>1000.0</ele></trkpt>
    <trkpt lat="44.245260" lon="5.392763"><ele>999.7</ele></trkpt>
    <trkpt lat="44.245024" lon="5.393115"><ele>1002.8</ele></trkpt>
    <trkpt lat="44.244919" lon="5.393261"><ele>1002.6</ele></trkpt>
    <trkpt lat="44.244840" lon="5.393367"><ele>1002.6</ele></trkpt>
    <trkpt lat="44.244600" lon="5.393553"><ele>999.0</ele></trkpt>
    <trkpt lat="44.244389" lon="5.393606"><ele>993.6</ele></trkpt>
    <trkpt lat="44.244330" lon="5.393630"><ele>993.2</ele></trkpt>
    <trkpt lat="44.244266" lon="5.393762"><ele>996.4</ele></trkpt>
    <trkpt lat="44.244206" lon="5.393799"><ele>996.5</ele></trkpt>
    <trkpt lat="44.244117" lon="5.393817"><ele>997.1</ele></trkpt>
    <trkpt lat="44.244089" lon="5.393819"><ele>997.6</ele></trkpt>
    <trkpt lat="44.243942" lon="5.393471"><ele>987.6</ele></trkpt>
    <trkpt lat="44.243858" lon="5.393052"><ele>976.4</ele></trkpt>
    <trkpt lat="44.243778" lon="5.392939"><ele>974.1</ele></trkpt>
    <trkpt lat="44.243536" lon="5.392821"><ele>972.8</ele></trkpt>
    <trkpt lat="44.243408" lon="5.392811"><ele>974.3</ele></trkpt>
    <trkpt lat="44.243294" lon="5.392760"><ele>974.9</ele></trkpt>
    <trkpt lat="44.243220" lon="5.392650"><ele>973.4</ele></trkpt>
    <trkpt lat="44.243027" lon="5.392359"><ele>970.8</ele></trkpt>
    <trkpt lat="44.242983" lon="5.392224"><ele>969.0</ele></trkpt>
    <trkpt lat="44.242790" lon="5.391926"><ele>973.6</ele></trkpt>
    <trkpt lat="44.242599" lon="5.391650"><ele>978.0</ele></trkpt>
    <trkpt lat="44.242552" lon="5.391480"><ele>975.3</ele></trkpt>
    <trkpt lat="44.242401" lon="5.391258"><ele>974.2</ele></trkpt>
    <trkpt lat="44.242327" lon="5.391158"><ele>972.8</ele></trkpt>
    <trkpt lat="44.242211" lon="5.391100"><ele>973.4</ele></trkpt>
    <trkpt lat="44.242047" lon="5.391094"><ele>972.5</ele></trkpt>
    <trkpt lat="44.241854" lon="5.391109"><ele>971.3</ele></trkpt>
    <trkpt lat="44.241641" lon="5.391076"><ele>965.8</ele></trkpt>
    <trkpt lat="44.241379" lon="5.390948"><ele>955.4</ele></trkpt>
    <trkpt lat="44.241301" lon="5.390813"><ele>949.2</ele></trkpt>
    <trkpt lat="44.241232" lon="5.390665"><ele>943.7</ele></trkpt>
    <trkpt lat="44.241186" lon="5.390558"><ele>940.6</ele></trkpt>
    <trkpt lat="44.240969" lon="5.390455"><ele>936.9</ele></trkpt>
    <trkpt lat="44.240854" lon="5.390514"><ele>932.8</ele></trkpt>
    <trkpt lat="44.240631" lon="5.390567"><ele>925.2</ele></trkpt>
    <trkpt lat="44.240465" lon="5.390596"><ele>920.1</ele></trkpt>
    <trkpt lat="44.240369" lon="5.390529"><ele>916.7</ele></trkpt>
    <trkpt lat="44.240170" lon="5.390294"><ele>912.2</ele></trkpt>
    <trkpt lat="44.239874" lon="5.389976"><ele>903.0</ele></trkpt>
    <trkpt lat="44.239680" lon="5.389743"><ele>900.2</ele></trkpt>
    <trkpt lat="44.239588" lon="5.389551"><ele>898.7</ele></trkpt>
    <trkpt lat="44.239539" lon="5.389491"><ele>897.6</ele></trkpt>
    <trkpt lat="44.239331" lon="5.389345"><ele>897.5</ele></trkpt>
    <trkpt lat="44.239145" lon="5.389576"><ele>901.3</ele></trkpt>
    <trkpt lat="44.239088" lon="5.389703"><ele>902.8</ele></trkpt>
    <trkpt lat="44.239086" lon="5.389714"><ele>902.8</ele></trkpt>
    <trkpt lat="44.239082" lon="5.389724"><ele>903.0</ele></trkpt>
    <trkpt lat="44.239072" lon="5.389756"><ele>903.9</ele></trkpt>
    <trkpt lat="44.239068" lon="5.389767"><ele>904.2</ele></trkpt>
    <trkpt lat="44.239055" lon="5.389799"><ele>905.0</ele></trkpt>
    <trkpt lat="44.239038" lon="5.389824"><ele>905.7</ele></trkpt>
    <trkpt lat="44.239032" lon="5.389832"><ele>905.9</ele></trkpt>
    <trkpt lat="44.238962" lon="5.389918"><ele>907.4</ele></trkpt>
    <trkpt lat="44.238893" lon="5.389986"><ele>907.9</ele></trkpt>
    <trkpt lat="44.238863" lon="5.390015"><ele>908.5</ele></trkpt>
    <trkpt lat="44.238840" lon="5.390036"><ele>909.0</ele></trkpt>
    <trkpt lat="44.238833" lon="5.390043"><ele>909.2</ele></trkpt>
    <trkpt lat="44.238817" lon="5.390055"><ele>909.5</ele></trkpt>
    <trkpt lat="44.238810" lon="5.390062"><ele>909.7</ele></trkpt>
    <trkpt lat="44.238496" lon="5.390248"><ele>912.4</ele></trkpt>
    <trkpt lat="44.238346" lon="5.390323"><ele>913.5</ele></trkpt>
    <trkpt lat="44.238282" lon="5.390386"><ele>914.7</ele></trkpt>
    <trkpt lat="44.238177" lon="5.390540"><ele>915.5</ele></trkpt>
    <trkpt lat="44.238095" lon="5.390762"><ele>917.2</ele></trkpt>
    <trkpt lat="44.238070" lon="5.390850"><ele>917.6</ele></trkpt>
    <trkpt lat="44.237971" lon="5.391008"><ele>919.8</ele></trkpt>
    <trkpt lat="44.237932" lon="5.391066"><ele>920.2</ele></trkpt>
    <trkpt lat="44.237848" lon="5.391170"><ele>920.3</ele></trkpt>
    <trkpt lat="44.237668" lon="5.391379"><ele>922.6</ele></trkpt>
    <trkpt lat="44.237292" lon="5.391678"><ele>929.5</ele></trkpt>
    <trkpt lat="44.237193" lon="5.391747"><ele>931.9</ele></trkpt>
    <trkpt lat="44.237004" lon="5.391853"><ele>935.2</ele></trkpt>
    <trkpt lat="44.236569" lon="5.392092"><ele>942.3</ele></trkpt>
    <trkpt lat="44.236504" lon="5.392109"><ele>943.3</ele></trkpt>
    <trkpt lat="44.236463" lon="5.392130"><ele>943.9</ele></trkpt>
    <trkpt lat="44.236445" lon="5.392143"><ele>944.1</ele></trkpt>
    <trkpt lat="44.236337" lon="5.392235"><ele>945.7</ele></trkpt>
    <trkpt lat="44.236308" lon="5.392261"><ele>946.4</ele></trkpt>
    <trkpt lat="44.236224" lon="5.392341"><ele>948.0</ele></trkpt>
    <trkpt lat="44.235950" lon="5.392575"><ele>953.1</ele></trkpt>
    <trkpt lat="44.235892" lon="5.392646"><ele>954.4</ele></trkpt>
    <trkpt lat="44.235846" lon="5.392760"><ele>955.8</ele></trkpt>
    <trkpt lat="44.235759" lon="5.392916"><ele>957.4</ele></trkpt>
    <trkpt lat="44.235535" lon="5.393150"><ele>957.0</ele></trkpt>
    <trkpt lat="44.235500" lon="5.393179"><ele>956.4</ele></trkpt>
    <trkpt lat="44.235335" lon="5.393272"><ele>954.5</ele></trkpt>
    <trkpt lat="44.235277" lon="5.393291"><ele>954.1</ele></trkpt>
    <trkpt lat="44.235243" lon="5.393300"><ele>954.5</ele></trkpt>
    <trkpt lat="44.235092" lon="5.393434"><ele>953.8</ele></trkpt>
    <trkpt lat="44.234926" lon="5.393582"><ele>953.6</ele></trkpt>
    <trkpt lat="44.234883" lon="5.393695"><ele>952.1</ele></trkpt>
    <trkpt lat="44.234837" lon="5.393771"><ele>951.7</ele></trkpt>
    <trkpt lat="44.234636" lon="5.393910"><ele>954.1</ele></trkpt>
    <trkpt lat="44.234347" lon="5.394061"><ele>958.7</ele></trkpt>
    <trkpt lat="44.234044" lon="5.394409"><ele>958.9</ele></trkpt>
    <trkpt lat="44.233958" lon="5.394522"><ele>958.6</ele></trkpt>
    <trkpt lat="44.233893" lon="5.394634"><ele>957.8</ele></trkpt>
    <trkpt lat="44.233853" lon="5.394734"><ele>956.7</ele></trkpt>
    <trkpt lat="44.233767" lon="5.394872"><ele>956.1</ele></trkpt>
    <trkpt lat="44.233551" lon="5.395039"><ele>957.8</ele></trkpt>
    <trkpt lat="44.233345" lon="5.395350"><ele>957.4</ele></trkpt>
    <trkpt lat="44.233094" lon="5.395547"><ele>960.2</ele></trkpt>
    <trkpt lat="44.232796" lon="5.395807"><ele>962.9</ele></trkpt>
    <trkpt lat="44.232509" lon="5.396096"><ele>964.1</ele></trkpt>
    <trkpt lat="44.232328" lon="5.396262"><ele>965.2</ele></trkpt>
    <trkpt lat="44.232189" lon="5.396347"><ele>966.4</ele></trkpt>
    <trkpt lat="44.232073" lon="5.396386"><ele>967.7</ele></trkpt>
    <trkpt lat="44.231952" lon="5.396445"><ele>969.1</ele></trkpt>
    <trkpt lat="44.231896" lon="5.396484"><ele>969.6</ele></trkpt>
    <trkpt lat="44.231811" lon="5.396547"><ele>970.3</ele></trkpt>
    <trkpt lat="44.231719" lon="5.396682"><ele>969.8</ele></trkpt>
    <trkpt lat="44.231600" lon="5.396836"><ele>970.2</ele></trkpt>
    <trkpt lat="44.231428" lon="5.396979"><ele>972.5</ele></trkpt>
    <trkpt lat="44.231055" lon="5.397196"><ele>976.4</ele></trkpt>
    <trkpt lat="44.230770" lon="5.397364"><ele>978.4</ele></trkpt>
    <trkpt lat="44.230612" lon="5.397490"><ele>978.4</ele></trkpt>
    <trkpt lat="44.230508" lon="5.397576"><ele>978.0</ele></trkpt>
    <trkpt lat="44.230288" lon="5.397713"><ele>978.3</ele></trkpt>
    <trkpt lat="44.230063" lon="5.397815"><ele>979.3</ele></trkpt>
    <trkpt lat="44.229821" lon="5.397969"><ele>979.6</ele></trkpt>
    <trkpt lat="44.229775" lon="5.398031"><ele>978.8</ele></trkpt>
    <trkpt lat="44.229718" lon="5.398133"><ele>977.2</ele></trkpt>
    <trkpt lat="44.229682" lon="5.398215"><ele>976.0</ele></trkpt>
    <trkpt lat="44.229547" lon="5.398357"><ele>975.9</ele></trkpt>
    <trkpt lat="44.229440" lon="5.398420"><ele>977.3</ele></trkpt>
    <trkpt lat="44.229004" lon="5.398672"><ele>983.2</ele></trkpt>
    <trkpt lat="44.228799" lon="5.398786"><ele>986.0</ele></trkpt>
    <trkpt lat="44.228636" lon="5.398841"><ele>988.7</ele></trkpt>
    <trkpt lat="44.228358" lon="5.398896"><ele>994.2</ele></trkpt>
    <trkpt lat="44.228170" lon="5.398928"><ele>996.8</ele></trkpt>
    <trkpt lat="44.228136" lon="5.398946"><ele>996.9</ele></trkpt>
    <trkpt lat="44.228118" lon="5.398997"><ele>995.8</ele></trkpt>
    <trkpt lat="44.228100" lon="5.399067"><ele>994.1</ele></trkpt>
    <trkpt lat="44.228057" lon="5.399099"><ele>993.9</ele></trkpt>
    <trkpt lat="44.227871" lon="5.399208"><ele>992.9</ele></trkpt>
    <trkpt lat="44.227796" lon="5.399212"><ele>993.7</ele></trkpt>
    <trkpt lat="44.227763" lon="5.399182"><ele>994.8</ele></trkpt>
    <trkpt lat="44.227570" lon="5.398924"><ele>998.3</ele></trkpt>
    <trkpt lat="44.227546" lon="5.398856"><ele>998.2</ele></trkpt>
    <trkpt lat="44.227499" lon="5.398716"><ele>996.8</ele></trkpt>
    <trkpt lat="44.227370" lon="5.398457"><ele>995.5</ele></trkpt>
    <trkpt lat="44.227123" lon="5.398016"><ele>991.1</ele></trkpt>
    <trkpt lat="44.227049" lon="5.397902"><ele>989.6</ele></trkpt>
    <trkpt lat="44.226961" lon="5.397769"><ele>986.3</ele></trkpt>
    <trkpt lat="44.226880" lon="5.397697"><ele>986.4</ele></trkpt>
    <trkpt lat="44.226736" lon="5.397528"><ele>984.4</ele></trkpt>
    <trkpt lat="44.226549" lon="5.397309"><ele>982.4</ele></trkpt>
    <trkpt lat="44.226417" lon="5.397167"><ele>979.8</ele></trkpt>
    <trkpt lat="44.226370" lon="5.397148"><ele>979.1</ele></trkpt>
    <trkpt lat="44.226330" lon="5.397163"><ele>978.8</ele></trkpt>
    <trkpt lat="44.226271" lon="5.397168"><ele>978.4</ele></trkpt>
    <trkpt lat="44.226205" lon="5.397140"><ele>977.7</ele></trkpt>
    <trkpt lat="44.226145" lon="5.397103"><ele>976.7</ele></trkpt>
    <trkpt lat="44.225792" lon="5.396761"><ele>971.6</ele></trkpt>
    <trkpt lat="44.225411" lon="5.396300"><ele>964.7</ele></trkpt>
    <trkpt lat="44.225214" lon="5.396052"><ele>959.5</ele></trkpt>
    <trkpt lat="44.225175" lon="5.396000"><ele>959.0</ele></trkpt>
    <trkpt lat="44.224979" lon="5.395860"><ele>953.9</ele></trkpt>
    <trkpt lat="44.224847" lon="5.395798"><ele>951.7</ele></trkpt>
    <trkpt lat="44.224705" lon="5.395754"><ele>949.4</ele></trkpt>
    <trkpt lat="44.224654" lon="5.395761"><ele>948.9</ele></trkpt>
    <trkpt lat="44.224589" lon="5.395734"><ele>948.2</ele></trkpt>
    <trkpt lat="44.224333" lon="5.395626"><ele>943.8</ele></trkpt>
    <trkpt lat="44.223998" lon="5.395467"><ele>937.6</ele></trkpt>
    <trkpt lat="44.223900" lon="5.395332"><ele>935.5</ele></trkpt>
    <trkpt lat="44.223881" lon="5.395294"><ele>934.9</ele></trkpt>
    <trkpt lat="44.223753" lon="5.395212"><ele>933.4</ele></trkpt>
    <trkpt lat="44.223618" lon="5.395179"><ele>930.9</ele></trkpt>
    <trkpt lat="44.223538" lon="5.395175"><ele>929.4</ele></trkpt>
    <trkpt lat="44.223396" lon="5.395217"><ele>926.1</ele></trkpt>
    <trkpt lat="44.223181" lon="5.395279"><ele>921.3</ele></trkpt>
    <trkpt lat="44.223088" lon="5.395303"><ele>920.1</ele></trkpt>
    <trkpt lat="44.223035" lon="5.395304"><ele>919.3</ele></trkpt>
    <trkpt lat="44.222837" lon="5.395300"><ele>916.3</ele></trkpt>
    <trkpt lat="44.222704" lon="5.395291"><ele>913.9</ele></trkpt>
    <trkpt lat="44.222508" lon="5.395248"><ele>910.5</ele></trkpt>
    <trkpt lat="44.222369" lon="5.395206"><ele>909.0</ele></trkpt>
    <trkpt lat="44.222199" lon="5.395130"><ele>906.6</ele></trkpt>
    <trkpt lat="44.222104" lon="5.395055"><ele>905.0</ele></trkpt>
    <trkpt lat="44.221953" lon="5.394995"><ele>902.2</ele></trkpt>
    <trkpt lat="44.221769" lon="5.394927"><ele>900.2</ele></trkpt>
    <trkpt lat="44.221605" lon="5.394871"><ele>898.5</ele></trkpt>
    <trkpt lat="44.221424" lon="5.394791"><ele>896.9</ele></trkpt>
    <trkpt lat="44.221294" lon="5.394713"><ele>895.0</ele></trkpt>
    <trkpt lat="44.221049" lon="5.394534"><ele>891.5</ele></trkpt>
    <trkpt lat="44.220875" lon="5.394403"><ele>887.8</ele></trkpt>
    <trkpt lat="44.220641" lon="5.394222"><ele>883.8</ele></trkpt>
    <trkpt lat="44.220363" lon="5.393998"><ele>879.9</ele></trkpt>
    <trkpt lat="44.220076" lon="5.393796"><ele>876.5</ele></trkpt>
    <trkpt lat="44.219921" lon="5.393683"><ele>874.8</ele></trkpt>
    <trkpt lat="44.219801" lon="5.393568"><ele>873.7</ele></trkpt>
    <trkpt lat="44.219592" lon="5.393430"><ele>871.6</ele></trkpt>
    <trkpt lat="44.219518" lon="5.393385"><ele>870.5</ele></trkpt>
    <trkpt lat="44.219449" lon="5.393345"><ele>869.2</ele></trkpt>
    <trkpt lat="44.219407" lon="5.393322"><ele>868.7</ele></trkpt>
    <trkpt lat="44.219308" lon="5.393276"><ele>867.6</ele></trkpt>
    <trkpt lat="44.219172" lon="5.393236"><ele>865.7</ele></trkpt>
    <trkpt lat="44.218725" lon="5.393114"><ele>856.7</ele></trkpt>
    <trkpt lat="44.218622" lon="5.393080"><ele>854.6</ele></trkpt>
    <trkpt lat="44.218526" lon="5.393047"><ele>852.7</ele></trkpt>
    <trkpt lat="44.218467" lon="5.393002"><ele>851.5</ele></trkpt>
    <trkpt lat="44.218347" lon="5.392994"><ele>849.8</ele></trkpt>
    <trkpt lat="44.218264" lon="5.393026"><ele>849.0</ele></trkpt>
    <trkpt lat="44.218237" lon="5.393052"><ele>848.9</ele></trkpt>
    <trkpt lat="44.218186" lon="5.393071"><ele>848.7</ele></trkpt>
    <trkpt lat="44.218123" lon="5.393093"><ele>848.5</ele></trkpt>
    <trkpt lat="44.218047" lon="5.393094"><ele>847.8</ele></trkpt>
    <trkpt lat="44.217891" lon="5.393081"><ele>846.4</ele></trkpt>
    <trkpt lat="44.217798" lon="5.393074"><ele>845.5</ele></trkpt>
    <trkpt lat="44.217549" lon="5.392996"><ele>843.4</ele></trkpt>
    <trkpt lat="44.217055" lon="5.392899"><ele>839.6</ele></trkpt>
    <trkpt lat="44.216628" lon="5.392883"><ele>839.5</ele></trkpt>
    <trkpt lat="44.216409" lon="5.392855"><ele>838.9</ele></trkpt>
    <trkpt lat="44.216200" lon="5.392845"><ele>837.4</ele></trkpt>
    <trkpt lat="44.216037" lon="5.392886"><ele>836.5</ele></trkpt>
    <trkpt lat="44.215989" lon="5.392932"><ele>836.5</ele></trkpt>
    <trkpt lat="44.215980" lon="5.392942"><ele>836.6</ele></trkpt>
    <trkpt lat="44.215559" lon="5.393226"><ele>833.3</ele></trkpt>
    <trkpt lat="44.215506" lon="5.393321"><ele>833.0</ele></trkpt>
    <trkpt lat="44.215400" lon="5.393596"><ele>832.1</ele></trkpt>
    <trkpt lat="44.215364" lon="5.393739"><ele>831.6</ele></trkpt>
    <trkpt lat="44.215311" lon="5.394045"><ele>830.7</ele></trkpt>
    <trkpt lat="44.215291" lon="5.394209"><ele>830.3</ele></trkpt>
    <trkpt lat="44.215286" lon="5.394366"><ele>830.2</ele></trkpt>
    <trkpt lat="44.215247" lon="5.394503"><ele>829.7</ele></trkpt>
    <trkpt lat="44.215139" lon="5.394797"><ele>828.5</ele></trkpt>
    <trkpt lat="44.215086" lon="5.394968"><ele>827.5</ele></trkpt>
    <trkpt lat="44.214999" lon="5.395314"><ele>827.0</ele></trkpt>
    <trkpt lat="44.214923" lon="5.395673"><ele>826.3</ele></trkpt>
    <trkpt lat="44.214893" lon="5.395849"><ele>826.5</ele></trkpt>
    <trkpt lat="44.214866" lon="5.396040"><ele>826.5</ele></trkpt>
    <trkpt lat="44.214840" lon="5.396232"><ele>826.1</ele></trkpt>
    <trkpt lat="44.214799" lon="5.396583"><ele>825.4</ele></trkpt>
    <trkpt lat="44.214798" lon="5.396681"><ele>825.3</ele></trkpt>
    <trkpt lat="44.214805" lon="5.396798"><ele>824.8</ele></trkpt>
    <trkpt lat="44.214816" lon="5.396950"><ele>824.3</ele></trkpt>
    <trkpt lat="44.214884" lon="5.397204"><ele>824.0</ele></trkpt>
    <trkpt lat="44.215009" lon="5.397444"><ele>825.2</ele></trkpt>
    <trkpt lat="44.215110" lon="5.397645"><ele>827.6</ele></trkpt>
    <trkpt lat="44.215138" lon="5.397766"><ele>827.6</ele></trkpt>
    <trkpt lat="44.215141" lon="5.397860"><ele>827.6</ele></trkpt>
    <trkpt lat="44.215123" lon="5.397918"><ele>826.7</ele></trkpt>
    <trkpt lat="44.215027" lon="5.397975"><ele>822.4</ele></trkpt>
    <trkpt lat="44.214908" lon="5.397980"><ele>819.7</ele></trkpt>
    <trkpt lat="44.214823" lon="5.397957"><ele>817.9</ele></trkpt>
    <trkpt lat="44.214686" lon="5.397960"><ele>815.4</ele></trkpt>
    <trkpt lat="44.214534" lon="5.397997"><ele>812.7</ele></trkpt>
    <trkpt lat="44.214369" lon="5.398082"><ele>810.9</ele></trkpt>
    <trkpt lat="44.214178" lon="5.398201"><ele>809.5</ele></trkpt>
    <trkpt lat="44.213785" lon="5.398459"><ele>806.3</ele></trkpt>
    <trkpt lat="44.213399" lon="5.398722"><ele>802.0</ele></trkpt>
    <trkpt lat="44.213218" lon="5.398878"><ele>801.2</ele></trkpt>
    <trkpt lat="44.213112" lon="5.398989"><ele>800.9</ele></trkpt>
    <trkpt lat="44.213021" lon="5.399074"><ele>801.0</ele></trkpt>
    <trkpt lat="44.212931" lon="5.399113"><ele>801.4</ele></trkpt>
    <trkpt lat="44.212893" lon="5.399124"><ele>801.5</ele></trkpt>
    <trkpt lat="44.212805" lon="5.399126"><ele>801.6</ele></trkpt>
    <trkpt lat="44.212682" lon="5.399136"><ele>801.1</ele></trkpt>
    <trkpt lat="44.212601" lon="5.399179"><ele>800.8</ele></trkpt>
    <trkpt lat="44.212508" lon="5.399268"><ele>800.8</ele></trkpt>
    <trkpt lat="44.212406" lon="5.399412"><ele>800.1</ele></trkpt>
    <trkpt lat="44.212267" lon="5.399678"><ele>799.5</ele></trkpt>
    <trkpt lat="44.212122" lon="5.400050"><ele>799.2</ele></trkpt>
    <trkpt lat="44.211989" lon="5.400340"><ele>798.4</ele></trkpt>
    <trkpt lat="44.211924" lon="5.400553"><ele>798.3</ele></trkpt>
    <trkpt lat="44.211901" lon="5.400703"><ele>797.4</ele></trkpt>
    <trkpt lat="44.211893" lon="5.400829"><ele>797.0</ele></trkpt>
    <trkpt lat="44.211927" lon="5.401177"><ele>796.9</ele></trkpt>
    <trkpt lat="44.211954" lon="5.401406"><ele>797.4</ele></trkpt>
    <trkpt lat="44.211947" lon="5.401691"><ele>797.3</ele></trkpt>
    <trkpt lat="44.211898" lon="5.401959"><ele>796.6</ele></trkpt>
    <trkpt lat="44.211831" lon="5.402176"><ele>794.0</ele></trkpt>
    <trkpt lat="44.211798" lon="5.402271"><ele>792.5</ele></trkpt>
    <trkpt lat="44.211799" lon="5.402366"><ele>792.2</ele></trkpt>
    <trkpt lat="44.211800" lon="5.402401"><ele>792.1</ele></trkpt>
    <trkpt lat="44.211810" lon="5.402447"><ele>792.4</ele></trkpt>
    <trkpt lat="44.211953" lon="5.402642"><ele>795.3</ele></trkpt>
    <trkpt lat="44.211986" lon="5.402689"><ele>795.9</ele></trkpt>
    <trkpt lat="44.212004" lon="5.402736"><ele>796.0</ele></trkpt>
    <trkpt lat="44.212008" lon="5.402828"><ele>795.9</ele></trkpt>
    <trkpt lat="44.212007" lon="5.402875"><ele>796.2</ele></trkpt>
    <trkpt lat="44.211994" lon="5.402920"><ele>796.1</ele></trkpt>
    <trkpt lat="44.211972" lon="5.402970"><ele>795.9</ele></trkpt>
    <trkpt lat="44.211947" lon="5.402984"><ele>795.3</ele></trkpt>
    <trkpt lat="44.211920" lon="5.402982"><ele>795.3</ele></trkpt>
    <trkpt lat="44.211894" lon="5.402973"><ele>795.3</ele></trkpt>
    <trkpt lat="44.211865" lon="5.402933"><ele>794.7</ele></trkpt>
    <trkpt lat="44.211829" lon="5.402885"><ele>793.6</ele></trkpt>
    <trkpt lat="44.211784" lon="5.402849"><ele>792.5</ele></trkpt>
    <trkpt lat="44.211711" lon="5.402832"><ele>791.4</ele></trkpt>
    <trkpt lat="44.211591" lon="5.402816"><ele>791.4</ele></trkpt>
    <trkpt lat="44.211474" lon="5.402777"><ele>791.8</ele></trkpt>
    <trkpt lat="44.211402" lon="5.402725"><ele>791.5</ele></trkpt>
    <trkpt lat="44.211343" lon="5.402648"><ele>790.4</ele></trkpt>
    <trkpt lat="44.211289" lon="5.402494"><ele>788.0</ele></trkpt>
    <trkpt lat="44.211223" lon="5.402269"><ele>785.1</ele></trkpt>
    <trkpt lat="44.211178" lon="5.402118"><ele>782.8</ele></trkpt>
    <trkpt lat="44.211129" lon="5.402040"><ele>782.0</ele></trkpt>
    <trkpt lat="44.211060" lon="5.401995"><ele>781.7</ele></trkpt>
    <trkpt lat="44.210951" lon="5.401974"><ele>782.2</ele></trkpt>
    <trkpt lat="44.210889" lon="5.401981"><ele>782.9</ele></trkpt>
    <trkpt lat="44.210799" lon="5.402046"><ele>783.7</ele></trkpt>
    <trkpt lat="44.210731" lon="5.402126"><ele>783.6</ele></trkpt>
    <trkpt lat="44.210690" lon="5.402187"><ele>783.6</ele></trkpt>
    <trkpt lat="44.210645" lon="5.402390"><ele>783.9</ele></trkpt>
    <trkpt lat="44.210610" lon="5.402739"><ele>783.5</ele></trkpt>
    <trkpt lat="44.210595" lon="5.403024"><ele>784.0</ele></trkpt>
    <trkpt lat="44.210571" lon="5.403147"><ele>783.8</ele></trkpt>
    <trkpt lat="44.210547" lon="5.403254"><ele>783.6</ele></trkpt>
    <trkpt lat="44.210523" lon="5.403334"><ele>783.8</ele></trkpt>
    <trkpt lat="44.210486" lon="5.403413"><ele>783.8</ele></trkpt>
    <trkpt lat="44.210455" lon="5.403426"><ele>783.6</ele></trkpt>
    <trkpt lat="44.210429" lon="5.403425"><ele>783.4</ele></trkpt>
    <trkpt lat="44.210405" lon="5.403407"><ele>783.2</ele></trkpt>
    <trkpt lat="44.210378" lon="5.403359"><ele>782.8</ele></trkpt>
    <trkpt lat="44.210362" lon="5.403290"><ele>782.2</ele></trkpt>
    <trkpt lat="44.210356" lon="5.403128"><ele>780.8</ele></trkpt>
    <trkpt lat="44.210353" lon="5.403066"><ele>780.2</ele></trkpt>
    <trkpt lat="44.210338" lon="5.403013"><ele>779.2</ele></trkpt>
    <trkpt lat="44.210310" lon="5.402958"><ele>777.9</ele></trkpt>
    <trkpt lat="44.210220" lon="5.402892"><ele>776.6</ele></trkpt>
    <trkpt lat="44.210168" lon="5.402858"><ele>776.5</ele></trkpt>
    <trkpt lat="44.210093" lon="5.402854"><ele>777.2</ele></trkpt>
    <trkpt lat="44.210060" lon="5.402867"><ele>777.7</ele></trkpt>
    <trkpt lat="44.209875" lon="5.403214"><ele>779.8</ele></trkpt>
    <trkpt lat="44.209588" lon="5.403714"><ele>778.7</ele></trkpt>
    <trkpt lat="44.209305" lon="5.404077"><ele>775.3</ele></trkpt>
    <trkpt lat="44.209166" lon="5.404268"><ele>773.7</ele></trkpt>
    <trkpt lat="44.209119" lon="5.404361"><ele>773.3</ele></trkpt>
    <trkpt lat="44.209087" lon="5.404518"><ele>773.9</ele></trkpt>
    <trkpt lat="44.209078" lon="5.404566"><ele>774.1</ele></trkpt>
    <trkpt lat="44.209069" lon="5.404614"><ele>774.3</ele></trkpt>
    <trkpt lat="44.209042" lon="5.404658"><ele>774.2</ele></trkpt>
    <trkpt lat="44.208994" lon="5.404679"><ele>773.5</ele></trkpt>
    <trkpt lat="44.208893" lon="5.404667"><ele>771.5</ele></trkpt>
    <trkpt lat="44.208785" lon="5.404634"><ele>769.3</ele></trkpt>
    <trkpt lat="44.208738" lon="5.404638"><ele>768.5</ele></trkpt>
    <trkpt lat="44.208698" lon="5.404688"><ele>768.3</ele></trkpt>
    <trkpt lat="44.208669" lon="5.404762"><ele>768.3</ele></trkpt>
    <trkpt lat="44.208632" lon="5.404960"><ele>768.4</ele></trkpt>
    <trkpt lat="44.208607" lon="5.405066"><ele>768.6</ele></trkpt>
    <trkpt lat="44.208326" lon="5.405527"><ele>766.2</ele></trkpt>
    <trkpt lat="44.208197" lon="5.405726"><ele>764.5</ele></trkpt>
    <trkpt lat="44.208081" lon="5.405852"><ele>762.9</ele></trkpt>
    <trkpt lat="44.207962" lon="5.405925"><ele>759.5</ele></trkpt>
    <trkpt lat="44.207939" lon="5.405946"><ele>758.9</ele></trkpt>
    <trkpt lat="44.207921" lon="5.406051"><ele>758.8</ele></trkpt>
    <trkpt lat="44.207930" lon="5.406157"><ele>759.0</ele></trkpt>
    <trkpt lat="44.208017" lon="5.406310"><ele>760.5</ele></trkpt>
    <trkpt lat="44.208172" lon="5.406518"><ele>761.3</ele></trkpt>
    <trkpt lat="44.208325" lon="5.406677"><ele>762.6</ele></trkpt>
    <trkpt lat="44.208431" lon="5.406781"><ele>764.2</ele></trkpt>
    <trkpt lat="44.208483" lon="5.406847"><ele>764.6</ele></trkpt>
    <trkpt lat="44.208500" lon="5.406884"><ele>764.3</ele></trkpt>
    <trkpt lat="44.208513" lon="5.406922"><ele>764.0</ele></trkpt>
    <trkpt lat="44.208512" lon="5.406980"><ele>764.1</ele></trkpt>
    <trkpt lat="44.208497" lon="5.407030"><ele>764.6</ele></trkpt>
    <trkpt lat="44.208478" lon="5.407051"><ele>764.5</ele></trkpt>
    <trkpt lat="44.208433" lon="5.407061"><ele>763.8</ele></trkpt>
    <trkpt lat="44.208272" lon="5.407015"><ele>759.9</ele></trkpt>
    <trkpt lat="44.208198" lon="5.406988"><ele>758.3</ele></trkpt>
    <trkpt lat="44.208113" lon="5.406992"><ele>757.3</ele></trkpt>
    <trkpt lat="44.208024" lon="5.407049"><ele>756.4</ele></trkpt>
    <trkpt lat="44.207966" lon="5.407110"><ele>755.7</ele></trkpt>
    <trkpt lat="44.207912" lon="5.407250"><ele>755.6</ele></trkpt>
    <trkpt lat="44.207852" lon="5.407431"><ele>755.4</ele></trkpt>
    <trkpt lat="44.207806" lon="5.407592"><ele>755.4</ele></trkpt>
    <trkpt lat="44.207762" lon="5.407665"><ele>754.9</ele></trkpt>
    <trkpt lat="44.207728" lon="5.407710"><ele>754.8</ele></trkpt>
    <trkpt lat="44.207652" lon="5.407739"><ele>754.2</ele></trkpt>
    <trkpt lat="44.207591" lon="5.407749"><ele>753.6</ele></trkpt>
    <trkpt lat="44.207467" lon="5.407694"><ele>751.3</ele></trkpt>
    <trkpt lat="44.207363" lon="5.407652"><ele>750.2</ele></trkpt>
    <trkpt lat="44.207260" lon="5.407646"><ele>749.7</ele></trkpt>
    <trkpt lat="44.207173" lon="5.407650"><ele>749.7</ele></trkpt>
    <trkpt lat="44.207137" lon="5.407652"><ele>749.8</ele></trkpt>
    <trkpt lat="44.207049" lon="5.407641"><ele>749.8</ele></trkpt>
    <trkpt lat="44.206994" lon="5.407502"><ele>748.8</ele></trkpt>
    <trkpt lat="44.206942" lon="5.407332"><ele>747.8</ele></trkpt>
    <trkpt lat="44.206894" lon="5.407173"><ele>747.2</ele></trkpt>
    <trkpt lat="44.206841" lon="5.407094"><ele>747.3</ele></trkpt>
    <trkpt lat="44.206702" lon="5.406935"><ele>747.6</ele></trkpt>
    <trkpt lat="44.206583" lon="5.406843"><ele>746.7</ele></trkpt>
    <trkpt lat="44.206522" lon="5.406820"><ele>746.4</ele></trkpt>
    <trkpt lat="44.206466" lon="5.406822"><ele>746.3</ele></trkpt>
    <trkpt lat="44.206423" lon="5.406881"><ele>746.6</ele></trkpt>
    <trkpt lat="44.206365" lon="5.407010"><ele>747.0</ele></trkpt>
    <trkpt lat="44.206293" lon="5.407205"><ele>747.5</ele></trkpt>
    <trkpt lat="44.206120" lon="5.407464"><ele>746.9</ele></trkpt>
    <trkpt lat="44.206044" lon="5.407523"><ele>746.7</ele></trkpt>
    <trkpt lat="44.205978" lon="5.407550"><ele>746.4</ele></trkpt>
    <trkpt lat="44.205890" lon="5.407556"><ele>745.7</ele></trkpt>
    <trkpt lat="44.205814" lon="5.407548"><ele>745.0</ele></trkpt>
    <trkpt lat="44.205712" lon="5.407562"><ele>744.3</ele></trkpt>
    <trkpt lat="44.205655" lon="5.407605"><ele>744.1</ele></trkpt>
    <trkpt lat="44.205551" lon="5.407714"><ele>743.7</ele></trkpt>
    <trkpt lat="44.205411" lon="5.407847"><ele>741.8</ele></trkpt>
    <trkpt lat="44.205351" lon="5.407887"><ele>741.1</ele></trkpt>
    <trkpt lat="44.205369" lon="5.407677"><ele>740.5</ele></trkpt>
    <trkpt lat="44.205413" lon="5.407337"><ele>737.8</ele></trkpt>
    <trkpt lat="44.205472" lon="5.407114"><ele>736.7</ele></trkpt>
    <trkpt lat="44.205560" lon="5.406768"><ele>735.1</ele></trkpt>
    <trkpt lat="44.205570" lon="5.406695"><ele>734.3</ele></trkpt>
    <trkpt lat="44.205608" lon="5.406631"><ele>733.5</ele></trkpt>
    <trkpt lat="44.205630" lon="5.406597"><ele>733.0</ele></trkpt>
    <trkpt lat="44.205656" lon="5.406591"><ele>732.9</ele></trkpt>
    <trkpt lat="44.205684" lon="5.406594"><ele>733.0</ele></trkpt>
    <trkpt lat="44.205724" lon="5.406640"><ele>733.6</ele></trkpt>
    <trkpt lat="44.205754" lon="5.406676"><ele>734.1</ele></trkpt>
    <trkpt lat="44.205798" lon="5.406734"><ele>734.9</ele></trkpt>
    <trkpt lat="44.205831" lon="5.406742"><ele>735.1</ele></trkpt>
    <trkpt lat="44.205869" lon="5.406732"><ele>735.4</ele></trkpt>
    <trkpt lat="44.205908" lon="5.406639"><ele>734.7</ele></trkpt>
    <trkpt lat="44.205950" lon="5.406478"><ele>733.5</ele></trkpt>
    <trkpt lat="44.205972" lon="5.406086"><ele>730.2</ele></trkpt>
    <trkpt lat="44.205995" lon="5.405868"><ele>728.4</ele></trkpt>
    <trkpt lat="44.206113" lon="5.405528"><ele>726.6</ele></trkpt>
    <trkpt lat="44.206196" lon="5.405292"><ele>724.4</ele></trkpt>
    <trkpt lat="44.206317" lon="5.405063"><ele>721.8</ele></trkpt>
    <trkpt lat="44.206388" lon="5.404900"><ele>720.2</ele></trkpt>
    <trkpt lat="44.206447" lon="5.404695"><ele>718.5</ele></trkpt>
    <trkpt lat="44.206469" lon="5.404482"><ele>716.4</ele></trkpt>
    <trkpt lat="44.206483" lon="5.404260"><ele>715.1</ele></trkpt>
    <trkpt lat="44.206480" lon="5.403908"><ele>712.7</ele></trkpt>
    <trkpt lat="44.206483" lon="5.403635"><ele>710.9</ele></trkpt>
    <trkpt lat="44.206490" lon="5.403390"><ele>708.4</ele></trkpt>
    <trkpt lat="44.206502" lon="5.403101"><ele>706.5</ele></trkpt>
    <trkpt lat="44.206516" lon="5.402905"><ele>705.8</ele></trkpt>
    <trkpt lat="44.206519" lon="5.402857"><ele>705.6</ele></trkpt>
    <trkpt lat="44.206538" lon="5.402597"><ele>703.7</ele></trkpt>
    <trkpt lat="44.206544" lon="5.402259"><ele>700.1</ele></trkpt>
    <trkpt lat="44.206539" lon="5.401971"><ele>697.8</ele></trkpt>
    <trkpt lat="44.206518" lon="5.401471"><ele>697.0</ele></trkpt>
    <trkpt lat="44.206501" lon="5.400965"><ele>695.9</ele></trkpt>
    <trkpt lat="44.206522" lon="5.400773"><ele>695.3</ele></trkpt>
    <trkpt lat="44.206555" lon="5.400329"><ele>692.9</ele></trkpt>
    <trkpt lat="44.206580" lon="5.399923"><ele>689.4</ele></trkpt>
    <trkpt lat="44.206596" lon="5.399353"><ele>685.4</ele></trkpt>
    <trkpt lat="44.206594" lon="5.399162"><ele>684.7</ele></trkpt>
    <trkpt lat="44.206513" lon="5.398518"><ele>682.7</ele></trkpt>
    <trkpt lat="44.206469" lon="5.398265"><ele>680.9</ele></trkpt>
    <trkpt lat="44.206438" lon="5.398141"><ele>680.0</ele></trkpt>
    <trkpt lat="44.206365" lon="5.397846"><ele>677.7</ele></trkpt>
    <trkpt lat="44.206275" lon="5.397533"><ele>675.2</ele></trkpt>
    <trkpt lat="44.206029" lon="5.396861"><ele>670.4</ele></trkpt>
    <trkpt lat="44.205944" lon="5.396680"><ele>668.8</ele></trkpt>
    <trkpt lat="44.205853" lon="5.396475"><ele>665.9</ele></trkpt>
    <trkpt lat="44.205807" lon="5.396332"><ele>664.4</ele></trkpt>
    <trkpt lat="44.205734" lon="5.395852"><ele>661.6</ele></trkpt>
    <trkpt lat="44.205723" lon="5.395776"><ele>661.0</ele></trkpt>
    <trkpt lat="44.205666" lon="5.395478"><ele>659.2</ele></trkpt>
    <trkpt lat="44.205654" lon="5.395419"><ele>659.0</ele></trkpt>
    <trkpt lat="44.205645" lon="5.395376"><ele>658.9</ele></trkpt>
    <trkpt lat="44.205634" lon="5.395323"><ele>658.7</ele></trkpt>
    <trkpt lat="44.205593" lon="5.395246"><ele>658.3</ele></trkpt>
    <trkpt lat="44.205359" lon="5.394815"><ele>657.5</ele></trkpt>
    <trkpt lat="44.205346" lon="5.394809"><ele>657.4</ele></trkpt>
    <trkpt lat="44.205328" lon="5.394800"><ele>657.3</ele></trkpt>
    <trkpt lat="44.205152" lon="5.394813"><ele>656.1</ele></trkpt>
    <trkpt lat="44.205052" lon="5.394825"><ele>655.4</ele></trkpt>
    <trkpt lat="44.204874" lon="5.394841"><ele>653.9</ele></trkpt>
    <trkpt lat="44.204653" lon="5.394856"><ele>652.0</ele></trkpt>
    <trkpt lat="44.204474" lon="5.394863"><ele>650.7</ele></trkpt>
    <trkpt lat="44.204230" lon="5.394877"><ele>649.3</ele></trkpt>
    <trkpt lat="44.204186" lon="5.394896"><ele>649.1</ele></trkpt>
    <trkpt lat="44.204137" lon="5.394977"><ele>648.9</ele></trkpt>
    <trkpt lat="44.203927" lon="5.395068"><ele>647.9</ele></trkpt>
    <trkpt lat="44.203819" lon="5.395006"><ele>647.7</ele></trkpt>
    <trkpt lat="44.203669" lon="5.394956"><ele>647.2</ele></trkpt>
    <trkpt lat="44.203644" lon="5.394951"><ele>647.1</ele></trkpt>
    <trkpt lat="44.203557" lon="5.394939"><ele>646.8</ele></trkpt>
    <trkpt lat="44.203501" lon="5.394950"><ele>646.6</ele></trkpt>
    <trkpt lat="44.203011" lon="5.395190"><ele>648.5</ele></trkpt>
    <trkpt lat="44.202889" lon="5.395267"><ele>651.2</ele></trkpt>
    <trkpt lat="44.202508" lon="5.395136"><ele>653.8</ele></trkpt>
    <trkpt lat="44.202344" lon="5.395104"><ele>653.9</ele></trkpt>
    <trkpt lat="44.202262" lon="5.395077"><ele>653.5</ele></trkpt>
    <trkpt lat="44.202208" lon="5.395043"><ele>652.7</ele></trkpt>
    <trkpt lat="44.202129" lon="5.394982"><ele>651.6</ele></trkpt>
    <trkpt lat="44.201937" lon="5.394829"><ele>650.3</ele></trkpt>
    <trkpt lat="44.201913" lon="5.394807"><ele>649.9</ele></trkpt>
    <trkpt lat="44.201852" lon="5.394743"><ele>648.7</ele></trkpt>
    <trkpt lat="44.201801" lon="5.394696"><ele>648.1</ele></trkpt>
    <trkpt lat="44.201738" lon="5.394653"><ele>647.7</ele></trkpt>
    <trkpt lat="44.201560" lon="5.394593"><ele>646.9</ele></trkpt>
    <trkpt lat="44.201399" lon="5.394553"><ele>646.2</ele></trkpt>
    <trkpt lat="44.201287" lon="5.394500"><ele>644.7</ele></trkpt>
    <trkpt lat="44.201157" lon="5.394390"><ele>642.9</ele></trkpt>
    <trkpt lat="44.201087" lon="5.394324"><ele>642.0</ele></trkpt>
    <trkpt lat="44.200960" lon="5.394138"><ele>641.0</ele></trkpt>
    <trkpt lat="44.200886" lon="5.394125"><ele>641.1</ele></trkpt>
    <trkpt lat="44.200792" lon="5.394137"><ele>641.1</ele></trkpt>
    <trkpt lat="44.200670" lon="5.394203"><ele>640.7</ele></trkpt>
    <trkpt lat="44.200447" lon="5.394264"><ele>640.6</ele></trkpt>
    <trkpt lat="44.200362" lon="5.394288"><ele>640.8</ele></trkpt>
    <trkpt lat="44.200221" lon="5.394375"><ele>641.6</ele></trkpt>
    <trkpt lat="44.200167" lon="5.394440"><ele>642.3</ele></trkpt>
    <trkpt lat="44.200071" lon="5.394733"><ele>640.3</ele></trkpt>
    <trkpt lat="44.200012" lon="5.394897"><ele>638.7</ele></trkpt>
    <trkpt lat="44.199958" lon="5.395045"><ele>637.8</ele></trkpt>
    <trkpt lat="44.199833" lon="5.395337"><ele>636.7</ele></trkpt>
    <trkpt lat="44.199675" lon="5.395666"><ele>633.8</ele></trkpt>
    <trkpt lat="44.199469" lon="5.396009"><ele>631.8</ele></trkpt>
    <trkpt lat="44.199247" lon="5.396356"><ele>629.6</ele></trkpt>
    <trkpt lat="44.199030" lon="5.396662"><ele>627.6</ele></trkpt>
    <trkpt lat="44.198867" lon="5.396955"><ele>624.3</ele></trkpt>
    <trkpt lat="44.198609" lon="5.397330"><ele>622.2</ele></trkpt>
    <trkpt lat="44.198399" lon="5.397552"><ele>619.4</ele></trkpt>
    <trkpt lat="44.198278" lon="5.397657"><ele>617.0</ele></trkpt>
    <trkpt lat="44.198175" lon="5.397694"><ele>615.9</ele></trkpt>
    <trkpt lat="44.197979" lon="5.397719"><ele>614.9</ele></trkpt>
    <trkpt lat="44.197881" lon="5.397730"><ele>614.0</ele></trkpt>
    <trkpt lat="44.197749" lon="5.397779"><ele>612.1</ele></trkpt>
    <trkpt lat="44.197534" lon="5.397917"><ele>607.9</ele></trkpt>
    <trkpt lat="44.197245" lon="5.398061"><ele>603.7</ele></trkpt>
    <trkpt lat="44.197070" lon="5.398117"><ele>601.5</ele></trkpt>
    <trkpt lat="44.196927" lon="5.398158"><ele>599.4</ele></trkpt>
    <trkpt lat="44.196768" lon="5.398197"><ele>595.9</ele></trkpt>
    <trkpt lat="44.196646" lon="5.398226"><ele>593.3</ele></trkpt>
    <trkpt lat="44.196519" lon="5.398214"><ele>590.9</ele></trkpt>
    <trkpt lat="44.196451" lon="5.398196"><ele>589.5</ele></trkpt>
    <trkpt lat="44.196370" lon="5.398125"><ele>588.0</ele></trkpt>
    <trkpt lat="44.196315" lon="5.398015"><ele>588.9</ele></trkpt>
    <trkpt lat="44.196296" lon="5.397963"><ele>589.2</ele></trkpt>
    <trkpt lat="44.196288" lon="5.397840"><ele>589.3</ele></trkpt>
    <trkpt lat="44.196282" lon="5.397758"><ele>589.2</ele></trkpt>
    <trkpt lat="44.196273" lon="5.397670"><ele>589.3</ele></trkpt>
    <trkpt lat="44.196230" lon="5.397581"><ele>586.8</ele></trkpt>
    <trkpt lat="44.196157" lon="5.397465"><ele>582.1</ele></trkpt>
    <trkpt lat="44.196062" lon="5.397374"><ele>580.6</ele></trkpt>
    <trkpt lat="44.195953" lon="5.397259"><ele>578.1</ele></trkpt>
    <trkpt lat="44.195877" lon="5.397164"><ele>575.2</ele></trkpt>
    <trkpt lat="44.195798" lon="5.397052"><ele>574.5</ele></trkpt>
    <trkpt lat="44.195726" lon="5.396820"><ele>574.9</ele></trkpt>
    <trkpt lat="44.195675" lon="5.396631"><ele>575.6</ele></trkpt>
    <trkpt lat="44.195595" lon="5.396523"><ele>575.1</ele></trkpt>
    <trkpt lat="44.195397" lon="5.396376"><ele>573.0</ele></trkpt>
    <trkpt lat="44.195298" lon="5.396340"><ele>571.2</ele></trkpt>
    <trkpt lat="44.195164" lon="5.396308"><ele>568.7</ele></trkpt>
    <trkpt lat="44.194838" lon="5.396101"><ele>565.5</ele></trkpt>
    <trkpt lat="44.194717" lon="5.395966"><ele>565.0</ele></trkpt>
    <trkpt lat="44.194509" lon="5.395708"><ele>561.9</ele></trkpt>
    <trkpt lat="44.194213" lon="5.395247"><ele>555.9</ele></trkpt>
    <trkpt lat="44.194066" lon="5.394966"><ele>553.4</ele></trkpt>
    <trkpt lat="44.194018" lon="5.394807"><ele>552.0</ele></trkpt>
    <trkpt lat="44.194002" lon="5.394723"><ele>551.7</ele></trkpt>
    <trkpt lat="44.194023" lon="5.394584"><ele>551.4</ele></trkpt>
    <trkpt lat="44.194134" lon="5.394243"><ele>549.9</ele></trkpt>
    <trkpt lat="44.194135" lon="5.394198"><ele>549.2</ele></trkpt>
    <trkpt lat="44.193941" lon="5.393966"><ele>544.8</ele></trkpt>
    <trkpt lat="44.193686" lon="5.393627"><ele>542.3</ele></trkpt>
    <trkpt lat="44.193643" lon="5.393585"><ele>542.2</ele></trkpt>
    <trkpt lat="44.193556" lon="5.393532"><ele>542.0</ele></trkpt>
    <trkpt lat="44.193431" lon="5.393504"><ele>541.5</ele></trkpt>
    <trkpt lat="44.193369" lon="5.393489"><ele>541.2</ele></trkpt>
    <trkpt lat="44.193313" lon="5.393468"><ele>540.9</ele></trkpt>
    <trkpt lat="44.193290" lon="5.393449"><ele>540.8</ele></trkpt>
    <trkpt lat="44.193271" lon="5.393413"><ele>540.6</ele></trkpt>
    <trkpt lat="44.193274" lon="5.393361"><ele>540.6</ele></trkpt>
    <trkpt lat="44.193265" lon="5.393292"><ele>541.1</ele></trkpt>
    <trkpt lat="44.193261" lon="5.393269"><ele>541.3</ele></trkpt>
    <trkpt lat="44.193156" lon="5.392900"><ele>545.7</ele></trkpt>
    <trkpt lat="44.193119" lon="5.392794"><ele>546.9</ele></trkpt>
    <trkpt lat="44.193080" lon="5.392701"><ele>547.8</ele></trkpt>
    <trkpt lat="44.193039" lon="5.392630"><ele>548.4</ele></trkpt>
    <trkpt lat="44.192991" lon="5.392579"><ele>548.5</ele></trkpt>
    <trkpt lat="44.192803" lon="5.392349"><ele>549.7</ele></trkpt>
    <trkpt lat="44.192760" lon="5.392272"><ele>550.7</ele></trkpt>
    <trkpt lat="44.192697" lon="5.392175"><ele>551.9</ele></trkpt>
    <trkpt lat="44.192622" lon="5.392087"><ele>552.7</ele></trkpt>
    <trkpt lat="44.192553" lon="5.392014"><ele>553.3</ele></trkpt>
    <trkpt lat="44.192478" lon="5.391946"><ele>553.6</ele></trkpt>
    <trkpt lat="44.192320" lon="5.391813"><ele>554.1</ele></trkpt>
    <trkpt lat="44.192216" lon="5.391733"><ele>553.7</ele></trkpt>
    <trkpt lat="44.192012" lon="5.391598"><ele>552.5</ele></trkpt>
    <trkpt lat="44.191876" lon="5.391416"><ele>553.3</ele></trkpt>
    <trkpt lat="44.191810" lon="5.391265"><ele>553.5</ele></trkpt>
    <trkpt lat="44.191766" lon="5.391092"><ele>553.7</ele></trkpt>
    <trkpt lat="44.191756" lon="5.390909"><ele>553.1</ele></trkpt>
    <trkpt lat="44.191748" lon="5.390819"><ele>552.8</ele></trkpt>
    <trkpt lat="44.191723" lon="5.390729"><ele>552.3</ele></trkpt>
    <trkpt lat="44.191658" lon="5.390626"><ele>550.9</ele></trkpt>
    <trkpt lat="44.191583" lon="5.390520"><ele>550.1</ele></trkpt>
    <trkpt lat="44.191525" lon="5.390474"><ele>549.7</ele></trkpt>
    <trkpt lat="44.191473" lon="5.390457"><ele>549.2</ele></trkpt>
    <trkpt lat="44.191414" lon="5.390448"><ele>548.5</ele></trkpt>
    <trkpt lat="44.191370" lon="5.390455"><ele>548.0</ele></trkpt>
    <trkpt lat="44.191327" lon="5.390462"><ele>547.6</ele></trkpt>
    <trkpt lat="44.191199" lon="5.390491"><ele>546.5</ele></trkpt>
    <trkpt lat="44.191151" lon="5.390496"><ele>546.1</ele></trkpt>
    <trkpt lat="44.191092" lon="5.390491"><ele>545.8</ele></trkpt>
    <trkpt lat="44.191039" lon="5.390473"><ele>545.5</ele></trkpt>
    <trkpt lat="44.190986" lon="5.390447"><ele>545.3</ele></trkpt>
    <trkpt lat="44.190828" lon="5.390334"><ele>544.5</ele></trkpt>
    <trkpt lat="44.190780" lon="5.390293"><ele>544.3</ele></trkpt>
    <trkpt lat="44.190691" lon="5.390160"><ele>544.1</ele></trkpt>
    <trkpt lat="44.190655" lon="5.390048"><ele>544.2</ele></trkpt>
    <trkpt lat="44.190623" lon="5.389996"><ele>544.0</ele></trkpt>
    <trkpt lat="44.190547" lon="5.389919"><ele>543.6</ele></trkpt>
    <trkpt lat="44.190390" lon="5.389809"><ele>544.2</ele></trkpt>
    <trkpt lat="44.190091" lon="5.389636"><ele>544.7</ele></trkpt>
    <trkpt lat="44.189913" lon="5.389532"><ele>544.1</ele></trkpt>
    <trkpt lat="44.189732" lon="5.389387"><ele>543.1</ele></trkpt>
    <trkpt lat="44.189647" lon="5.389331"><ele>542.3</ele></trkpt>
    <trkpt lat="44.189549" lon="5.389295"><ele>541.5</ele></trkpt>
    <trkpt lat="44.188927" lon="5.389178"><ele>535.4</ele></trkpt>
    <trkpt lat="44.188532" lon="5.389106"><ele>531.9</ele></trkpt>
    <trkpt lat="44.188453" lon="5.389094"><ele>531.5</ele></trkpt>
    <trkpt lat="44.188379" lon="5.389092"><ele>531.2</ele></trkpt>
    <trkpt lat="44.188303" lon="5.389108"><ele>530.9</ele></trkpt>
    <trkpt lat="44.188185" lon="5.389169"><ele>530.5</ele></trkpt>
    <trkpt lat="44.188164" lon="5.389182"><ele>530.3</ele></trkpt>
    <trkpt lat="44.188143" lon="5.389189"><ele>530.2</ele></trkpt>
    <trkpt lat="44.188101" lon="5.389204"><ele>530.0</ele></trkpt>
    <trkpt lat="44.187911" lon="5.389269"><ele>530.0</ele></trkpt>
    <trkpt lat="44.187588" lon="5.389332"><ele>530.1</ele></trkpt>
    <trkpt lat="44.187567" lon="5.389338"><ele>530.1</ele></trkpt>
    <trkpt lat="44.187546" lon="5.389344"><ele>530.0</ele></trkpt>
    <trkpt lat="44.187525" lon="5.389350"><ele>530.0</ele></trkpt>
    <trkpt lat="44.187504" lon="5.389356"><ele>530.0</ele></trkpt>
    <trkpt lat="44.187483" lon="5.389363"><ele>529.9</ele></trkpt>
    <trkpt lat="44.187462" lon="5.389369"><ele>529.8</ele></trkpt>
    <trkpt lat="44.187441" lon="5.389375"><ele>529.7</ele></trkpt>
    <trkpt lat="44.187082" lon="5.389311"><ele>529.0</ele></trkpt>
    <trkpt lat="44.187038" lon="5.389299"><ele>528.7</ele></trkpt>
    <trkpt lat="44.186922" lon="5.389295"><ele>528.0</ele></trkpt>
    <trkpt lat="44.186821" lon="5.389295"><ele>527.4</ele></trkpt>
    <trkpt lat="44.186799" lon="5.389296"><ele>527.3</ele></trkpt>
    <trkpt lat="44.186712" lon="5.389301"><ele>526.8</ele></trkpt>
    <trkpt lat="44.186668" lon="5.389303"><ele>526.5</ele></trkpt>
    <trkpt lat="44.186579" lon="5.389310"><ele>526.0</ele></trkpt>
    <trkpt lat="44.186535" lon="5.389314"><ele>525.7</ele></trkpt>
    <trkpt lat="44.186513" lon="5.389315"><ele>525.6</ele></trkpt>
    <trkpt lat="44.186361" lon="5.389327"><ele>524.7</ele></trkpt>
    <trkpt lat="44.186340" lon="5.389327"><ele>524.7</ele></trkpt>
    <trkpt lat="44.186319" lon="5.389328"><ele>524.6</ele></trkpt>
    <trkpt lat="44.186298" lon="5.389329"><ele>524.5</ele></trkpt>
    <trkpt lat="44.186256" lon="5.389331"><ele>524.3</ele></trkpt>
    <trkpt lat="44.186215" lon="5.389328"><ele>524.2</ele></trkpt>
    <trkpt lat="44.186194" lon="5.389326"><ele>524.2</ele></trkpt>
    <trkpt lat="44.186160" lon="5.389320"><ele>524.1</ele></trkpt>
    <trkpt lat="44.186144" lon="5.389317"><ele>524.0</ele></trkpt>
    <trkpt lat="44.186127" lon="5.389310"><ele>524.0</ele></trkpt>
    <trkpt lat="44.186111" lon="5.389304"><ele>524.0</ele></trkpt>
    <trkpt lat="44.186039" lon="5.389243"><ele>524.2</ele></trkpt>
    <trkpt lat="44.186008" lon="5.389215"><ele>524.3</ele></trkpt>
    <trkpt lat="44.185976" lon="5.389186"><ele>524.4</ele></trkpt>
    <trkpt lat="44.185917" lon="5.389080"><ele>525.5</ele></trkpt>
    <trkpt lat="44.185676" lon="5.388633"><ele>529.3</ele></trkpt>
    <trkpt lat="44.185458" lon="5.388310"><ele>528.7</ele></trkpt>
    <trkpt lat="44.185221" lon="5.387982"><ele>527.1</ele></trkpt>
    <trkpt lat="44.185038" lon="5.387672"><ele>525.6</ele></trkpt>
    <trkpt lat="44.185023" lon="5.387652"><ele>525.3</ele></trkpt>
    <trkpt lat="44.185009" lon="5.387632"><ele>525.0</ele></trkpt>
    <trkpt lat="44.184994" lon="5.387612"><ele>524.9</ele></trkpt>
    <trkpt lat="44.184980" lon="5.387592"><ele>525.0</ele></trkpt>
    <trkpt lat="44.184965" lon="5.387572"><ele>525.1</ele></trkpt>
    <trkpt lat="44.184948" lon="5.387552"><ele>525.2</ele></trkpt>
    <trkpt lat="44.184895" lon="5.387492"><ele>525.3</ele></trkpt>
    <trkpt lat="44.184831" lon="5.387455"><ele>524.9</ele></trkpt>
    <trkpt lat="44.184810" lon="5.387442"><ele>524.8</ele></trkpt>
    <trkpt lat="44.184764" lon="5.387442"><ele>523.9</ele></trkpt>
    <trkpt lat="44.184492" lon="5.387401"><ele>521.3</ele></trkpt>
    <trkpt lat="44.184451" lon="5.387376"><ele>521.3</ele></trkpt>
    <trkpt lat="44.184370" lon="5.387327"><ele>521.2</ele></trkpt>
    <trkpt lat="44.184333" lon="5.387313"><ele>520.9</ele></trkpt>
    <trkpt lat="44.184314" lon="5.387306"><ele>520.7</ele></trkpt>
    <trkpt lat="44.184272" lon="5.387310"><ele>520.1</ele></trkpt>
    <trkpt lat="44.184250" lon="5.387312"><ele>519.8</ele></trkpt>
    <trkpt lat="44.184216" lon="5.387328"><ele>519.2</ele></trkpt>
    <trkpt lat="44.184199" lon="5.387338"><ele>519.0</ele></trkpt>
    <trkpt lat="44.184182" lon="5.387347"><ele>518.7</ele></trkpt>
    <trkpt lat="44.184168" lon="5.387280"><ele>518.8</ele></trkpt>
    <trkpt lat="44.184164" lon="5.387263"><ele>518.8</ele></trkpt>
    <trkpt lat="44.184157" lon="5.387230"><ele>518.9</ele></trkpt>
    <trkpt lat="44.184158" lon="5.387167"><ele>519.1</ele></trkpt>
    <trkpt lat="44.184158" lon="5.387136"><ele>519.2</ele></trkpt>
    <trkpt lat="44.184158" lon="5.387120"><ele>519.3</ele></trkpt>
    <trkpt lat="44.184167" lon="5.387038"><ele>519.7</ele></trkpt>
    <trkpt lat="44.184169" lon="5.387022"><ele>519.8</ele></trkpt>
    <trkpt lat="44.184173" lon="5.387005"><ele>519.9</ele></trkpt>
    <trkpt lat="44.184197" lon="5.386888"><ele>520.2</ele></trkpt>
    <trkpt lat="44.184198" lon="5.386809"><ele>519.9</ele></trkpt>
    <trkpt lat="44.184198" lon="5.386777"><ele>519.8</ele></trkpt>
    <trkpt lat="44.184198" lon="5.386762"><ele>519.7</ele></trkpt>
    <trkpt lat="44.184188" lon="5.386499"><ele>519.9</ele></trkpt>
    <trkpt lat="44.184158" lon="5.386324"><ele>520.8</ele></trkpt>
    <trkpt lat="44.184127" lon="5.386163"><ele>522.4</ele></trkpt>
    <trkpt lat="44.184057" lon="5.385652"><ele>525.1</ele></trkpt>
    <trkpt lat="44.184048" lon="5.385595"><ele>525.1</ele></trkpt>
    <trkpt lat="44.184039" lon="5.385539"><ele>525.1</ele></trkpt>
    <trkpt lat="44.184030" lon="5.385482"><ele>525.1</ele></trkpt>
    <trkpt lat="44.184021" lon="5.385425"><ele>525.1</ele></trkpt>
    <trkpt lat="44.184005" lon="5.385379"><ele>524.6</ele></trkpt>
    <trkpt lat="44.183989" lon="5.385333"><ele>524.1</ele></trkpt>
    <trkpt lat="44.183974" lon="5.385287"><ele>523.5</ele></trkpt>
    <trkpt lat="44.183958" lon="5.385241"><ele>523.0</ele></trkpt>
    <trkpt lat="44.183850" lon="5.384954"><ele>521.2</ele></trkpt>
    <trkpt lat="44.183786" lon="5.384823"><ele>522.3</ele></trkpt>
    <trkpt lat="44.183740" lon="5.384723"><ele>522.6</ele></trkpt>
    <trkpt lat="44.183614" lon="5.384427"><ele>520.4</ele></trkpt>
    <trkpt lat="44.183538" lon="5.384242"><ele>521.0</ele></trkpt>
    <trkpt lat="44.183523" lon="5.384193"><ele>521.2</ele></trkpt>
    <trkpt lat="44.183509" lon="5.384144"><ele>521.0</ele></trkpt>
    <trkpt lat="44.183494" lon="5.384095"><ele>520.5</ele></trkpt>
    <trkpt lat="44.183479" lon="5.384046"><ele>520.0</ele></trkpt>
    <trkpt lat="44.183465" lon="5.383986"><ele>519.5</ele></trkpt>
    <trkpt lat="44.183450" lon="5.383927"><ele>519.0</ele></trkpt>
    <trkpt lat="44.183436" lon="5.383868"><ele>518.6</ele></trkpt>
    <trkpt lat="44.183347" lon="5.383690"><ele>517.0</ele></trkpt>
    <trkpt lat="44.183259" lon="5.383645"><ele>516.3</ele></trkpt>
    <trkpt lat="44.183132" lon="5.383582"><ele>515.6</ele></trkpt>
    <trkpt lat="44.182770" lon="5.383355"><ele>513.0</ele></trkpt>
    <trkpt lat="44.182752" lon="5.383328"><ele>512.9</ele></trkpt>
    <trkpt lat="44.182733" lon="5.383224"><ele>512.8</ele></trkpt>
    <trkpt lat="44.182705" lon="5.383068"><ele>512.5</ele></trkpt>
    <trkpt lat="44.182651" lon="5.382758"><ele>511.5</ele></trkpt>
    <trkpt lat="44.182514" lon="5.381981"><ele>511.1</ele></trkpt>
    <trkpt lat="44.182494" lon="5.381895"><ele>510.8</ele></trkpt>
    <trkpt lat="44.182474" lon="5.381809"><ele>510.3</ele></trkpt>
    <trkpt lat="44.182329" lon="5.381303"><ele>509.7</ele></trkpt>
    <trkpt lat="44.182258" lon="5.381104"><ele>510.1</ele></trkpt>
    <trkpt lat="44.182216" lon="5.381000"><ele>509.9</ele></trkpt>
    <trkpt lat="44.182174" lon="5.380896"><ele>509.4</ele></trkpt>
    <trkpt lat="44.182132" lon="5.380792"><ele>509.9</ele></trkpt>
    <trkpt lat="44.182025" lon="5.380477"><ele>511.8</ele></trkpt>
    <trkpt lat="44.182132" lon="5.380792"><ele>509.9</ele></trkpt>
    <trkpt lat="44.182174" lon="5.380896"><ele>509.4</ele></trkpt>
    <trkpt lat="44.182216" lon="5.381000"><ele>509.9</ele></trkpt>
    <trkpt lat="44.182258" lon="5.381104"><ele>510.1</ele></trkpt>
    <trkpt lat="44.182329" lon="5.381303"><ele>509.7</ele></trkpt>
    <trkpt lat="44.182474" lon="5.381809"><ele>510.3</ele></trkpt>
    <trkpt lat="44.182494" lon="5.381895"><ele>510.8</ele></trkpt>
    <trkpt lat="44.182514" lon="5.381981"><ele>511.1</ele></trkpt>
    <trkpt lat="44.182651" lon="5.382758"><ele>511.5</ele></trkpt>
    <trkpt lat="44.182705" lon="5.383068"><ele>512.5</ele></trkpt>
    <trkpt lat="44.182733" lon="5.383224"><ele>512.8</ele></trkpt>
    <trkpt lat="44.182752" lon="5.383328"><ele>512.9</ele></trkpt>
    <trkpt lat="44.182770" lon="5.383355"><ele>513.0</ele></trkpt>
    <trkpt lat="44.183132" lon="5.383582"><ele>515.6</ele></trkpt>
    <trkpt lat="44.183259" lon="5.383645"><ele>516.3</ele></trkpt>
    <trkpt lat="44.183347" lon="5.383690"><ele>517.0</ele></trkpt>
    <trkpt lat="44.183436" lon="5.383868"><ele>518.6</ele></trkpt>
    <trkpt lat="44.183450" lon="5.383927"><ele>519.0</ele></trkpt>
    <trkpt lat="44.183465" lon="5.383986"><ele>519.5</ele></trkpt>
    <trkpt lat="44.183479" lon="5.384046"><ele>520.0</ele></trkpt>
    <trkpt lat="44.183494" lon="5.384095"><ele>520.5</ele></trkpt>
    <trkpt lat="44.183509" lon="5.384144"><ele>521.0</ele></trkpt>
    <trkpt lat="44.183523" lon="5.384193"><ele>521.2</ele></trkpt>
    <trkpt lat="44.183538" lon="5.384242"><ele>521.0</ele></trkpt>
    <trkpt lat="44.183614" lon="5.384427"><ele>520.4</ele></trkpt>
    <trkpt lat="44.183740" lon="5.384723"><ele>522.6</ele></trkpt>
    <trkpt lat="44.183786" lon="5.384823"><ele>522.3</ele></trkpt>
    <trkpt lat="44.183850" lon="5.384954"><ele>521.2</ele></trkpt>
    <trkpt lat="44.183958" lon="5.385241"><ele>523.0</ele></trkpt>
    <trkpt lat="44.183974" lon="5.385287"><ele>523.5</ele></trkpt>
    <trkpt lat="44.183989" lon="5.385333"><ele>524.1</ele></trkpt>
    <trkpt lat="44.184005" lon="5.385379"><ele>524.6</ele></trkpt>
    <trkpt lat="44.184021" lon="5.385425"><ele>525.1</ele></trkpt>
    <trkpt lat="44.184030" lon="5.385482"><ele>525.1</ele></trkpt>
    <trkpt lat="44.184039" lon="5.385539"><ele>525.1</ele></trkpt>
    <trkpt lat="44.184048" lon="5.385595"><ele>525.1</ele></trkpt>
    <trkpt lat="44.184057" lon="5.385652"><ele>525.1</ele></trkpt>
    <trkpt lat="44.184127" lon="5.386163"><ele>522.4</ele></trkpt>
    <trkpt lat="44.184158" lon="5.386324"><ele>520.8</ele></trkpt>
    <trkpt lat="44.184188" lon="5.386499"><ele>519.9</ele></trkpt>
    <trkpt lat="44.184198" lon="5.386762"><ele>519.7</ele></trkpt>
    <trkpt lat="44.184198" lon="5.386777"><ele>519.8</ele></trkpt>
    <trkpt lat="44.184198" lon="5.386809"><ele>519.9</ele></trkpt>
    <trkpt lat="44.184197" lon="5.386888"><ele>520.2</ele></trkpt>
    <trkpt lat="44.184173" lon="5.387005"><ele>519.9</ele></trkpt>
    <trkpt lat="44.184169" lon="5.387022"><ele>519.8</ele></trkpt>
    <trkpt lat="44.184167" lon="5.387038"><ele>519.7</ele></trkpt>
    <trkpt lat="44.184158" lon="5.387120"><ele>519.3</ele></trkpt>
    <trkpt lat="44.184158" lon="5.387136"><ele>519.2</ele></trkpt>
    <trkpt lat="44.184158" lon="5.387167"><ele>519.1</ele></trkpt>
    <trkpt lat="44.184157" lon="5.387230"><ele>518.9</ele></trkpt>
    <trkpt lat="44.184164" lon="5.387263"><ele>518.8</ele></trkpt>
    <trkpt lat="44.184168" lon="5.387280"><ele>518.8</ele></trkpt>
    <trkpt lat="44.184182" lon="5.387347"><ele>518.7</ele></trkpt>
    <trkpt lat="44.184199" lon="5.387338"><ele>519.0</ele></trkpt>
    <trkpt lat="44.184216" lon="5.387328"><ele>519.2</ele></trkpt>
    <trkpt lat="44.184250" lon="5.387312"><ele>519.8</ele></trkpt>
    <trkpt lat="44.184272" lon="5.387310"><ele>520.1</ele></trkpt>
    <trkpt lat="44.184314" lon="5.387306"><ele>520.7</ele></trkpt>
    <trkpt lat="44.184333" lon="5.387313"><ele>520.9</ele></trkpt>
    <trkpt lat="44.184370" lon="5.387327"><ele>521.2</ele></trkpt>
    <trkpt lat="44.184451" lon="5.387376"><ele>521.3</ele></trkpt>
    <trkpt lat="44.184492" lon="5.387401"><ele>521.3</ele></trkpt>
    <trkpt lat="44.184764" lon="5.387442"><ele>523.9</ele></trkpt>
    <trkpt lat="44.184810" lon="5.387442"><ele>524.8</ele></trkpt>
    <trkpt lat="44.184831" lon="5.387455"><ele>524.9</ele></trkpt>
    <trkpt lat="44.184895" lon="5.387492"><ele>525.3</ele></trkpt>
    <trkpt lat="44.184948" lon="5.387552"><ele>525.2</ele></trkpt>
    <trkpt lat="44.184965" lon="5.387572"><ele>525.1</ele></trkpt>
    <trkpt lat="44.184980" lon="5.387592"><ele>525.0</ele></trkpt>
    <trkpt lat="44.184994" lon="5.387612"><ele>524.9</ele></trkpt>
    <trkpt lat="44.185009" lon="5.387632"><ele>525.0</ele></trkpt>
    <trkpt lat="44.185023" lon="5.387652"><ele>525.3</ele></trkpt>
    <trkpt lat="44.185038" lon="5.387672"><ele>525.6</ele></trkpt>
    <trkpt lat="44.185221" lon="5.387982"><ele>527.1</ele></trkpt>
    <trkpt lat="44.185458" lon="5.388310"><ele>528.7</ele></trkpt>
    <trkpt lat="44.185676" lon="5.388633"><ele>529.3</ele></trkpt>
    <trkpt lat="44.185917" lon="5.389080"><ele>525.5</ele></trkpt>
    <trkpt lat="44.185976" lon="5.389186"><ele>524.4</ele></trkpt>
    <trkpt lat="44.186008" lon="5.389215"><ele>524.3</ele></trkpt>
    <trkpt lat="44.186039" lon="5.389243"><ele>524.2</ele></trkpt>
    <trkpt lat="44.186111" lon="5.389304"><ele>524.0</ele></trkpt>
    <trkpt lat="44.186127" lon="5.389310"><ele>524.0</ele></trkpt>
    <trkpt lat="44.186144" lon="5.389317"><ele>524.0</ele></trkpt>
    <trkpt lat="44.186160" lon="5.389320"><ele>524.1</ele></trkpt>
    <trkpt lat="44.186194" lon="5.389326"><ele>524.2</ele></trkpt>
    <trkpt lat="44.186215" lon="5.389328"><ele>524.2</ele></trkpt>
    <trkpt lat="44.186256" lon="5.389331"><ele>524.3</ele></trkpt>
    <trkpt lat="44.186298" lon="5.389329"><ele>524.5</ele></trkpt>
    <trkpt lat="44.186319" lon="5.389328"><ele>524.6</ele></trkpt>
    <trkpt lat="44.186340" lon="5.389327"><ele>524.7</ele></trkpt>
    <trkpt lat="44.186361" lon="5.389327"><ele>524.7</ele></trkpt>
    <trkpt lat="44.186513" lon="5.389315"><ele>525.6</ele></trkpt>
    <trkpt lat="44.186535" lon="5.389314"><ele>525.7</ele></trkpt>
    <trkpt lat="44.186579" lon="5.389310"><ele>526.0</ele></trkpt>
    <trkpt lat="44.186668" lon="5.389303"><ele>526.5</ele></trkpt>
    <trkpt lat="44.186712" lon="5.389301"><ele>526.8</ele></trkpt>
    <trkpt lat="44.186799" lon="5.389296"><ele>527.3</ele></trkpt>
    <trkpt lat="44.186821" lon="5.389295"><ele>527.4</ele></trkpt>
    <trkpt lat="44.186922" lon="5.389295"><ele>528.0</ele></trkpt>
    <trkpt lat="44.187038" lon="5.389299"><ele>528.7</ele></trkpt>
    <trkpt lat="44.187082" lon="5.389311"><ele>529.0</ele></trkpt>
    <trkpt lat="44.187441" lon="5.389375"><ele>529.7</ele></trkpt>
    <trkpt lat="44.187462" lon="5.389369"><ele>529.8</ele></trkpt>
    <trkpt lat="44.187483" lon="5.389363"><ele>529.9</ele></trkpt>
    <trkpt lat="44.187504" lon="5.389356"><ele>530.0</ele></trkpt>
    <trkpt lat="44.187525" lon="5.389350"><ele>530.0</ele></trkpt>
    <trkpt lat="44.187546" lon="5.389344"><ele>530.0</ele></trkpt>
    <trkpt lat="44.187567" lon="5.389338"><ele>530.1</ele></trkpt>
    <trkpt lat="44.187588" lon="5.389332"><ele>530.1</ele></trkpt>
    <trkpt lat="44.187911" lon="5.389269"><ele>530.0</ele></trkpt>
    <trkpt lat="44.188101" lon="5.389204"><ele>530.0</ele></trkpt>
    <trkpt lat="44.188143" lon="5.389189"><ele>530.2</ele></trkpt>
    <trkpt lat="44.188164" lon="5.389182"><ele>530.3</ele></trkpt>
    <trkpt lat="44.188185" lon="5.389169"><ele>530.5</ele></trkpt>
    <trkpt lat="44.188303" lon="5.389108"><ele>530.9</ele></trkpt>
    <trkpt lat="44.188379" lon="5.389092"><ele>531.2</ele></trkpt>
    <trkpt lat="44.188453" lon="5.389094"><ele>531.5</ele></trkpt>
    <trkpt lat="44.188532" lon="5.389106"><ele>531.9</ele></trkpt>
    <trkpt lat="44.188927" lon="5.389178"><ele>535.4</ele></trkpt>
    <trkpt lat="44.189549" lon="5.389295"><ele>541.5</ele></trkpt>
    <trkpt lat="44.189647" lon="5.389331"><ele>542.3</ele></trkpt>
    <trkpt lat="44.189732" lon="5.389387"><ele>543.1</ele></trkpt>
    <trkpt lat="44.189913" lon="5.389532"><ele>544.1</ele></trkpt>
    <trkpt lat="44.190091" lon="5.389636"><ele>544.7</ele></trkpt>
    <trkpt lat="44.190390" lon="5.389809"><ele>544.2</ele></trkpt>
    <trkpt lat="44.190547" lon="5.389919"><ele>543.6</ele></trkpt>
    <trkpt lat="44.190623" lon="5.389996"><ele>544.0</ele></trkpt>
    <trkpt lat="44.190655" lon="5.390048"><ele>544.2</ele></trkpt>
    <trkpt lat="44.190691" lon="5.390160"><ele>544.1</ele></trkpt>
    <trkpt lat="44.190780" lon="5.390293"><ele>544.3</ele></trkpt>
    <trkpt lat="44.190828" lon="5.390334"><ele>544.5</ele></trkpt>
    <trkpt lat="44.190986" lon="5.390447"><ele>545.3</ele></trkpt>
    <trkpt lat="44.191039" lon="5.390473"><ele>545.5</ele></trkpt>
    <trkpt lat="44.191092" lon="5.390491"><ele>545.8</ele></trkpt>
    <trkpt lat="44.191151" lon="5.390496"><ele>546.1</ele></trkpt>
    <trkpt lat="44.191199" lon="5.390491"><ele>546.5</ele></trkpt>
    <trkpt lat="44.191327" lon="5.390462"><ele>547.6</ele></trkpt>
    <trkpt lat="44.191370" lon="5.390455"><ele>548.0</ele></trkpt>
    <trkpt lat="44.191414" lon="5.390448"><ele>548.5</ele></trkpt>
    <trkpt lat="44.191473" lon="5.390457"><ele>549.2</ele></trkpt>
    <trkpt lat="44.191525" lon="5.390474"><ele>549.7</ele></trkpt>
    <trkpt lat="44.191583" lon="5.390520"><ele>550.1</ele></trkpt>
    <trkpt lat="44.191658" lon="5.390626"><ele>550.9</ele></trkpt>
    <trkpt lat="44.191723" lon="5.390729"><ele>552.3</ele></trkpt>
    <trkpt lat="44.191748" lon="5.390819"><ele>552.8</ele></trkpt>
    <trkpt lat="44.191756" lon="5.390909"><ele>553.1</ele></trkpt>
    <trkpt lat="44.191766" lon="5.391092"><ele>553.7</ele></trkpt>
    <trkpt lat="44.191810" lon="5.391265"><ele>553.5</ele></trkpt>
    <trkpt lat="44.191876" lon="5.391416"><ele>553.3</ele></trkpt>
    <trkpt lat="44.192012" lon="5.391598"><ele>552.5</ele></trkpt>
    <trkpt lat="44.192216" lon="5.391733"><ele>553.7</ele></trkpt>
    <trkpt lat="44.192320" lon="5.391813"><ele>554.1</ele></trkpt>
    <trkpt lat="44.192478" lon="5.391946"><ele>553.6</ele></trkpt>
    <trkpt lat="44.192553" lon="5.392014"><ele>553.3</ele></trkpt>
    <trkpt lat="44.192622" lon="5.392087"><ele>552.7</ele></trkpt>
    <trkpt lat="44.192697" lon="5.392175"><ele>551.9</ele></trkpt>
    <trkpt lat="44.192760" lon="5.392272"><ele>550.7</ele></trkpt>
    <trkpt lat="44.192803" lon="5.392349"><ele>549.7</ele></trkpt>
    <trkpt lat="44.192991" lon="5.392579"><ele>548.5</ele></trkpt>
    <trkpt lat="44.193039" lon="5.392630"><ele>548.4</ele></trkpt>
    <trkpt lat="44.193080" lon="5.392701"><ele>547.8</ele></trkpt>
    <trkpt lat="44.193119" lon="5.392794"><ele>546.9</ele></trkpt>
    <trkpt lat="44.193156" lon="5.392900"><ele>545.7</ele></trkpt>
    <trkpt lat="44.193261" lon="5.393269"><ele>541.3</ele></trkpt>
    <trkpt lat="44.193265" lon="5.393292"><ele>541.1</ele></trkpt>
    <trkpt lat="44.193274" lon="5.393361"><ele>540.6</ele></trkpt>
    <trkpt lat="44.193271" lon="5.393413"><ele>540.6</ele></trkpt>
    <trkpt lat="44.193290" lon="5.393449"><ele>540.8</ele></trkpt>
    <trkpt lat="44.193313" lon="5.393468"><ele>540.9</ele></trkpt>
    <trkpt lat="44.193369" lon="5.393489"><ele>541.2</ele></trkpt>
    <trkpt lat="44.193431" lon="5.393504"><ele>541.5</ele></trkpt>
    <trkpt lat="44.193556" lon="5.393532"><ele>542.0</ele></trkpt>
    <trkpt lat="44.193643" lon="5.393585"><ele>542.2</ele></trkpt>
    <trkpt lat="44.193686" lon="5.393627"><ele>542.3</ele></trkpt>
    <trkpt lat="44.193941" lon="5.393966"><ele>544.8</ele></trkpt>
    <trkpt lat="44.194135" lon="5.394198"><ele>549.2</ele></trkpt>
    <trkpt lat="44.194134" lon="5.394243"><ele>549.9</ele></trkpt>
    <trkpt lat="44.194023" lon="5.394584"><ele>551.4</ele></trkpt>
    <trkpt lat="44.194002" lon="5.394723"><ele>551.7</ele></trkpt>
    <trkpt lat="44.194018" lon="5.394807"><ele>552.0</ele></trkpt>
    <trkpt lat="44.194066" lon="5.394966"><ele>553.4</ele></trkpt>
    <trkpt lat="44.194213" lon="5.395247"><ele>555.9</ele></trkpt>
    <trkpt lat="44.194509" lon="5.395708"><ele>561.9</ele></trkpt>
    <trkpt lat="44.194717" lon="5.395966"><ele>565.0</ele></trkpt>
    <trkpt lat="44.194838" lon="5.396101"><ele>565.5</ele></trkpt>
    <trkpt lat="44.195164" lon="5.396308"><ele>568.7</ele></trkpt>
    <trkpt lat="44.195298" lon="5.396340"><ele>571.2</ele></trkpt>
    <trkpt lat="44.195397" lon="5.396376"><ele>573.0</ele></trkpt>
    <trkpt lat="44.195595" lon="5.396523"><ele>575.1</ele></trkpt>
    <trkpt lat="44.195675" lon="5.396631"><ele>575.6</ele></trkpt>
    <trkpt lat="44.195726" lon="5.396820"><ele>574.9</ele></trkpt>
    <trkpt lat="44.195798" lon="5.397052"><ele>574.5</ele></trkpt>
    <trkpt lat="44.195877" lon="5.397164"><ele>575.2</ele></trkpt>
    <trkpt lat="44.195953" lon="5.397259"><ele>578.1</ele></trkpt>
    <trkpt lat="44.196062" lon="5.397374"><ele>580.6</ele></trkpt>
    <trkpt lat="44.196157" lon="5.397465"><ele>582.1</ele></trkpt>
    <trkpt lat="44.196230" lon="5.397581"><ele>586.8</ele></trkpt>
    <trkpt lat="44.196273" lon="5.397670"><ele>589.3</ele></trkpt>
    <trkpt lat="44.196282" lon="5.397758"><ele>589.2</ele></trkpt>
    <trkpt lat="44.196288" lon="5.397840"><ele>589.3</ele></trkpt>
    <trkpt lat="44.196296" lon="5.397963"><ele>589.2</ele></trkpt>
    <trkpt lat="44.196315" lon="5.398015"><ele>588.9</ele></trkpt>
    <trkpt lat="44.196370" lon="5.398125"><ele>588.0</ele></trkpt>
    <trkpt lat="44.196451" lon="5.398196"><ele>589.5</ele></trkpt>
    <trkpt lat="44.196519" lon="5.398214"><ele>590.9</ele></trkpt>
    <trkpt lat="44.196646" lon="5.398226"><ele>593.3</ele></trkpt>
    <trkpt lat="44.196768" lon="5.398197"><ele>595.9</ele></trkpt>
    <trkpt lat="44.196927" lon="5.398158"><ele>599.4</ele></trkpt>
    <trkpt lat="44.197070" lon="5.398117"><ele>601.5</ele></trkpt>
    <trkpt lat="44.197245" lon="5.398061"><ele>603.7</ele></trkpt>
    <trkpt lat="44.197534" lon="5.397917"><ele>607.9</ele></trkpt>
    <trkpt lat="44.197749" lon="5.397779"><ele>612.1</ele></trkpt>
    <trkpt lat="44.197881" lon="5.397730"><ele>614.0</ele></trkpt>
    <trkpt lat="44.197979" lon="5.397719"><ele>614.9</ele></trkpt>
    <trkpt lat="44.198175" lon="5.397694"><ele>615.9</ele></trkpt>
    <trkpt lat="44.198278" lon="5.397657"><ele>617.0</ele></trkpt>
    <trkpt lat="44.198399" lon="5.397552"><ele>619.4</ele></trkpt>
    <trkpt lat="44.198609" lon="5.397330"><ele>622.2</ele></trkpt>
    <trkpt lat="44.198867" lon="5.396955"><ele>624.3</ele></trkpt>
    <trkpt lat="44.199030" lon="5.396662"><ele>627.6</ele></trkpt>
    <trkpt lat="44.199247" lon="5.396356"><ele>629.6</ele></trkpt>
    <trkpt lat="44.199469" lon="5.396009"><ele>631.8</ele></trkpt>
    <trkpt lat="44.199675" lon="5.395666"><ele>633.8</ele></trkpt>
    <trkpt lat="44.199833" lon="5.395337"><ele>636.7</ele></trkpt>
    <trkpt lat="44.199958" lon="5.395045"><ele>637.8</ele></trkpt>
    <trkpt lat="44.200012" lon="5.394897"><ele>638.7</ele></trkpt>
    <trkpt lat="44.200071" lon="5.394733"><ele>640.3</ele></trkpt>
    <trkpt lat="44.200167" lon="5.394440"><ele>642.3</ele></trkpt>
    <trkpt lat="44.200221" lon="5.394375"><ele>641.6</ele></trkpt>
    <trkpt lat="44.200362" lon="5.394288"><ele>640.8</ele></trkpt>
    <trkpt lat="44.200447" lon="5.394264"><ele>640.6</ele></trkpt>
    <trkpt lat="44.200670" lon="5.394203"><ele>640.7</ele></trkpt>
    <trkpt lat="44.200792" lon="5.394137"><ele>641.1</ele></trkpt>
    <trkpt lat="44.200886" lon="5.394125"><ele>641.1</ele></trkpt>
    <trkpt lat="44.200960" lon="5.394138"><ele>641.0</ele></trkpt>
    <trkpt lat="44.201087" lon="5.394324"><ele>642.0</ele></trkpt>
    <trkpt lat="44.201157" lon="5.394390"><ele>642.9</ele></trkpt>
    <trkpt lat="44.201287" lon="5.394500"><ele>644.7</ele></trkpt>
    <trkpt lat="44.201399" lon="5.394553"><ele>646.2</ele></trkpt>
    <trkpt lat="44.201560" lon="5.394593"><ele>646.9</ele></trkpt>
    <trkpt lat="44.201738" lon="5.394653"><ele>647.7</ele></trkpt>
    <trkpt lat="44.201801" lon="5.394696"><ele>648.1</ele></trkpt>
    <trkpt lat="44.201852" lon="5.394743"><ele>648.7</ele></trkpt>
    <trkpt lat="44.201913" lon="5.394807"><ele>649.9</ele></trkpt>
    <trkpt lat="44.201937" lon="5.394829"><ele>650.3</ele></trkpt>
    <trkpt lat="44.202129" lon="5.394982"><ele>651.6</ele></trkpt>
    <trkpt lat="44.202208" lon="5.395043"><ele>652.7</ele></trkpt>
    <trkpt lat="44.202262" lon="5.395077"><ele>653.5</ele></trkpt>
    <trkpt lat="44.202344" lon="5.395104"><ele>653.9</ele></trkpt>
    <trkpt lat="44.202508" lon="5.395136"><ele>653.8</ele></trkpt>
    <trkpt lat="44.202889" lon="5.395267"><ele>651.2</ele></trkpt>
    <trkpt lat="44.203011" lon="5.395190"><ele>648.5</ele></trkpt>
    <trkpt lat="44.203501" lon="5.394950"><ele>646.6</ele></trkpt>
    <trkpt lat="44.203557" lon="5.394939"><ele>646.8</ele></trkpt>
    <trkpt lat="44.203644" lon="5.394951"><ele>647.1</ele></trkpt>
    <trkpt lat="44.203669" lon="5.394956"><ele>647.2</ele></trkpt>
    <trkpt lat="44.203819" lon="5.395006"><ele>647.7</ele></trkpt>
    <trkpt lat="44.203927" lon="5.395068"><ele>647.9</ele></trkpt>
    <trkpt lat="44.204137" lon="5.394977"><ele>648.9</ele></trkpt>
    <trkpt lat="44.204186" lon="5.394896"><ele>649.1</ele></trkpt>
    <trkpt lat="44.204230" lon="5.394877"><ele>649.3</ele></trkpt>
    <trkpt lat="44.204474" lon="5.394863"><ele>650.7</ele></trkpt>
    <trkpt lat="44.204653" lon="5.394856"><ele>652.0</ele></trkpt>
    <trkpt lat="44.204874" lon="5.394841"><ele>653.9</ele></trkpt>
    <trkpt lat="44.205052" lon="5.394825"><ele>655.4</ele></trkpt>
    <trkpt lat="44.205152" lon="5.394813"><ele>656.1</ele></trkpt>
    <trkpt lat="44.205328" lon="5.394800"><ele>657.3</ele></trkpt>
    <trkpt lat="44.205346" lon="5.394809"><ele>657.4</ele></trkpt>
    <trkpt lat="44.205359" lon="5.394815"><ele>657.5</ele></trkpt>
    <trkpt lat="44.205593" lon="5.395246"><ele>658.3</ele></trkpt>
    <trkpt lat="44.205634" lon="5.395323"><ele>658.7</ele></trkpt>
    <trkpt lat="44.205645" lon="5.395376"><ele>658.9</ele></trkpt>
    <trkpt lat="44.205654" lon="5.395419"><ele>659.0</ele></trkpt>
    <trkpt lat="44.205666" lon="5.395478"><ele>659.2</ele></trkpt>
    <trkpt lat="44.205723" lon="5.395776"><ele>661.0</ele></trkpt>
    <trkpt lat="44.205734" lon="5.395852"><ele>661.6</ele></trkpt>
    <trkpt lat="44.205807" lon="5.396332"><ele>664.4</ele></trkpt>
    <trkpt lat="44.205853" lon="5.396475"><ele>665.9</ele></trkpt>
    <trkpt lat="44.205944" lon="5.396680"><ele>668.8</ele></trkpt>
    <trkpt lat="44.206029" lon="5.396861"><ele>670.4</ele></trkpt>
    <trkpt lat="44.206275" lon="5.397533"><ele>675.2</ele></trkpt>
    <trkpt lat="44.206365" lon="5.397846"><ele>677.7</ele></trkpt>
    <trkpt lat="44.206438" lon="5.398141"><ele>680.0</ele></trkpt>
    <trkpt lat="44.206469" lon="5.398265"><ele>680.9</ele></trkpt>
    <trkpt lat="44.206513" lon="5.398518"><ele>682.7</ele></trkpt>
    <trkpt lat="44.206594" lon="5.399162"><ele>684.7</ele></trkpt>
    <trkpt lat="44.206596" lon="5.399353"><ele>685.4</ele></trkpt>
    <trkpt lat="44.206580" lon="5.399923"><ele>689.4</ele></trkpt>
    <trkpt lat="44.206555" lon="5.400329"><ele>692.9</ele></trkpt>
    <trkpt lat="44.206522" lon="5.400773"><ele>695.3</ele></trkpt>
    <trkpt lat="44.206501" lon="5.400965"><ele>695.9</ele></trkpt>
    <trkpt lat="44.206518" lon="5.401471"><ele>697.0</ele></trkpt>
    <trkpt lat="44.206539" lon="5.401971"><ele>697.8</ele></trkpt>
    <trkpt lat="44.206544" lon="5.402259"><ele>700.1</ele></trkpt>
    <trkpt lat="44.206538" lon="5.402597"><ele>703.7</ele></trkpt>
    <trkpt lat="44.206519" lon="5.402857"><ele>705.6</ele></trkpt>
    <trkpt lat="44.206516" lon="5.402905"><ele>705.8</ele></trkpt>
    <trkpt lat="44.206502" lon="5.403101"><ele>706.5</ele></trkpt>
    <trkpt lat="44.206490" lon="5.403390"><ele>708.4</ele></trkpt>
    <trkpt lat="44.206483" lon="5.403635"><ele>710.9</ele></trkpt>
    <trkpt lat="44.206480" lon="5.403908"><ele>712.7</ele></trkpt>
    <trkpt lat="44.206483" lon="5.404260"><ele>715.1</ele></trkpt>
    <trkpt lat="44.206469" lon="5.404482"><ele>716.4</ele></trkpt>
    <trkpt lat="44.206447" lon="5.404695"><ele>718.5</ele></trkpt>
    <trkpt lat="44.206388" lon="5.404900"><ele>720.2</ele></trkpt>
    <trkpt lat="44.206317" lon="5.405063"><ele>721.8</ele></trkpt>
    <trkpt lat="44.206196" lon="5.405292"><ele>724.4</ele></trkpt>
    <trkpt lat="44.206113" lon="5.405528"><ele>726.6</ele></trkpt>
    <trkpt lat="44.205995" lon="5.405868"><ele>728.4</ele></trkpt>
    <trkpt lat="44.205972" lon="5.406086"><ele>730.2</ele></trkpt>
    <trkpt lat="44.205950" lon="5.406478"><ele>733.5</ele></trkpt>
    <trkpt lat="44.205908" lon="5.406639"><ele>734.7</ele></trkpt>
    <trkpt lat="44.205869" lon="5.406732"><ele>735.4</ele></trkpt>
    <trkpt lat="44.205831" lon="5.406742"><ele>735.1</ele></trkpt>
    <trkpt lat="44.205798" lon="5.406734"><ele>734.9</ele></trkpt>
    <trkpt lat="44.205754" lon="5.406676"><ele>734.1</ele></trkpt>
    <trkpt lat="44.205724" lon="5.406640"><ele>733.6</ele></trkpt>
    <trkpt lat="44.205684" lon="5.406594"><ele>733.0</ele></trkpt>
    <trkpt lat="44.205656" lon="5.406591"><ele>732.9</ele></trkpt>
    <trkpt lat="44.205630" lon="5.406597"><ele>733.0</ele></trkpt>
    <trkpt lat="44.205608" lon="5.406631"><ele>733.5</ele></trkpt>
    <trkpt lat="44.205570" lon="5.406695"><ele>734.3</ele></trkpt>
    <trkpt lat="44.205560" lon="5.406768"><ele>735.1</ele></trkpt>
    <trkpt lat="44.205472" lon="5.407114"><ele>736.7</ele></trkpt>
    <trkpt lat="44.205413" lon="5.407337"><ele>737.8</ele></trkpt>
    <trkpt lat="44.205369" lon="5.407677"><ele>740.5</ele></trkpt>
    <trkpt lat="44.205351" lon="5.407887"><ele>741.1</ele></trkpt>
    <trkpt lat="44.205411" lon="5.407847"><ele>741.8</ele></trkpt>
    <trkpt lat="44.205551" lon="5.407714"><ele>743.7</ele></trkpt>
    <trkpt lat="44.205655" lon="5.407605"><ele>744.1</ele></trkpt>
    <trkpt lat="44.205712" lon="5.407562"><ele>744.3</ele></trkpt>
    <trkpt lat="44.205814" lon="5.407548"><ele>745.0</ele></trkpt>
    <trkpt lat="44.205890" lon="5.407556"><ele>745.7</ele></trkpt>
    <trkpt lat="44.205978" lon="5.407550"><ele>746.4</ele></trkpt>
    <trkpt lat="44.206044" lon="5.407523"><ele>746.7</ele></trkpt>
    <trkpt lat="44.206120" lon="5.407464"><ele>746.9</ele></trkpt>
    <trkpt lat="44.206293" lon="5.407205"><ele>747.5</ele></trkpt>
    <trkpt lat="44.206365" lon="5.407010"><ele>747.0</ele></trkpt>
    <trkpt lat="44.206423" lon="5.406881"><ele>746.6</ele></trkpt>
    <trkpt lat="44.206466" lon="5.406822"><ele>746.3</ele></trkpt>
    <trkpt lat="44.206522" lon="5.406820"><ele>746.4</ele></trkpt>
    <trkpt lat="44.206583" lon="5.406843"><ele>746.7</ele></trkpt>
    <trkpt lat="44.206702" lon="5.406935"><ele>747.6</ele></trkpt>
    <trkpt lat="44.206841" lon="5.407094"><ele>747.3</ele></trkpt>
    <trkpt lat="44.206894" lon="5.407173"><ele>747.2</ele></trkpt>
    <trkpt lat="44.206942" lon="5.407332"><ele>747.8</ele></trkpt>
    <trkpt lat="44.206994" lon="5.407502"><ele>748.8</ele></trkpt>
    <trkpt lat="44.207049" lon="5.407641"><ele>749.8</ele></trkpt>
    <trkpt lat="44.207137" lon="5.407652"><ele>749.8</ele></trkpt>
    <trkpt lat="44.207173" lon="5.407650"><ele>749.7</ele></trkpt>
    <trkpt lat="44.207260" lon="5.407646"><ele>749.7</ele></trkpt>
    <trkpt lat="44.207363" lon="5.407652"><ele>750.2</ele></trkpt>
    <trkpt lat="44.207467" lon="5.407694"><ele>751.3</ele></trkpt>
    <trkpt lat="44.207591" lon="5.407749"><ele>753.6</ele></trkpt>
    <trkpt lat="44.207652" lon="5.407739"><ele>754.2</ele></trkpt>
    <trkpt lat="44.207728" lon="5.407710"><ele>754.8</ele></trkpt>
    <trkpt lat="44.207762" lon="5.407665"><ele>754.9</ele></trkpt>
    <trkpt lat="44.207806" lon="5.407592"><ele>755.4</ele></trkpt>
    <trkpt lat="44.207852" lon="5.407431"><ele>755.4</ele></trkpt>
    <trkpt lat="44.207912" lon="5.407250"><ele>755.6</ele></trkpt>
    <trkpt lat="44.207966" lon="5.407110"><ele>755.7</ele></trkpt>
    <trkpt lat="44.208024" lon="5.407049"><ele>756.4</ele></trkpt>
    <trkpt lat="44.208113" lon="5.406992"><ele>757.3</ele></trkpt>
    <trkpt lat="44.208198" lon="5.406988"><ele>758.3</ele></trkpt>
    <trkpt lat="44.208272" lon="5.407015"><ele>759.9</ele></trkpt>
    <trkpt lat="44.208433" lon="5.407061"><ele>763.8</ele></trkpt>
    <trkpt lat="44.208478" lon="5.407051"><ele>764.5</ele></trkpt>
    <trkpt lat="44.208497" lon="5.407030"><ele>764.6</ele></trkpt>
    <trkpt lat="44.208512" lon="5.406980"><ele>764.1</ele></trkpt>
    <trkpt lat="44.208513" lon="5.406922"><ele>764.0</ele></trkpt>
    <trkpt lat="44.208500" lon="5.406884"><ele>764.3</ele></trkpt>
    <trkpt lat="44.208483" lon="5.406847"><ele>764.6</ele></trkpt>
    <trkpt lat="44.208431" lon="5.406781"><ele>764.2</ele></trkpt>
    <trkpt lat="44.208325" lon="5.406677"><ele>762.6</ele></trkpt>
    <trkpt lat="44.208172" lon="5.406518"><ele>761.3</ele></trkpt>
    <trkpt lat="44.208017" lon="5.406310"><ele>760.5</ele></trkpt>
    <trkpt lat="44.207930" lon="5.406157"><ele>759.0</ele></trkpt>
    <trkpt lat="44.207921" lon="5.406051"><ele>758.8</ele></trkpt>
    <trkpt lat="44.207939" lon="5.405946"><ele>758.9</ele></trkpt>
    <trkpt lat="44.207962" lon="5.405925"><ele>759.5</ele></trkpt>
    <trkpt lat="44.208081" lon="5.405852"><ele>762.9</ele></trkpt>
    <trkpt lat="44.208197" lon="5.405726"><ele>764.5</ele></trkpt>
    <trkpt lat="44.208326" lon="5.405527"><ele>766.2</ele></trkpt>
    <trkpt lat="44.208607" lon="5.405066"><ele>768.6</ele></trkpt>
    <trkpt lat="44.208632" lon="5.404960"><ele>768.4</ele></trkpt>
    <trkpt lat="44.208669" lon="5.404762"><ele>768.3</ele></trkpt>
    <trkpt lat="44.208698" lon="5.404688"><ele>768.3</ele></trkpt>
    <trkpt lat="44.208738" lon="5.404638"><ele>768.5</ele></trkpt>
    <trkpt lat="44.208785" lon="5.404634"><ele>769.3</ele></trkpt>
    <trkpt lat="44.208893" lon="5.404667"><ele>771.5</ele></trkpt>
    <trkpt lat="44.208994" lon="5.404679"><ele>773.5</ele></trkpt>
    <trkpt lat="44.209042" lon="5.404658"><ele>774.2</ele></trkpt>
    <trkpt lat="44.209069" lon="5.404614"><ele>774.3</ele></trkpt>
    <trkpt lat="44.209078" lon="5.404566"><ele>774.1</ele></trkpt>
    <trkpt lat="44.209087" lon="5.404518"><ele>773.9</ele></trkpt>
    <trkpt lat="44.209119" lon="5.404361"><ele>773.3</ele></trkpt>
    <trkpt lat="44.209166" lon="5.404268"><ele>773.7</ele></trkpt>
    <trkpt lat="44.209305" lon="5.404077"><ele>775.3</ele></trkpt>
    <trkpt lat="44.209588" lon="5.403714"><ele>778.7</ele></trkpt>
    <trkpt lat="44.209875" lon="5.403214"><ele>779.8</ele></trkpt>
    <trkpt lat="44.210060" lon="5.402867"><ele>777.7</ele></trkpt>
    <trkpt lat="44.210093" lon="5.402854"><ele>777.2</ele></trkpt>
    <trkpt lat="44.210168" lon="5.402858"><ele>776.5</ele></trkpt>
    <trkpt lat="44.210220" lon="5.402892"><ele>776.6</ele></trkpt>
    <trkpt lat="44.210310" lon="5.402958"><ele>777.9</ele></trkpt>
    <trkpt lat="44.210338" lon="5.403013"><ele>779.2</ele></trkpt>
    <trkpt lat="44.210353" lon="5.403066"><ele>780.2</ele></trkpt>
    <trkpt lat="44.210356" lon="5.403128"><ele>780.8</ele></trkpt>
    <trkpt lat="44.210362" lon="5.403290"><ele>782.2</ele></trkpt>
    <trkpt lat="44.210378" lon="5.403359"><ele>782.8</ele></trkpt>
    <trkpt lat="44.210405" lon="5.403407"><ele>783.2</ele></trkpt>
    <trkpt lat="44.210429" lon="5.403425"><ele>783.4</ele></trkpt>
    <trkpt lat="44.210455" lon="5.403426"><ele>783.6</ele></trkpt>
    <trkpt lat="44.210486" lon="5.403413"><ele>783.8</ele></trkpt>
    <trkpt lat="44.210523" lon="5.403334"><ele>783.8</ele></trkpt>
    <trkpt lat="44.210547" lon="5.403254"><ele>783.6</ele></trkpt>
    <trkpt lat="44.210571" lon="5.403147"><ele>783.8</ele></trkpt>
    <trkpt lat="44.210595" lon="5.403024"><ele>784.0</ele></trkpt>
    <trkpt lat="44.210610" lon="5.402739"><ele>783.5</ele></trkpt>
    <trkpt lat="44.210645" lon="5.402390"><ele>783.9</ele></trkpt>
    <trkpt lat="44.210690" lon="5.402187"><ele>783.6</ele></trkpt>
    <trkpt lat="44.210731" lon="5.402126"><ele>783.6</ele></trkpt>
    <trkpt lat="44.210799" lon="5.402046"><ele>783.7</ele></trkpt>
    <trkpt lat="44.210889" lon="5.401981"><ele>782.9</ele></trkpt>
    <trkpt lat="44.210951" lon="5.401974"><ele>782.2</ele></trkpt>
    <trkpt lat="44.211060" lon="5.401995"><ele>781.7</ele></trkpt>
    <trkpt lat="44.211129" lon="5.402040"><ele>782.0</ele></trkpt>
    <trkpt lat="44.211178" lon="5.402118"><ele>782.8</ele></trkpt>
    <trkpt lat="44.211223" lon="5.402269"><ele>785.1</ele></trkpt>
    <trkpt lat="44.211289" lon="5.402494"><ele>788.0</ele></trkpt>
    <trkpt lat="44.211343" lon="5.402648"><ele>790.4</ele></trkpt>
    <trkpt lat="44.211402" lon="5.402725"><ele>791.5</ele></trkpt>
    <trkpt lat="44.211474" lon="5.402777"><ele>791.8</ele></trkpt>
    <trkpt lat="44.211591" lon="5.402816"><ele>791.4</ele></trkpt>
    <trkpt lat="44.211711" lon="5.402832"><ele>791.4</ele></trkpt>
    <trkpt lat="44.211784" lon="5.402849"><ele>792.5</ele></trkpt>
    <trkpt lat="44.211829" lon="5.402885"><ele>793.6</ele></trkpt>
    <trkpt lat="44.211865" lon="5.402933"><ele>794.7</ele></trkpt>
    <trkpt lat="44.211894" lon="5.402973"><ele>795.3</ele></trkpt>
    <trkpt lat="44.211920" lon="5.402982"><ele>795.3</ele></trkpt>
    <trkpt lat="44.211947" lon="5.402984"><ele>795.3</ele></trkpt>
    <trkpt lat="44.211972" lon="5.402970"><ele>795.9</ele></trkpt>
    <trkpt lat="44.211994" lon="5.402920"><ele>796.1</ele></trkpt>
    <trkpt lat="44.212007" lon="5.402875"><ele>796.2</ele></trkpt>
    <trkpt lat="44.212008" lon="5.402828"><ele>795.9</ele></trkpt>
    <trkpt lat="44.212004" lon="5.402736"><ele>796.0</ele></trkpt>
    <trkpt lat="44.211986" lon="5.402689"><ele>795.9</ele></trkpt>
    <trkpt lat="44.211953" lon="5.402642"><ele>795.3</ele></trkpt>
    <trkpt lat="44.211810" lon="5.402447"><ele>792.4</ele></trkpt>
    <trkpt lat="44.211800" lon="5.402401"><ele>792.1</ele></trkpt>
    <trkpt lat="44.211799" lon="5.402366"><ele>792.2</ele></trkpt>
    <trkpt lat="44.211798" lon="5.402271"><ele>792.5</ele></trkpt>
    <trkpt lat="44.211831" lon="5.402176"><ele>794.0</ele></trkpt>
    <trkpt lat="44.211898" lon="5.401959"><ele>796.6</ele></trkpt>
    <trkpt lat="44.211947" lon="5.401691"><ele>797.3</ele></trkpt>
    <trkpt lat="44.211954" lon="5.401406"><ele>797.4</ele></trkpt>
    <trkpt lat="44.211927" lon="5.401177"><ele>796.9</ele></trkpt>
    <trkpt lat="44.211893" lon="5.400829"><ele>797.0</ele></trkpt>
    <trkpt lat="44.211901" lon="5.400703"><ele>797.4</ele></trkpt>
    <trkpt lat="44.211924" lon="5.400553"><ele>798.3</ele></trkpt>
    <trkpt lat="44.211989" lon="5.400340"><ele>798.4</ele></trkpt>
    <trkpt lat="44.212122" lon="5.400050"><ele>799.2</ele></trkpt>
    <trkpt lat="44.212267" lon="5.399678"><ele>799.5</ele></trkpt>
    <trkpt lat="44.212406" lon="5.399412"><ele>800.1</ele></trkpt>
    <trkpt lat="44.212508" lon="5.399268"><ele>800.8</ele></trkpt>
    <trkpt lat="44.212601" lon="5.399179"><ele>800.8</ele></trkpt>
    <trkpt lat="44.212682" lon="5.399136"><ele>801.1</ele></trkpt>
    <trkpt lat="44.212805" lon="5.399126"><ele>801.6</ele></trkpt>
    <trkpt lat="44.212893" lon="5.399124"><ele>801.5</ele></trkpt>
    <trkpt lat="44.212931" lon="5.399113"><ele>801.4</ele></trkpt>
    <trkpt lat="44.213021" lon="5.399074"><ele>801.0</ele></trkpt>
    <trkpt lat="44.213112" lon="5.398989"><ele>800.9</ele></trkpt>
    <trkpt lat="44.213218" lon="5.398878"><ele>801.2</ele></trkpt>
    <trkpt lat="44.213399" lon="5.398722"><ele>802.0</ele></trkpt>
    <trkpt lat="44.213785" lon="5.398459"><ele>806.3</ele></trkpt>
    <trkpt lat="44.214178" lon="5.398201"><ele>809.5</ele></trkpt>
    <trkpt lat="44.214369" lon="5.398082"><ele>810.9</ele></trkpt>
    <trkpt lat="44.214534" lon="5.397997"><ele>812.7</ele></trkpt>
    <trkpt lat="44.214686" lon="5.397960"><ele>815.4</ele></trkpt>
    <trkpt lat="44.214823" lon="5.397957"><ele>817.9</ele></trkpt>
    <trkpt lat="44.214908" lon="5.397980"><ele>819.7</ele></trkpt>
    <trkpt lat="44.215027" lon="5.397975"><ele>822.4</ele></trkpt>
    <trkpt lat="44.215123" lon="5.397918"><ele>826.7</ele></trkpt>
    <trkpt lat="44.215141" lon="5.397860"><ele>827.6</ele></trkpt>
    <trkpt lat="44.215138" lon="5.397766"><ele>827.6</ele></trkpt>
    <trkpt lat="44.215110" lon="5.397645"><ele>827.6</ele></trkpt>
    <trkpt lat="44.215009" lon="5.397444"><ele>825.2</ele></trkpt>
    <trkpt lat="44.214884" lon="5.397204"><ele>824.0</ele></trkpt>
    <trkpt lat="44.214816" lon="5.396950"><ele>824.3</ele></trkpt>
    <trkpt lat="44.214805" lon="5.396798"><ele>824.8</ele></trkpt>
    <trkpt lat="44.214798" lon="5.396681"><ele>825.3</ele></trkpt>
    <trkpt lat="44.214799" lon="5.396583"><ele>825.4</ele></trkpt>
    <trkpt lat="44.214840" lon="5.396232"><ele>826.1</ele></trkpt>
    <trkpt lat="44.214866" lon="5.396040"><ele>826.5</ele></trkpt>
    <trkpt lat="44.214893" lon="5.395849"><ele>826.5</ele></trkpt>
    <trkpt lat="44.214923" lon="5.395673"><ele>826.3</ele></trkpt>
    <trkpt lat="44.214999" lon="5.395314"><ele>827.0</ele></trkpt>
    <trkpt lat="44.215086" lon="5.394968"><ele>827.5</ele></trkpt>
    <trkpt lat="44.215139" lon="5.394797"><ele>828.5</ele></trkpt>
    <trkpt lat="44.215247" lon="5.394503"><ele>829.7</ele></trkpt>
    <trkpt lat="44.215286" lon="5.394366"><ele>830.2</ele></trkpt>
    <trkpt lat="44.215291" lon="5.394209"><ele>830.3</ele></trkpt>
    <trkpt lat="44.215311" lon="5.394045"><ele>830.7</ele></trkpt>
    <trkpt lat="44.215364" lon="5.393739"><ele>831.6</ele></trkpt>
    <trkpt lat="44.215400" lon="5.393596"><ele>832.1</ele></trkpt>
    <trkpt lat="44.215506" lon="5.393321"><ele>833.0</ele></trkpt>
    <trkpt lat="44.215559" lon="5.393226"><ele>833.3</ele></trkpt>
    <trkpt lat="44.215980" lon="5.392942"><ele>836.6</ele></trkpt>
    <trkpt lat="44.215989" lon="5.392932"><ele>836.5</ele></trkpt>
    <trkpt lat="44.216037" lon="5.392886"><ele>836.5</ele></trkpt>
    <trkpt lat="44.216200" lon="5.392845"><ele>837.4</ele></trkpt>
    <trkpt lat="44.216409" lon="5.392855"><ele>838.9</ele></trkpt>
    <trkpt lat="44.216628" lon="5.392883"><ele>839.5</ele></trkpt>
    <trkpt lat="44.217055" lon="5.392899"><ele>839.6</ele></trkpt>
    <trkpt lat="44.217549" lon="5.392996"><ele>843.4</ele></trkpt>
    <trkpt lat="44.217798" lon="5.393074"><ele>845.5</ele></trkpt>
    <trkpt lat="44.217891" lon="5.393081"><ele>846.4</ele></trkpt>
    <trkpt lat="44.218047" lon="5.393094"><ele>847.8</ele></trkpt>
    <trkpt lat="44.218123" lon="5.393093"><ele>848.5</ele></trkpt>
    <trkpt lat="44.218186" lon="5.393071"><ele>848.7</ele></trkpt>
    <trkpt lat="44.218237" lon="5.393052"><ele>848.9</ele></trkpt>
    <trkpt lat="44.218264" lon="5.393026"><ele>849.0</ele></trkpt>
    <trkpt lat="44.218347" lon="5.392994"><ele>849.8</ele></trkpt>
    <trkpt lat="44.218467" lon="5.393002"><ele>851.5</ele></trkpt>
    <trkpt lat="44.218526" lon="5.393047"><ele>852.7</ele></trkpt>
    <trkpt lat="44.218622" lon="5.393080"><ele>854.6</ele></trkpt>
    <trkpt lat="44.218725" lon="5.393114"><ele>856.7</ele></trkpt>
    <trkpt lat="44.219172" lon="5.393236"><ele>865.7</ele></trkpt>
    <trkpt lat="44.219308" lon="5.393276"><ele>867.6</ele></trkpt>
    <trkpt lat="44.219407" lon="5.393322"><ele>868.7</ele></trkpt>
    <trkpt lat="44.219449" lon="5.393345"><ele>869.2</ele></trkpt>
    <trkpt lat="44.219518" lon="5.393385"><ele>870.5</ele></trkpt>
    <trkpt lat="44.219592" lon="5.393430"><ele>871.6</ele></trkpt>
    <trkpt lat="44.219801" lon="5.393568"><ele>873.7</ele></trkpt>
    <trkpt lat="44.219921" lon="5.393683"><ele>874.8</ele></trkpt>
    <trkpt lat="44.220076" lon="5.393796"><ele>876.5</ele></trkpt>
    <trkpt lat="44.220363" lon="5.393998"><ele>879.9</ele></trkpt>
    <trkpt lat="44.220641" lon="5.394222"><ele>883.8</ele></trkpt>
    <trkpt lat="44.220875" lon="5.394403"><ele>887.8</ele></trkpt>
    <trkpt lat="44.221049" lon="5.394534"><ele>891.5</ele></trkpt>
    <trkpt lat="44.221294" lon="5.394713"><ele>895.0</ele></trkpt>
    <trkpt lat="44.221424" lon="5.394791"><ele>896.9</ele></trkpt>
    <trkpt lat="44.221605" lon="5.394871"><ele>898.5</ele></trkpt>
    <trkpt lat="44.221769" lon="5.394927"><ele>900.2</ele></trkpt>
    <trkpt lat="44.221953" lon="5.394995"><ele>902.2</ele></trkpt>
    <trkpt lat="44.222104" lon="5.395055"><ele>905.0</ele></trkpt>
    <trkpt lat="44.222199" lon="5.395130"><ele>906.6</ele></trkpt>
    <trkpt lat="44.222369" lon="5.395206"><ele>909.0</ele></trkpt>
    <trkpt lat="44.222508" lon="5.395248"><ele>910.5</ele></trkpt>
    <trkpt lat="44.222704" lon="5.395291"><ele>913.9</ele></trkpt>
    <trkpt lat="44.222837" lon="5.395300"><ele>916.3</ele></trkpt>
    <trkpt lat="44.223035" lon="5.395304"><ele>919.3</ele></trkpt>
    <trkpt lat="44.223088" lon="5.395303"><ele>920.1</ele></trkpt>
    <trkpt lat="44.223181" lon="5.395279"><ele>921.3</ele></trkpt>
    <trkpt lat="44.223396" lon="5.395217"><ele>926.1</ele></trkpt>
    <trkpt lat="44.223538" lon="5.395175"><ele>929.4</ele></trkpt>
    <trkpt lat="44.223618" lon="5.395179"><ele>930.9</ele></trkpt>
    <trkpt lat="44.223753" lon="5.395212"><ele>933.4</ele></trkpt>
    <trkpt lat="44.223881" lon="5.395294"><ele>934.9</ele></trkpt>
    <trkpt lat="44.223900" lon="5.395332"><ele>935.5</ele></trkpt>
    <trkpt lat="44.223998" lon="5.395467"><ele>937.6</ele></trkpt>
    <trkpt lat="44.224333" lon="5.395626"><ele>943.8</ele></trkpt>
    <trkpt lat="44.224589" lon="5.395734"><ele>948.2</ele></trkpt>
    <trkpt lat="44.224654" lon="5.395761"><ele>948.9</ele></trkpt>
    <trkpt lat="44.224705" lon="5.395754"><ele>949.4</ele></trkpt>
    <trkpt lat="44.224847" lon="5.395798"><ele>951.7</ele></trkpt>
    <trkpt lat="44.224979" lon="5.395860"><ele>953.9</ele></trkpt>
    <trkpt lat="44.225175" lon="5.396000"><ele>959.0</ele></trkpt>
    <trkpt lat="44.225214" lon="5.396052"><ele>959.5</ele></trkpt>
    <trkpt lat="44.225411" lon="5.396300"><ele>964.7</ele></trkpt>
    <trkpt lat="44.225792" lon="5.396761"><ele>971.6</ele></trkpt>
    <trkpt lat="44.226145" lon="5.397103"><ele>976.7</ele></trkpt>
    <trkpt lat="44.226205" lon="5.397140"><ele>977.7</ele></trkpt>
    <trkpt lat="44.226271" lon="5.397168"><ele>978.4</ele></trkpt>
    <trkpt lat="44.226330" lon="5.397163"><ele>978.8</ele></trkpt>
    <trkpt lat="44.226370" lon="5.397148"><ele>979.1</ele></trkpt>
    <trkpt lat="44.226417" lon="5.397167"><ele>979.8</ele></trkpt>
    <trkpt lat="44.226549" lon="5.397309"><ele>982.4</ele></trkpt>
    <trkpt lat="44.226736" lon="5.397528"><ele>984.4</ele></trkpt>
    <trkpt lat="44.226880" lon="5.397697"><ele>986.4</ele></trkpt>
    <trkpt lat="44.226961" lon="5.397769"><ele>986.3</ele></trkpt>
    <trkpt lat="44.227049" lon="5.397902"><ele>989.6</ele></trkpt>
    <trkpt lat="44.227123" lon="5.398016"><ele>991.1</ele></trkpt>
    <trkpt lat="44.227370" lon="5.398457"><ele>995.5</ele></trkpt>
    <trkpt lat="44.227499" lon="5.398716"><ele>996.8</ele></trkpt>
    <trkpt lat="44.227546" lon="5.398856"><ele>998.2</ele></trkpt>
    <trkpt lat="44.227570" lon="5.398924"><ele>998.3</ele></trkpt>
    <trkpt lat="44.227763" lon="5.399182"><ele>994.8</ele></trkpt>
    <trkpt lat="44.227796" lon="5.399212"><ele>993.7</ele></trkpt>
    <trkpt lat="44.227871" lon="5.399208"><ele>992.9</ele></trkpt>
    <trkpt lat="44.228057" lon="5.399099"><ele>993.9</ele></trkpt>
    <trkpt lat="44.228100" lon="5.399067"><ele>994.1</ele></trkpt>
    <trkpt lat="44.228118" lon="5.398997"><ele>995.8</ele></trkpt>
    <trkpt lat="44.228136" lon="5.398946"><ele>996.9</ele></trkpt>
    <trkpt lat="44.228170" lon="5.398928"><ele>996.8</ele></trkpt>
    <trkpt lat="44.228358" lon="5.398896"><ele>994.2</ele></trkpt>
    <trkpt lat="44.228636" lon="5.398841"><ele>988.7</ele></trkpt>
    <trkpt lat="44.228799" lon="5.398786"><ele>986.0</ele></trkpt>
    <trkpt lat="44.229004" lon="5.398672"><ele>983.2</ele></trkpt>
    <trkpt lat="44.229440" lon="5.398420"><ele>977.3</ele></trkpt>
    <trkpt lat="44.229547" lon="5.398357"><ele>975.9</ele></trkpt>
    <trkpt lat="44.229682" lon="5.398215"><ele>976.0</ele></trkpt>
    <trkpt lat="44.229718" lon="5.398133"><ele>977.2</ele></trkpt>
    <trkpt lat="44.229775" lon="5.398031"><ele>978.8</ele></trkpt>
    <trkpt lat="44.229821" lon="5.397969"><ele>979.6</ele></trkpt>
    <trkpt lat="44.230063" lon="5.397815"><ele>979.3</ele></trkpt>
    <trkpt lat="44.230288" lon="5.397713"><ele>978.3</ele></trkpt>
    <trkpt lat="44.230508" lon="5.397576"><ele>978.0</ele></trkpt>
    <trkpt lat="44.230612" lon="5.397490"><ele>978.4</ele></trkpt>
    <trkpt lat="44.230770" lon="5.397364"><ele>978.4</ele></trkpt>
    <trkpt lat="44.231055" lon="5.397196"><ele>976.4</ele></trkpt>
    <trkpt lat="44.231428" lon="5.396979"><ele>972.5</ele></trkpt>
    <trkpt lat="44.231600" lon="5.396836"><ele>970.2</ele></trkpt>
    <trkpt lat="44.231719" lon="5.396682"><ele>969.8</ele></trkpt>
    <trkpt lat="44.231811" lon="5.396547"><ele>970.3</ele></trkpt>
    <trkpt lat="44.231896" lon="5.396484"><ele>969.6</ele></trkpt>
    <trkpt lat="44.231952" lon="5.396445"><ele>969.1</ele></trkpt>
    <trkpt lat="44.232073" lon="5.396386"><ele>967.7</ele></trkpt>
    <trkpt lat="44.232189" lon="5.396347"><ele>966.4</ele></trkpt>
    <trkpt lat="44.232328" lon="5.396262"><ele>965.2</ele></trkpt>
    <trkpt lat="44.232509" lon="5.396096"><ele>964.1</ele></trkpt>
    <trkpt lat="44.232796" lon="5.395807"><ele>962.9</ele></trkpt>
    <trkpt lat="44.233094" lon="5.395547"><ele>960.2</ele></trkpt>
    <trkpt lat="44.233345" lon="5.395350"><ele>957.4</ele></trkpt>
    <trkpt lat="44.233551" lon="5.395039"><ele>957.8</ele></trkpt>
    <trkpt lat="44.233767" lon="5.394872"><ele>956.1</ele></trkpt>
    <trkpt lat="44.233853" lon="5.394734"><ele>956.7</ele></trkpt>
    <trkpt lat="44.233893" lon="5.394634"><ele>957.8</ele></trkpt>
    <trkpt lat="44.233958" lon="5.394522"><ele>958.6</ele></trkpt>
    <trkpt lat="44.234044" lon="5.394409"><ele>958.9</ele></trkpt>
    <trkpt lat="44.234347" lon="5.394061"><ele>958.7</ele></trkpt>
    <trkpt lat="44.234636" lon="5.393910"><ele>954.1</ele></trkpt>
    <trkpt lat="44.234837" lon="5.393771"><ele>951.7</ele></trkpt>
    <trkpt lat="44.234883" lon="5.393695"><ele>952.1</ele></trkpt>
    <trkpt lat="44.234926" lon="5.393582"><ele>953.6</ele></trkpt>
    <trkpt lat="44.235092" lon="5.393434"><ele>953.8</ele></trkpt>
    <trkpt lat="44.235243" lon="5.393300"><ele>954.5</ele></trkpt>
    <trkpt lat="44.235277" lon="5.393291"><ele>954.1</ele></trkpt>
    <trkpt lat="44.235335" lon="5.393272"><ele>954.5</ele></trkpt>
    <trkpt lat="44.235500" lon="5.393179"><ele>956.4</ele></trkpt>
    <trkpt lat="44.235535" lon="5.393150"><ele>957.0</ele></trkpt>
    <trkpt lat="44.235759" lon="5.392916"><ele>957.4</ele></trkpt>
    <trkpt lat="44.235846" lon="5.392760"><ele>955.8</ele></trkpt>
    <trkpt lat="44.235892" lon="5.392646"><ele>954.4</ele></trkpt>
    <trkpt lat="44.235950" lon="5.392575"><ele>953.1</ele></trkpt>
    <trkpt lat="44.236224" lon="5.392341"><ele>948.0</ele></trkpt>
    <trkpt lat="44.236308" lon="5.392261"><ele>946.4</ele></trkpt>
    <trkpt lat="44.236337" lon="5.392235"><ele>945.7</ele></trkpt>
    <trkpt lat="44.236445" lon="5.392143"><ele>944.1</ele></trkpt>
    <trkpt lat="44.236463" lon="5.392130"><ele>943.9</ele></trkpt>
    <trkpt lat="44.236504" lon="5.392109"><ele>943.3</ele></trkpt>
    <trkpt lat="44.236569" lon="5.392092"><ele>942.3</ele></trkpt>
    <trkpt lat="44.237004" lon="5.391853"><ele>935.2</ele></trkpt>
    <trkpt lat="44.237193" lon="5.391747"><ele>931.9</ele></trkpt>
    <trkpt lat="44.237292" lon="5.391678"><ele>929.5</ele></trkpt>
    <trkpt lat="44.237668" lon="5.391379"><ele>922.6</ele></trkpt>
    <trkpt lat="44.237848" lon="5.391170"><ele>920.3</ele></trkpt>
    <trkpt lat="44.237932" lon="5.391066"><ele>920.2</ele></trkpt>
    <trkpt lat="44.237971" lon="5.391008"><ele>919.8</ele></trkpt>
    <trkpt lat="44.238070" lon="5.390850"><ele>917.6</ele></trkpt>
    <trkpt lat="44.238095" lon="5.390762"><ele>917.2</ele></trkpt>
    <trkpt lat="44.238177" lon="5.390540"><ele>915.5</ele></trkpt>
    <trkpt lat="44.238282" lon="5.390386"><ele>914.7</ele></trkpt>
    <trkpt lat="44.238346" lon="5.390323"><ele>913.5</ele></trkpt>
    <trkpt lat="44.238496" lon="5.390248"><ele>912.4</ele></trkpt>
    <trkpt lat="44.238810" lon="5.390062"><ele>909.7</ele></trkpt>
    <trkpt lat="44.238817" lon="5.390055"><ele>909.5</ele></trkpt>
    <trkpt lat="44.238833" lon="5.390043"><ele>909.2</ele></trkpt>
    <trkpt lat="44.238840" lon="5.390036"><ele>909.0</ele></trkpt>
    <trkpt lat="44.238863" lon="5.390015"><ele>908.5</ele></trkpt>
    <trkpt lat="44.238893" lon="5.389986"><ele>907.9</ele></trkpt>
    <trkpt lat="44.238962" lon="5.389918"><ele>907.4</ele></trkpt>
    <trkpt lat="44.239032" lon="5.389832"><ele>905.9</ele></trkpt>
    <trkpt lat="44.239038" lon="5.389824"><ele>905.7</ele></trkpt>
    <trkpt lat="44.239055" lon="5.389799"><ele>905.0</ele></trkpt>
    <trkpt lat="44.239068" lon="5.389767"><ele>904.2</ele></trkpt>
    <trkpt lat="44.239072" lon="5.389756"><ele>903.9</ele></trkpt>
    <trkpt lat="44.239082" lon="5.389724"><ele>903.0</ele></trkpt>
    <trkpt lat="44.239086" lon="5.389714"><ele>902.8</ele></trkpt>
    <trkpt lat="44.239088" lon="5.389703"><ele>902.8</ele></trkpt>
    <trkpt lat="44.239145" lon="5.389576"><ele>901.3</ele></trkpt>
    <trkpt lat="44.239331" lon="5.389345"><ele>897.5</ele></trkpt>
    <trkpt lat="44.239539" lon="5.389491"><ele>897.6</ele></trkpt>
    <trkpt lat="44.239588" lon="5.389551"><ele>898.7</ele></trkpt>
    <trkpt lat="44.239680" lon="5.389743"><ele>900.2</ele></trkpt>
    <trkpt lat="44.239874" lon="5.389976"><ele>903.0</ele></trkpt>
    <trkpt lat="44.240170" lon="5.390294"><ele>912.2</ele></trkpt>
    <trkpt lat="44.240369" lon="5.390529"><ele>916.7</ele></trkpt>
    <trkpt lat="44.240465" lon="5.390596"><ele>920.1</ele></trkpt>
    <trkpt lat="44.240631" lon="5.390567"><ele>925.2</ele></trkpt>
    <trkpt lat="44.240854" lon="5.390514"><ele>932.8</ele></trkpt>
    <trkpt lat="44.240969" lon="5.390455"><ele>936.9</ele></trkpt>
    <trkpt lat="44.241186" lon="5.390558"><ele>940.6</ele></trkpt>
    <trkpt lat="44.241232" lon="5.390665"><ele>943.7</ele></trkpt>
    <trkpt lat="44.241301" lon="5.390813"><ele>949.2</ele></trkpt>
    <trkpt lat="44.241379" lon="5.390948"><ele>955.4</ele></trkpt>
    <trkpt lat="44.241641" lon="5.391076"><ele>965.8</ele></trkpt>
    <trkpt lat="44.241854" lon="5.391109"><ele>971.3</ele></trkpt>
    <trkpt lat="44.242047" lon="5.391094"><ele>972.5</ele></trkpt>
    <trkpt lat="44.242211" lon="5.391100"><ele>973.4</ele></trkpt>
    <trkpt lat="44.242327" lon="5.391158"><ele>972.8</ele></trkpt>
    <trkpt lat="44.242401" lon="5.391258"><ele>974.2</ele></trkpt>
    <trkpt lat="44.242552" lon="5.391480"><ele>975.3</ele></trkpt>
    <trkpt lat="44.242599" lon="5.391650"><ele>978.0</ele></trkpt>
    <trkpt lat="44.242790" lon="5.391926"><ele>973.6</ele></trkpt>
    <trkpt lat="44.242983" lon="5.392224"><ele>969.0</ele></trkpt>
    <trkpt lat="44.243027" lon="5.392359"><ele>970.8</ele></trkpt>
    <trkpt lat="44.243220" lon="5.392650"><ele>973.4</ele></trkpt>
    <trkpt lat="44.243294" lon="5.392760"><ele>974.9</ele></trkpt>
    <trkpt lat="44.243408" lon="5.392811"><ele>974.3</ele></trkpt>
    <trkpt lat="44.243536" lon="5.392821"><ele>972.8</ele></trkpt>
    <trkpt lat="44.243778" lon="5.392939"><ele>974.1</ele></trkpt>
    <trkpt lat="44.243858" lon="5.393052"><ele>976.4</ele></trkpt>
    <trkpt lat="44.243942" lon="5.393471"><ele>987.6</ele></trkpt>
    <trkpt lat="44.244089" lon="5.393819"><ele>997.6</ele></trkpt>
    <trkpt lat="44.244117" lon="5.393817"><ele>997.1</ele></trkpt>
    <trkpt lat="44.244206" lon="5.393799"><ele>996.5</ele></trkpt>
    <trkpt lat="44.244266" lon="5.393762"><ele>996.4</ele></trkpt>
    <trkpt lat="44.244330" lon="5.393630"><ele>993.2</ele></trkpt>
    <trkpt lat="44.244389" lon="5.393606"><ele>993.6</ele></trkpt>
    <trkpt lat="44.244600" lon="5.393553"><ele>999.0</ele></trkpt>
    <trkpt lat="44.244840" lon="5.393367"><ele>1002.6</ele></trkpt>
    <trkpt lat="44.244919" lon="5.393261"><ele>1002.6</ele></trkpt>
    <trkpt lat="44.245024" lon="5.393115"><ele>1002.8</ele></trkpt>
    <trkpt lat="44.245260" lon="5.392763"><ele>999.7</ele></trkpt>
    <trkpt lat="44.245500" lon="5.392394"><ele>1000.0</ele></trkpt>
    <trkpt lat="44.245616" lon="5.392265"><ele>1001.4</ele></trkpt>
    <trkpt lat="44.245691" lon="5.392207"><ele>1002.0</ele></trkpt>
    <trkpt lat="44.245756" lon="5.392177"><ele>1003.0</ele></trkpt>
    <trkpt lat="44.245841" lon="5.392156"><ele>1004.8</ele></trkpt>
    <trkpt lat="44.245881" lon="5.392171"><ele>1005.1</ele></trkpt>
    <trkpt lat="44.245913" lon="5.392192"><ele>1005.5</ele></trkpt>
    <trkpt lat="44.245942" lon="5.392234"><ele>1006.2</ele></trkpt>
    <trkpt lat="44.246044" lon="5.392465"><ele>1008.6</ele></trkpt>
    <trkpt lat="44.246222" lon="5.392995"><ele>1006.4</ele></trkpt>
    <trkpt lat="44.246539" lon="5.393713"><ele>995.4</ele></trkpt>
    <trkpt lat="44.246594" lon="5.393875"><ele>993.6</ele></trkpt>
    <trkpt lat="44.246650" lon="5.394038"><ele>993.8</ele></trkpt>
    <trkpt lat="44.246672" lon="5.394059"><ele>993.2</ele></trkpt>
    <trkpt lat="44.246886" lon="5.394088"><ele>990.8</ele></trkpt>
    <trkpt lat="44.246949" lon="5.394050"><ele>988.5</ele></trkpt>
    <trkpt lat="44.247038" lon="5.393932"><ele>986.3</ele></trkpt>
    <trkpt lat="44.247102" lon="5.393845"><ele>985.3</ele></trkpt>
    <trkpt lat="44.247178" lon="5.393697"><ele>983.2</ele></trkpt>
    <trkpt lat="44.247279" lon="5.393629"><ele>984.2</ele></trkpt>
    <trkpt lat="44.247547" lon="5.393503"><ele>987.5</ele></trkpt>
    <trkpt lat="44.247663" lon="5.393389"><ele>985.5</ele></trkpt>
    <trkpt lat="44.247775" lon="5.393248"><ele>982.5</ele></trkpt>
    <trkpt lat="44.247952" lon="5.392967"><ele>975.1</ele></trkpt>
    <trkpt lat="44.248004" lon="5.392936"><ele>974.4</ele></trkpt>
    <trkpt lat="44.248044" lon="5.392913"><ele>973.9</ele></trkpt>
    <trkpt lat="44.248086" lon="5.392917"><ele>973.8</ele></trkpt>
    <trkpt lat="44.248125" lon="5.392926"><ele>973.8</ele></trkpt>
    <trkpt lat="44.248166" lon="5.392998"><ele>975.0</ele></trkpt>
    <trkpt lat="44.248328" lon="5.393362"><ele>980.4</ele></trkpt>
    <trkpt lat="44.248372" lon="5.393400"><ele>980.0</ele></trkpt>
    <trkpt lat="44.248565" lon="5.393414"><ele>976.2</ele></trkpt>
    <trkpt lat="44.248606" lon="5.393455"><ele>975.5</ele></trkpt>
    <trkpt lat="44.248613" lon="5.393515"><ele>975.6</ele></trkpt>
    <trkpt lat="44.248484" lon="5.393795"><ele>978.5</ele></trkpt>
    <trkpt lat="44.248379" lon="5.394037"><ele>980.8</ele></trkpt>
    <trkpt lat="44.248332" lon="5.394200"><ele>981.9</ele></trkpt>
    <trkpt lat="44.248328" lon="5.394348"><ele>981.6</ele></trkpt>
    <trkpt lat="44.248342" lon="5.394531"><ele>980.3</ele></trkpt>
    <trkpt lat="44.248320" lon="5.394708"><ele>980.6</ele></trkpt>
    <trkpt lat="44.248285" lon="5.394933"><ele>981.2</ele></trkpt>
    <trkpt lat="44.248281" lon="5.395153"><ele>980.1</ele></trkpt>
    <trkpt lat="44.248314" lon="5.395432"><ele>976.7</ele></trkpt>
    <trkpt lat="44.248368" lon="5.395657"><ele>972.5</ele></trkpt>
    <trkpt lat="44.248318" lon="5.395910"><ele>971.8</ele></trkpt>
    <trkpt lat="44.248353" lon="5.396187"><ele>967.7</ele></trkpt>
    <trkpt lat="44.248369" lon="5.396216"><ele>966.8</ele></trkpt>
    <trkpt lat="44.248388" lon="5.396256"><ele>965.7</ele></trkpt>
    <trkpt lat="44.248400" lon="5.396303"><ele>964.9</ele></trkpt>
    <trkpt lat="44.248412" lon="5.396388"><ele>964.0</ele></trkpt>
    <trkpt lat="44.248415" lon="5.396491"><ele>964.4</ele></trkpt>
    <trkpt lat="44.248405" lon="5.396664"><ele>965.6</ele></trkpt>
    <trkpt lat="44.248393" lon="5.396806"><ele>964.7</ele></trkpt>
    <trkpt lat="44.248353" lon="5.397022"><ele>963.9</ele></trkpt>
    <trkpt lat="44.248234" lon="5.397503"><ele>962.3</ele></trkpt>
    <trkpt lat="44.248098" lon="5.398064"><ele>960.3</ele></trkpt>
    <trkpt lat="44.248038" lon="5.398365"><ele>958.5</ele></trkpt>
    <trkpt lat="44.248011" lon="5.398590"><ele>956.1</ele></trkpt>
    <trkpt lat="44.247985" lon="5.398826"><ele>953.8</ele></trkpt>
    <trkpt lat="44.247915" lon="5.399047"><ele>954.0</ele></trkpt>
    <trkpt lat="44.247785" lon="5.399453"><ele>951.6</ele></trkpt>
    <trkpt lat="44.247598" lon="5.399798"><ele>951.4</ele></trkpt>
    <trkpt lat="44.247518" lon="5.399944"><ele>950.8</ele></trkpt>
    <trkpt lat="44.247437" lon="5.400118"><ele>950.2</ele></trkpt>
    <trkpt lat="44.247400" lon="5.400272"><ele>947.2</ele></trkpt>
    <trkpt lat="44.247403" lon="5.400315"><ele>946.7</ele></trkpt>
    <trkpt lat="44.247415" lon="5.400351"><ele>946.1</ele></trkpt>
    <trkpt lat="44.247434" lon="5.400380"><ele>945.4</ele></trkpt>
    <trkpt lat="44.247455" lon="5.400393"><ele>944.7</ele></trkpt>
    <trkpt lat="44.247476" lon="5.400389"><ele>944.0</ele></trkpt>
    <trkpt lat="44.247518" lon="5.400356"><ele>943.1</ele></trkpt>
    <trkpt lat="44.247624" lon="5.400281"><ele>943.4</ele></trkpt>
    <trkpt lat="44.247717" lon="5.400265"><ele>944.3</ele></trkpt>
    <trkpt lat="44.247778" lon="5.400295"><ele>945.4</ele></trkpt>
  </trkseg></trk></gpx>