<?xml version="1.0" encoding="UTF-8"?>
<gpx version="1.1" creator="Chemins Noirs"
  xmlns="http://www.topografix.com/GPX/1/1"
  xmlns:xsi="http://www.w3.org/2001/XMLSchema-instance"
  xsi:schemaLocation="http://www.topografix.com/GPX/1/1 http://www.topografix.com/GPX/1/1/gpx.xsd">
<metadata><name>J7 — Plaisians — Lavandes et Mont Ventoux</name>
<desc>Boucle depuis Plaisians. Champs de lavande, vue Mont Ventoux, cols. Balisage PR. — 23.2 km, +1141m</desc></metadata>
<wpt lat="44.199450" lon="5.336437"><ele>648</ele>
  <name>🅿️ Parking village, Plaisians</name><sym>Parking Area</sym></wpt>
<trk><name>J7 — Plaisians — Lavandes et Mont Ventoux</name>
  <desc>Boucle depuis Plaisians. Champs de lavande, vue Mont Ventoux, cols. Balisage PR.</desc><trkseg>
    <trkpt lat="44.199450" lon="5.336437"><ele>647.8</ele></trkpt>
    <trkpt lat="44.199515" lon="5.336433"><ele>648.6</ele></trkpt>
    <trkpt lat="44.199577" lon="5.336437"><ele>649.6</ele></trkpt>
    <trkpt lat="44.199906" lon="5.336417"><ele>653.1</ele></trkpt>
    <trkpt lat="44.200102" lon="5.336368"><ele>652.2</ele></trkpt>
    <trkpt lat="44.200524" lon="5.336255"><ele>650.8</ele></trkpt>
    <trkpt lat="44.200914" lon="5.336106"><ele>651.6</ele></trkpt>
    <trkpt lat="44.201033" lon="5.336097"><ele>651.0</ele></trkpt>
    <trkpt lat="44.201087" lon="5.336110"><ele>651.1</ele></trkpt>
    <trkpt lat="44.201327" lon="5.336087"><ele>649.9</ele></trkpt>
    <trkpt lat="44.201499" lon="5.336060"><ele>650.4</ele></trkpt>
    <trkpt lat="44.201969" lon="5.336044"><ele>655.5</ele></trkpt>
    <trkpt lat="44.202028" lon="5.336043"><ele>656.0</ele></trkpt>
    <trkpt lat="44.202058" lon="5.336043"><ele>656.2</ele></trkpt>
    <trkpt lat="44.202092" lon="5.336043"><ele>656.5</ele></trkpt>
    <trkpt lat="44.202125" lon="5.336044"><ele>656.8</ele></trkpt>
    <trkpt lat="44.202157" lon="5.336049"><ele>657.2</ele></trkpt>
    <trkpt lat="44.202253" lon="5.336065"><ele>658.5</ele></trkpt>
    <trkpt lat="44.202326" lon="5.336094"><ele>659.5</ele></trkpt>
    <trkpt lat="44.202398" lon="5.336123"><ele>660.5</ele></trkpt>
    <trkpt lat="44.202499" lon="5.336173"><ele>662.2</ele></trkpt>
    <trkpt lat="44.202532" lon="5.336190"><ele>663.3</ele></trkpt>
    <trkpt lat="44.203010" lon="5.336448"><ele>670.4</ele></trkpt>
    <trkpt lat="44.203308" lon="5.336652"><ele>672.2</ele></trkpt>
    <trkpt lat="44.203438" lon="5.336700"><ele>672.7</ele></trkpt>
    <trkpt lat="44.203528" lon="5.336697"><ele>672.9</ele></trkpt>
    <trkpt lat="44.203551" lon="5.336697"><ele>673.0</ele></trkpt>
    <trkpt lat="44.203573" lon="5.336696"><ele>673.0</ele></trkpt>
    <trkpt lat="44.203794" lon="5.336713"><ele>673.7</ele></trkpt>
    <trkpt lat="44.203814" lon="5.336721"><ele>673.8</ele></trkpt>
    <trkpt lat="44.203834" lon="5.336729"><ele>673.8</ele></trkpt>
    <trkpt lat="44.203846" lon="5.336749"><ele>673.9</ele></trkpt>
    <trkpt lat="44.203872" lon="5.336790"><ele>674.0</ele></trkpt>
    <trkpt lat="44.204104" lon="5.336990"><ele>678.2</ele></trkpt>
    <trkpt lat="44.204475" lon="5.336950"><ele>682.7</ele></trkpt>
    <trkpt lat="44.204578" lon="5.336932"><ele>681.6</ele></trkpt>
    <trkpt lat="44.204711" lon="5.336818"><ele>680.5</ele></trkpt>
    <trkpt lat="44.204788" lon="5.336732"><ele>678.7</ele></trkpt>
    <trkpt lat="44.204851" lon="5.336648"><ele>677.5</ele></trkpt>
    <trkpt lat="44.205048" lon="5.336362"><ele>675.4</ele></trkpt>
    <trkpt lat="44.205137" lon="5.336219"><ele>673.7</ele></trkpt>
    <trkpt lat="44.205256" lon="5.335987"><ele>672.5</ele></trkpt>
    <trkpt lat="44.205367" lon="5.335752"><ele>671.3</ele></trkpt>
    <trkpt lat="44.205485" lon="5.335479"><ele>670.4</ele></trkpt>
    <trkpt lat="44.205563" lon="5.335328"><ele>669.7</ele></trkpt>
    <trkpt lat="44.205704" lon="5.335119"><ele>667.2</ele></trkpt>
    <trkpt lat="44.205767" lon="5.335017"><ele>666.5</ele></trkpt>
    <trkpt lat="44.205952" lon="5.334709"><ele>664.3</ele></trkpt>
    <trkpt lat="44.206483" lon="5.333695"><ele>654.7</ele></trkpt>
    <trkpt lat="44.206561" lon="5.333572"><ele>653.1</ele></trkpt>
    <trkpt lat="44.206630" lon="5.333463"><ele>651.6</ele></trkpt>
    <trkpt lat="44.206603" lon="5.333661"><ele>649.3</ele></trkpt>
    <trkpt lat="44.206523" lon="5.334002"><ele>647.2</ele></trkpt>
    <trkpt lat="44.206483" lon="5.334194"><ele>645.8</ele></trkpt>
    <trkpt lat="44.206454" lon="5.334393"><ele>643.8</ele></trkpt>
    <trkpt lat="44.206378" lon="5.334848"><ele>639.3</ele></trkpt>
    <trkpt lat="44.206328" lon="5.335048"><ele>638.2</ele></trkpt>
    <trkpt lat="44.206203" lon="5.335436"><ele>637.5</ele></trkpt>
    <trkpt lat="44.206140" lon="5.335593"><ele>637.1</ele></trkpt>
    <trkpt lat="44.206073" lon="5.335879"><ele>634.4</ele></trkpt>
    <trkpt lat="44.206157" lon="5.336021"><ele>629.9</ele></trkpt>
    <trkpt lat="44.206230" lon="5.336017"><ele>628.3</ele></trkpt>
    <trkpt lat="44.206346" lon="5.335945"><ele>626.2</ele></trkpt>
    <trkpt lat="44.206414" lon="5.335921"><ele>625.1</ele></trkpt>
    <trkpt lat="44.206565" lon="5.335891"><ele>623.4</ele></trkpt>
    <trkpt lat="44.206678" lon="5.335920"><ele>622.3</ele></trkpt>
    <trkpt lat="44.206741" lon="5.335943"><ele>622.2</ele></trkpt>
    <trkpt lat="44.206857" lon="5.336011"><ele>622.4</ele></trkpt>
    <trkpt lat="44.206861" lon="5.336045"><ele>622.6</ele></trkpt>
    <trkpt lat="44.206913" lon="5.336134"><ele>623.2</ele></trkpt>
    <trkpt lat="44.206980" lon="5.336181"><ele>623.9</ele></trkpt>
    <trkpt lat="44.207042" lon="5.336205"><ele>624.7</ele></trkpt>
    <trkpt lat="44.207121" lon="5.336217"><ele>625.7</ele></trkpt>
    <trkpt lat="44.207202" lon="5.336216"><ele>626.5</ele></trkpt>
    <trkpt lat="44.207375" lon="5.336201"><ele>627.7</ele></trkpt>
    <trkpt lat="44.207873" lon="5.336184"><ele>630.3</ele></trkpt>
    <trkpt lat="44.207941" lon="5.336191"><ele>630.3</ele></trkpt>
    <trkpt lat="44.208002" lon="5.336206"><ele>630.3</ele></trkpt>
    <trkpt lat="44.208120" lon="5.336253"><ele>630.3</ele></trkpt>
    <trkpt lat="44.208213" lon="5.336307"><ele>630.1</ele></trkpt>
    <trkpt lat="44.208287" lon="5.336362"><ele>630.1</ele></trkpt>
    <trkpt lat="44.208453" lon="5.336541"><ele>629.7</ele></trkpt>
    <trkpt lat="44.208596" lon="5.336716"><ele>629.5</ele></trkpt>
    <trkpt lat="44.208679" lon="5.336802"><ele>630.0</ele></trkpt>
    <trkpt lat="44.208696" lon="5.336819"><ele>630.1</ele></trkpt>
    <trkpt lat="44.208724" lon="5.336835"><ele>630.2</ele></trkpt>
    <trkpt lat="44.208805" lon="5.336878"><ele>630.5</ele></trkpt>
    <trkpt lat="44.208906" lon="5.336860"><ele>630.5</ele></trkpt>
    <trkpt lat="44.209248" lon="5.336788"><ele>633.4</ele></trkpt>
    <trkpt lat="44.209625" lon="5.336701"><ele>636.6</ele></trkpt>
    <trkpt lat="44.209714" lon="5.336686"><ele>636.8</ele></trkpt>
    <trkpt lat="44.209798" lon="5.336683"><ele>636.9</ele></trkpt>
    <trkpt lat="44.209969" lon="5.336710"><ele>638.3</ele></trkpt>
    <trkpt lat="44.210049" lon="5.336746"><ele>639.2</ele></trkpt>
    <trkpt lat="44.210126" lon="5.336805"><ele>640.1</ele></trkpt>
    <trkpt lat="44.210277" lon="5.336937"><ele>640.9</ele></trkpt>
    <trkpt lat="44.210341" lon="5.337021"><ele>642.2</ele></trkpt>
    <trkpt lat="44.210504" lon="5.337264"><ele>644.2</ele></trkpt>
    <trkpt lat="44.210665" lon="5.337539"><ele>646.1</ele></trkpt>
    <trkpt lat="44.210735" lon="5.337659"><ele>646.9</ele></trkpt>
    <trkpt lat="44.211054" lon="5.338117"><ele>649.6</ele></trkpt>
    <trkpt lat="44.211112" lon="5.338186"><ele>649.9</ele></trkpt>
    <trkpt lat="44.211149" lon="5.338202"><ele>650.4</ele></trkpt>
    <trkpt lat="44.211471" lon="5.338218"><ele>653.5</ele></trkpt>
    <trkpt lat="44.211518" lon="5.338170"><ele>653.4</ele></trkpt>
    <trkpt lat="44.211537" lon="5.338150"><ele>653.4</ele></trkpt>
    <trkpt lat="44.211588" lon="5.338096"><ele>653.5</ele></trkpt>
    <trkpt lat="44.211652" lon="5.338041"><ele>653.7</ele></trkpt>
    <trkpt lat="44.211799" lon="5.337973"><ele>655.2</ele></trkpt>
    <trkpt lat="44.211877" lon="5.337948"><ele>656.0</ele></trkpt>
    <trkpt lat="44.211953" lon="5.337935"><ele>656.7</ele></trkpt>
    <trkpt lat="44.212028" lon="5.337942"><ele>656.8</ele></trkpt>
    <trkpt lat="44.212091" lon="5.337994"><ele>657.3</ele></trkpt>
    <trkpt lat="44.212135" lon="5.338067"><ele>658.2</ele></trkpt>
    <trkpt lat="44.212238" lon="5.338293"><ele>661.5</ele></trkpt>
    <trkpt lat="44.212295" lon="5.338334"><ele>662.3</ele></trkpt>
    <trkpt lat="44.212364" lon="5.338338"><ele>662.6</ele></trkpt>
    <trkpt lat="44.212385" lon="5.338328"><ele>662.5</ele></trkpt>
    <trkpt lat="44.212422" lon="5.338308"><ele>662.5</ele></trkpt>
    <trkpt lat="44.212445" lon="5.338249"><ele>662.1</ele></trkpt>
    <trkpt lat="44.212496" lon="5.338070"><ele>661.1</ele></trkpt>
    <trkpt lat="44.212542" lon="5.337981"><ele>660.9</ele></trkpt>
    <trkpt lat="44.212598" lon="5.337931"><ele>661.1</ele></trkpt>
    <trkpt lat="44.212734" lon="5.337868"><ele>662.0</ele></trkpt>
    <trkpt lat="44.212861" lon="5.337898"><ele>663.3</ele></trkpt>
    <trkpt lat="44.212942" lon="5.337934"><ele>664.1</ele></trkpt>
    <trkpt lat="44.213103" lon="5.338014"><ele>665.7</ele></trkpt>
    <trkpt lat="44.213150" lon="5.338098"><ele>667.3</ele></trkpt>
    <trkpt lat="44.213229" lon="5.338283"><ele>669.6</ele></trkpt>
    <trkpt lat="44.213376" lon="5.338444"><ele>671.9</ele></trkpt>
    <trkpt lat="44.213421" lon="5.338472"><ele>672.9</ele></trkpt>
    <trkpt lat="44.213461" lon="5.338463"><ele>673.3</ele></trkpt>
    <trkpt lat="44.213505" lon="5.338408"><ele>673.3</ele></trkpt>
    <trkpt lat="44.213523" lon="5.338305"><ele>672.9</ele></trkpt>
    <trkpt lat="44.213522" lon="5.338192"><ele>671.9</ele></trkpt>
    <trkpt lat="44.213540" lon="5.338105"><ele>671.4</ele></trkpt>
    <trkpt lat="44.213609" lon="5.338055"><ele>672.0</ele></trkpt>
    <trkpt lat="44.213691" lon="5.338016"><ele>672.5</ele></trkpt>
    <trkpt lat="44.214047" lon="5.337883"><ele>675.2</ele></trkpt>
    <trkpt lat="44.214127" lon="5.337878"><ele>676.2</ele></trkpt>
    <trkpt lat="44.214185" lon="5.337881"><ele>677.0</ele></trkpt>
    <trkpt lat="44.214388" lon="5.337922"><ele>679.6</ele></trkpt>
    <trkpt lat="44.214504" lon="5.337908"><ele>680.0</ele></trkpt>
    <trkpt lat="44.214587" lon="5.337883"><ele>679.7</ele></trkpt>
    <trkpt lat="44.214665" lon="5.337886"><ele>679.9</ele></trkpt>
    <trkpt lat="44.214927" lon="5.337962"><ele>682.5</ele></trkpt>
    <trkpt lat="44.215012" lon="5.337969"><ele>683.2</ele></trkpt>
    <trkpt lat="44.215193" lon="5.337938"><ele>683.2</ele></trkpt>
    <trkpt lat="44.215493" lon="5.337944"><ele>684.4</ele></trkpt>
    <trkpt lat="44.215591" lon="5.337954"><ele>684.9</ele></trkpt>
    <trkpt lat="44.215691" lon="5.337978"><ele>685.7</ele></trkpt>
    <trkpt lat="44.216105" lon="5.338067"><ele>689.2</ele></trkpt>
    <trkpt lat="44.216324" lon="5.338057"><ele>690.6</ele></trkpt>
    <trkpt lat="44.216614" lon="5.337985"><ele>692.1</ele></trkpt>
    <trkpt lat="44.216842" lon="5.337922"><ele>692.9</ele></trkpt>
    <trkpt lat="44.216898" lon="5.337901"><ele>692.9</ele></trkpt>
    <trkpt lat="44.217045" lon="5.337848"><ele>692.4</ele></trkpt>
    <trkpt lat="44.217174" lon="5.337805"><ele>692.2</ele></trkpt>
    <trkpt lat="44.217574" lon="5.337725"><ele>690.2</ele></trkpt>
    <trkpt lat="44.217662" lon="5.337718"><ele>689.9</ele></trkpt>
    <trkpt lat="44.217680" lon="5.337713"><ele>689.8</ele></trkpt>
    <trkpt lat="44.217752" lon="5.337694"><ele>689.5</ele></trkpt>
    <trkpt lat="44.217781" lon="5.337673"><ele>689.3</ele></trkpt>
    <trkpt lat="44.217800" lon="5.337646"><ele>689.4</ele></trkpt>
    <trkpt lat="44.217814" lon="5.337575"><ele>689.1</ele></trkpt>
    <trkpt lat="44.217828" lon="5.337440"><ele>688.5</ele></trkpt>
    <trkpt lat="44.217848" lon="5.337262"><ele>687.8</ele></trkpt>
    <trkpt lat="44.217888" lon="5.337050"><ele>687.4</ele></trkpt>
    <trkpt lat="44.217920" lon="5.336913"><ele>687.4</ele></trkpt>
    <trkpt lat="44.218127" lon="5.336226"><ele>687.3</ele></trkpt>
    <trkpt lat="44.218219" lon="5.335995"><ele>688.1</ele></trkpt>
    <trkpt lat="44.218327" lon="5.335781"><ele>688.6</ele></trkpt>
    <trkpt lat="44.218451" lon="5.335613"><ele>689.1</ele></trkpt>
    <trkpt lat="44.218562" lon="5.335465"><ele>689.5</ele></trkpt>
    <trkpt lat="44.218694" lon="5.335317"><ele>690.2</ele></trkpt>
    <trkpt lat="44.218758" lon="5.335245"><ele>690.4</ele></trkpt>
    <trkpt lat="44.218827" lon="5.335177"><ele>690.7</ele></trkpt>
    <trkpt lat="44.218923" lon="5.335081"><ele>690.5</ele></trkpt>
    <trkpt lat="44.219050" lon="5.335045"><ele>691.4</ele></trkpt>
    <trkpt lat="44.219175" lon="5.335014"><ele>692.4</ele></trkpt>
    <trkpt lat="44.219427" lon="5.334989"><ele>693.6</ele></trkpt>
    <trkpt lat="44.219764" lon="5.334971"><ele>696.3</ele></trkpt>
    <trkpt lat="44.219835" lon="5.334932"><ele>697.1</ele></trkpt>
    <trkpt lat="44.220155" lon="5.334745"><ele>701.3</ele></trkpt>
    <trkpt lat="44.220186" lon="5.334723"><ele>701.7</ele></trkpt>
    <trkpt lat="44.220207" lon="5.334703"><ele>702.1</ele></trkpt>
    <trkpt lat="44.220221" lon="5.334683"><ele>702.3</ele></trkpt>
    <trkpt lat="44.220235" lon="5.334652"><ele>702.4</ele></trkpt>
    <trkpt lat="44.220243" lon="5.334620"><ele>702.3</ele></trkpt>
    <trkpt lat="44.220254" lon="5.334565"><ele>702.2</ele></trkpt>
    <trkpt lat="44.220255" lon="5.334535"><ele>702.0</ele></trkpt>
    <trkpt lat="44.220255" lon="5.334513"><ele>701.9</ele></trkpt>
    <trkpt lat="44.220252" lon="5.334465"><ele>701.4</ele></trkpt>
    <trkpt lat="44.220242" lon="5.334375"><ele>700.9</ele></trkpt>
    <trkpt lat="44.220235" lon="5.334306"><ele>700.7</ele></trkpt>
    <trkpt lat="44.220232" lon="5.334252"><ele>700.6</ele></trkpt>
    <trkpt lat="44.220234" lon="5.334175"><ele>700.6</ele></trkpt>
    <trkpt lat="44.220242" lon="5.334143"><ele>700.8</ele></trkpt>
    <trkpt lat="44.220256" lon="5.334102"><ele>701.1</ele></trkpt>
    <trkpt lat="44.220281" lon="5.334042"><ele>701.6</ele></trkpt>
    <trkpt lat="44.220324" lon="5.333946"><ele>702.1</ele></trkpt>
    <trkpt lat="44.220361" lon="5.333882"><ele>702.4</ele></trkpt>
    <trkpt lat="44.220524" lon="5.333648"><ele>702.9</ele></trkpt>
    <trkpt lat="44.220611" lon="5.333562"><ele>702.7</ele></trkpt>
    <trkpt lat="44.220706" lon="5.333520"><ele>702.8</ele></trkpt>
    <trkpt lat="44.220862" lon="5.333489"><ele>703.4</ele></trkpt>
    <trkpt lat="44.220990" lon="5.333443"><ele>703.7</ele></trkpt>
    <trkpt lat="44.221075" lon="5.333389"><ele>703.5</ele></trkpt>
    <trkpt lat="44.221141" lon="5.333327"><ele>703.5</ele></trkpt>
    <trkpt lat="44.221302" lon="5.333139"><ele>704.3</ele></trkpt>
    <trkpt lat="44.221741" lon="5.332605"><ele>706.5</ele></trkpt>
    <trkpt lat="44.221812" lon="5.332527"><ele>706.6</ele></trkpt>
    <trkpt lat="44.221952" lon="5.332402"><ele>707.4</ele></trkpt>
    <trkpt lat="44.222087" lon="5.332326"><ele>709.8</ele></trkpt>
    <trkpt lat="44.222121" lon="5.332248"><ele>709.5</ele></trkpt>
    <trkpt lat="44.222086" lon="5.332037"><ele>707.1</ele></trkpt>
    <trkpt lat="44.222081" lon="5.331979"><ele>706.6</ele></trkpt>
    <trkpt lat="44.222073" lon="5.331751"><ele>705.5</ele></trkpt>
    <trkpt lat="44.222080" lon="5.331631"><ele>705.3</ele></trkpt>
    <trkpt lat="44.222099" lon="5.331533"><ele>705.5</ele></trkpt>
    <trkpt lat="44.222181" lon="5.331237"><ele>706.7</ele></trkpt>
    <trkpt lat="44.222216" lon="5.331138"><ele>707.0</ele></trkpt>
    <trkpt lat="44.222328" lon="5.330835"><ele>708.1</ele></trkpt>
    <trkpt lat="44.222472" lon="5.330431"><ele>711.3</ele></trkpt>
    <trkpt lat="44.222494" lon="5.330330"><ele>711.9</ele></trkpt>
    <trkpt lat="44.222501" lon="5.330237"><ele>712.5</ele></trkpt>
    <trkpt lat="44.222488" lon="5.330142"><ele>713.2</ele></trkpt>
    <trkpt lat="44.222429" lon="5.329929"><ele>714.3</ele></trkpt>
    <trkpt lat="44.222396" lon="5.329841"><ele>714.7</ele></trkpt>
    <trkpt lat="44.222349" lon="5.329754"><ele>714.9</ele></trkpt>
    <trkpt lat="44.222318" lon="5.329713"><ele>714.9</ele></trkpt>
    <trkpt lat="44.222213" lon="5.329679"><ele>713.8</ele></trkpt>
    <trkpt lat="44.222156" lon="5.329645"><ele>714.4</ele></trkpt>
    <trkpt lat="44.221928" lon="5.329460"><ele>718.0</ele></trkpt>
    <trkpt lat="44.221888" lon="5.329408"><ele>719.9</ele></trkpt>
    <trkpt lat="44.221874" lon="5.329335"><ele>722.0</ele></trkpt>
    <trkpt lat="44.221920" lon="5.329327"><ele>721.4</ele></trkpt>
    <trkpt lat="44.222104" lon="5.329417"><ele>718.7</ele></trkpt>
    <trkpt lat="44.222167" lon="5.329418"><ele>718.7</ele></trkpt>
    <trkpt lat="44.222214" lon="5.329391"><ele>719.3</ele></trkpt>
    <trkpt lat="44.222347" lon="5.329210"><ele>724.6</ele></trkpt>
    <trkpt lat="44.222411" lon="5.329184"><ele>725.4</ele></trkpt>
    <trkpt lat="44.222468" lon="5.329208"><ele>725.2</ele></trkpt>
    <trkpt lat="44.222508" lon="5.329272"><ele>724.6</ele></trkpt>
    <trkpt lat="44.222542" lon="5.329351"><ele>723.9</ele></trkpt>
    <trkpt lat="44.222578" lon="5.329371"><ele>724.2</ele></trkpt>
    <trkpt lat="44.222611" lon="5.329356"><ele>724.9</ele></trkpt>
    <trkpt lat="44.222716" lon="5.329194"><ele>727.4</ele></trkpt>
    <trkpt lat="44.222725" lon="5.329180"><ele>727.5</ele></trkpt>
    <trkpt lat="44.222761" lon="5.329090"><ele>728.5</ele></trkpt>
    <trkpt lat="44.222851" lon="5.328934"><ele>730.0</ele></trkpt>
    <trkpt lat="44.222861" lon="5.328920"><ele>730.1</ele></trkpt>
    <trkpt lat="44.222890" lon="5.328881"><ele>730.4</ele></trkpt>
    <trkpt lat="44.222978" lon="5.328797"><ele>730.9</ele></trkpt>
    <trkpt lat="44.223092" lon="5.328755"><ele>730.9</ele></trkpt>
    <trkpt lat="44.223277" lon="5.328731"><ele>730.5</ele></trkpt>
    <trkpt lat="44.223381" lon="5.328713"><ele>730.3</ele></trkpt>
    <trkpt lat="44.223669" lon="5.328628"><ele>729.1</ele></trkpt>
    <trkpt lat="44.224249" lon="5.328506"><ele>727.9</ele></trkpt>
    <trkpt lat="44.224463" lon="5.328468"><ele>727.6</ele></trkpt>
    <trkpt lat="44.224522" lon="5.328444"><ele>727.7</ele></trkpt>
    <trkpt lat="44.224582" lon="5.328419"><ele>727.9</ele></trkpt>
    <trkpt lat="44.224654" lon="5.328343"><ele>727.4</ele></trkpt>
    <trkpt lat="44.224690" lon="5.328305"><ele>727.1</ele></trkpt>
    <trkpt lat="44.224723" lon="5.328258"><ele>726.4</ele></trkpt>
    <trkpt lat="44.224756" lon="5.328212"><ele>725.9</ele></trkpt>
    <trkpt lat="44.224797" lon="5.328162"><ele>725.3</ele></trkpt>
    <trkpt lat="44.224902" lon="5.328034"><ele>723.5</ele></trkpt>
    <trkpt lat="44.224992" lon="5.327931"><ele>721.8</ele></trkpt>
    <trkpt lat="44.225037" lon="5.327879"><ele>721.2</ele></trkpt>
    <trkpt lat="44.225082" lon="5.327827"><ele>720.7</ele></trkpt>
    <trkpt lat="44.225134" lon="5.327780"><ele>720.5</ele></trkpt>
    <trkpt lat="44.225240" lon="5.327687"><ele>719.8</ele></trkpt>
    <trkpt lat="44.225452" lon="5.327499"><ele>720.0</ele></trkpt>
    <trkpt lat="44.225506" lon="5.327468"><ele>720.6</ele></trkpt>
    <trkpt lat="44.225559" lon="5.327436"><ele>721.2</ele></trkpt>
    <trkpt lat="44.225614" lon="5.327411"><ele>721.1</ele></trkpt>
    <trkpt lat="44.225724" lon="5.327360"><ele>720.8</ele></trkpt>
    <trkpt lat="44.225835" lon="5.327309"><ele>720.5</ele></trkpt>
    <trkpt lat="44.225890" lon="5.327283"><ele>720.6</ele></trkpt>
    <trkpt lat="44.225933" lon="5.327251"><ele>720.3</ele></trkpt>
    <trkpt lat="44.225975" lon="5.327219"><ele>720.0</ele></trkpt>
    <trkpt lat="44.226025" lon="5.327170"><ele>719.6</ele></trkpt>
    <trkpt lat="44.226074" lon="5.327122"><ele>719.3</ele></trkpt>
    <trkpt lat="44.226123" lon="5.327069"><ele>718.7</ele></trkpt>
    <trkpt lat="44.226172" lon="5.327015"><ele>717.6</ele></trkpt>
    <trkpt lat="44.226221" lon="5.326962"><ele>716.4</ele></trkpt>
    <trkpt lat="44.226270" lon="5.326909"><ele>715.0</ele></trkpt>
    <trkpt lat="44.226353" lon="5.326873"><ele>713.9</ele></trkpt>
    <trkpt lat="44.226385" lon="5.326876"><ele>714.0</ele></trkpt>
    <trkpt lat="44.226417" lon="5.326880"><ele>713.7</ele></trkpt>
    <trkpt lat="44.226445" lon="5.326908"><ele>714.0</ele></trkpt>
    <trkpt lat="44.226474" lon="5.326936"><ele>714.2</ele></trkpt>
    <trkpt lat="44.226509" lon="5.326997"><ele>715.4</ele></trkpt>
    <trkpt lat="44.226544" lon="5.327057"><ele>716.4</ele></trkpt>
    <trkpt lat="44.226580" lon="5.327117"><ele>717.5</ele></trkpt>
    <trkpt lat="44.226645" lon="5.327174"><ele>718.0</ele></trkpt>
    <trkpt lat="44.226714" lon="5.327192"><ele>717.3</ele></trkpt>
    <trkpt lat="44.226824" lon="5.327211"><ele>715.9</ele></trkpt>
    <trkpt lat="44.226885" lon="5.327208"><ele>714.7</ele></trkpt>
    <trkpt lat="44.227007" lon="5.327203"><ele>713.3</ele></trkpt>
    <trkpt lat="44.227130" lon="5.327197"><ele>712.7</ele></trkpt>
    <trkpt lat="44.227191" lon="5.327194"><ele>712.4</ele></trkpt>
    <trkpt lat="44.227559" lon="5.327281"><ele>710.9</ele></trkpt>
    <trkpt lat="44.227736" lon="5.327373"><ele>709.2</ele></trkpt>
    <trkpt lat="44.227831" lon="5.327438"><ele>708.4</ele></trkpt>
    <trkpt lat="44.227870" lon="5.327466"><ele>708.0</ele></trkpt>
    <trkpt lat="44.227910" lon="5.327494"><ele>707.5</ele></trkpt>
    <trkpt lat="44.227986" lon="5.327575"><ele>707.1</ele></trkpt>
    <trkpt lat="44.228024" lon="5.327615"><ele>706.9</ele></trkpt>
    <trkpt lat="44.228056" lon="5.327675"><ele>707.4</ele></trkpt>
    <trkpt lat="44.228120" lon="5.327797"><ele>707.4</ele></trkpt>
    <trkpt lat="44.228149" lon="5.327861"><ele>707.2</ele></trkpt>
    <trkpt lat="44.228177" lon="5.327925"><ele>707.0</ele></trkpt>
    <trkpt lat="44.228205" lon="5.327989"><ele>706.8</ele></trkpt>
    <trkpt lat="44.228275" lon="5.328132"><ele>705.5</ele></trkpt>
    <trkpt lat="44.228306" lon="5.328195"><ele>705.0</ele></trkpt>
    <trkpt lat="44.228367" lon="5.328319"><ele>704.2</ele></trkpt>
    <trkpt lat="44.228393" lon="5.328368"><ele>704.1</ele></trkpt>
    <trkpt lat="44.228420" lon="5.328418"><ele>704.2</ele></trkpt>
    <trkpt lat="44.228550" lon="5.328627"><ele>704.0</ele></trkpt>
    <trkpt lat="44.228618" lon="5.328720"><ele>703.2</ele></trkpt>
    <trkpt lat="44.228683" lon="5.328784"><ele>703.1</ele></trkpt>
    <trkpt lat="44.228729" lon="5.328814"><ele>702.7</ele></trkpt>
    <trkpt lat="44.228774" lon="5.328844"><ele>702.4</ele></trkpt>
    <trkpt lat="44.228827" lon="5.328863"><ele>701.7</ele></trkpt>
    <trkpt lat="44.228880" lon="5.328882"><ele>701.0</ele></trkpt>
    <trkpt lat="44.228931" lon="5.328883"><ele>700.5</ele></trkpt>
    <trkpt lat="44.228982" lon="5.328883"><ele>700.2</ele></trkpt>
    <trkpt lat="44.229071" lon="5.328868"><ele>699.2</ele></trkpt>
    <trkpt lat="44.229195" lon="5.328848"><ele>698.4</ele></trkpt>
    <trkpt lat="44.229256" lon="5.328838"><ele>699.1</ele></trkpt>
    <trkpt lat="44.229290" lon="5.328832"><ele>699.4</ele></trkpt>
    <trkpt lat="44.229323" lon="5.328826"><ele>699.8</ele></trkpt>
    <trkpt lat="44.229363" lon="5.328795"><ele>699.7</ele></trkpt>
    <trkpt lat="44.229402" lon="5.328763"><ele>699.6</ele></trkpt>
    <trkpt lat="44.229450" lon="5.328654"><ele>698.1</ele></trkpt>
    <trkpt lat="44.229482" lon="5.328539"><ele>696.7</ele></trkpt>
    <trkpt lat="44.229521" lon="5.328330"><ele>693.7</ele></trkpt>
    <trkpt lat="44.229529" lon="5.328265"><ele>692.7</ele></trkpt>
    <trkpt lat="44.229537" lon="5.328199"><ele>691.8</ele></trkpt>
    <trkpt lat="44.229585" lon="5.328041"><ele>690.3</ele></trkpt>
    <trkpt lat="44.229619" lon="5.327931"><ele>689.2</ele></trkpt>
    <trkpt lat="44.229713" lon="5.327783"><ele>689.8</ele></trkpt>
    <trkpt lat="44.229766" lon="5.327731"><ele>690.4</ele></trkpt>
    <trkpt lat="44.229804" lon="5.327720"><ele>691.3</ele></trkpt>
    <trkpt lat="44.229837" lon="5.327721"><ele>692.2</ele></trkpt>
    <trkpt lat="44.229854" lon="5.327729"><ele>692.8</ele></trkpt>
    <trkpt lat="44.229900" lon="5.327710"><ele>693.7</ele></trkpt>
    <trkpt lat="44.229992" lon="5.327673"><ele>695.5</ele></trkpt>
    <trkpt lat="44.230051" lon="5.327633"><ele>696.0</ele></trkpt>
    <trkpt lat="44.230386" lon="5.327392"><ele>698.0</ele></trkpt>
    <trkpt lat="44.230431" lon="5.327354"><ele>698.2</ele></trkpt>
    <trkpt lat="44.230476" lon="5.327315"><ele>698.3</ele></trkpt>
    <trkpt lat="44.230567" lon="5.327238"><ele>698.5</ele></trkpt>
    <trkpt lat="44.230612" lon="5.327200"><ele>698.6</ele></trkpt>
    <trkpt lat="44.230658" lon="5.327147"><ele>698.4</ele></trkpt>
    <trkpt lat="44.230843" lon="5.326937"><ele>699.0</ele></trkpt>
    <trkpt lat="44.230935" lon="5.326831"><ele>699.0</ele></trkpt>
    <trkpt lat="44.230971" lon="5.326779"><ele>699.0</ele></trkpt>
    <trkpt lat="44.231008" lon="5.326727"><ele>699.1</ele></trkpt>
    <trkpt lat="44.231103" lon="5.326546"><ele>698.6</ele></trkpt>
    <trkpt lat="44.231135" lon="5.326486"><ele>698.6</ele></trkpt>
    <trkpt lat="44.231167" lon="5.326426"><ele>698.8</ele></trkpt>
    <trkpt lat="44.231199" lon="5.326366"><ele>698.9</ele></trkpt>
    <trkpt lat="44.231241" lon="5.326319"><ele>699.4</ele></trkpt>
    <trkpt lat="44.231283" lon="5.326273"><ele>699.9</ele></trkpt>
    <trkpt lat="44.231325" lon="5.326226"><ele>700.4</ele></trkpt>
    <trkpt lat="44.231368" lon="5.326179"><ele>700.9</ele></trkpt>
    <trkpt lat="44.231541" lon="5.326025"><ele>702.0</ele></trkpt>
    <trkpt lat="44.231642" lon="5.325955"><ele>703.1</ele></trkpt>
    <trkpt lat="44.231692" lon="5.325920"><ele>703.4</ele></trkpt>
    <trkpt lat="44.231803" lon="5.325886"><ele>704.9</ele></trkpt>
    <trkpt lat="44.231892" lon="5.325902"><ele>707.3</ele></trkpt>
    <trkpt lat="44.231926" lon="5.325931"><ele>708.7</ele></trkpt>
    <trkpt lat="44.231966" lon="5.325880"><ele>708.4</ele></trkpt>
    <trkpt lat="44.232087" lon="5.325725"><ele>706.8</ele></trkpt>
    <trkpt lat="44.232168" lon="5.325622"><ele>706.2</ele></trkpt>
    <trkpt lat="44.232313" lon="5.325392"><ele>704.5</ele></trkpt>
    <trkpt lat="44.232363" lon="5.325358"><ele>705.1</ele></trkpt>
    <trkpt lat="44.232462" lon="5.325289"><ele>706.2</ele></trkpt>
    <trkpt lat="44.232562" lon="5.325220"><ele>707.4</ele></trkpt>
    <trkpt lat="44.232612" lon="5.325185"><ele>708.1</ele></trkpt>
    <trkpt lat="44.232687" lon="5.325086"><ele>708.0</ele></trkpt>
    <trkpt lat="44.232725" lon="5.325036"><ele>708.0</ele></trkpt>
    <trkpt lat="44.232763" lon="5.324986"><ele>708.1</ele></trkpt>
    <trkpt lat="44.232795" lon="5.324914"><ele>707.5</ele></trkpt>
    <trkpt lat="44.232828" lon="5.324842"><ele>706.9</ele></trkpt>
    <trkpt lat="44.232861" lon="5.324770"><ele>706.3</ele></trkpt>
    <trkpt lat="44.232897" lon="5.324707"><ele>705.9</ele></trkpt>
    <trkpt lat="44.232933" lon="5.324644"><ele>705.5</ele></trkpt>
    <trkpt lat="44.232969" lon="5.324582"><ele>705.0</ele></trkpt>
    <trkpt lat="44.233006" lon="5.324519"><ele>704.5</ele></trkpt>
    <trkpt lat="44.233273" lon="5.324245"><ele>706.2</ele></trkpt>
    <trkpt lat="44.233618" lon="5.323898"><ele>706.4</ele></trkpt>
    <trkpt lat="44.233663" lon="5.323862"><ele>706.2</ele></trkpt>
    <trkpt lat="44.233702" lon="5.323813"><ele>705.6</ele></trkpt>
    <trkpt lat="44.233740" lon="5.323764"><ele>705.0</ele></trkpt>
    <trkpt lat="44.233809" lon="5.323644"><ele>702.8</ele></trkpt>
    <trkpt lat="44.233838" lon="5.323589"><ele>701.9</ele></trkpt>
    <trkpt lat="44.233896" lon="5.323478"><ele>700.7</ele></trkpt>
    <trkpt lat="44.233984" lon="5.323373"><ele>700.1</ele></trkpt>
    <trkpt lat="44.234113" lon="5.323242"><ele>700.6</ele></trkpt>
    <trkpt lat="44.234340" lon="5.323106"><ele>703.5</ele></trkpt>
    <trkpt lat="44.234526" lon="5.322827"><ele>706.2</ele></trkpt>
    <trkpt lat="44.234635" lon="5.322552"><ele>708.0</ele></trkpt>
    <trkpt lat="44.234671" lon="5.322460"><ele>708.4</ele></trkpt>
    <trkpt lat="44.234704" lon="5.322432"><ele>709.1</ele></trkpt>
    <trkpt lat="44.234754" lon="5.322448"><ele>710.7</ele></trkpt>
    <trkpt lat="44.234786" lon="5.322547"><ele>712.2</ele></trkpt>
    <trkpt lat="44.234792" lon="5.322647"><ele>712.8</ele></trkpt>
    <trkpt lat="44.234797" lon="5.322747"><ele>713.3</ele></trkpt>
    <trkpt lat="44.234827" lon="5.322982"><ele>715.1</ele></trkpt>
    <trkpt lat="44.234919" lon="5.323322"><ele>721.3</ele></trkpt>
    <trkpt lat="44.234969" lon="5.323377"><ele>723.9</ele></trkpt>
    <trkpt lat="44.235022" lon="5.323315"><ele>724.4</ele></trkpt>
    <trkpt lat="44.235097" lon="5.323150"><ele>724.7</ele></trkpt>
    <trkpt lat="44.235213" lon="5.322912"><ele>726.6</ele></trkpt>
    <trkpt lat="44.235308" lon="5.322738"><ele>729.0</ele></trkpt>
    <trkpt lat="44.235406" lon="5.322535"><ele>732.2</ele></trkpt>
    <trkpt lat="44.235510" lon="5.322239"><ele>735.4</ele></trkpt>
    <trkpt lat="44.235538" lon="5.322124"><ele>736.0</ele></trkpt>
    <trkpt lat="44.235605" lon="5.321938"><ele>737.2</ele></trkpt>
    <trkpt lat="44.235669" lon="5.321858"><ele>738.2</ele></trkpt>
    <trkpt lat="44.235724" lon="5.321790"><ele>739.1</ele></trkpt>
    <trkpt lat="44.235783" lon="5.321744"><ele>740.3</ele></trkpt>
    <trkpt lat="44.235842" lon="5.321698"><ele>741.4</ele></trkpt>
    <trkpt lat="44.235923" lon="5.321690"><ele>742.8</ele></trkpt>
    <trkpt lat="44.236017" lon="5.321720"><ele>744.7</ele></trkpt>
    <trkpt lat="44.236154" lon="5.321850"><ele>747.6</ele></trkpt>
    <trkpt lat="44.236416" lon="5.322052"><ele>751.6</ele></trkpt>
    <trkpt lat="44.236546" lon="5.322223"><ele>753.4</ele></trkpt>
    <trkpt lat="44.236577" lon="5.322347"><ele>754.7</ele></trkpt>
    <trkpt lat="44.236579" lon="5.322455"><ele>755.8</ele></trkpt>
    <trkpt lat="44.236574" lon="5.322565"><ele>757.0</ele></trkpt>
    <trkpt lat="44.236566" lon="5.322621"><ele>757.5</ele></trkpt>
    <trkpt lat="44.236556" lon="5.322729"><ele>758.5</ele></trkpt>
    <trkpt lat="44.236546" lon="5.322838"><ele>759.4</ele></trkpt>
    <trkpt lat="44.236545" lon="5.322863"><ele>759.6</ele></trkpt>
    <trkpt lat="44.236555" lon="5.323203"><ele>762.4</ele></trkpt>
    <trkpt lat="44.236562" lon="5.323288"><ele>763.2</ele></trkpt>
    <trkpt lat="44.236569" lon="5.323374"><ele>764.1</ele></trkpt>
    <trkpt lat="44.236569" lon="5.323450"><ele>764.9</ele></trkpt>
    <trkpt lat="44.236543" lon="5.323525"><ele>765.6</ele></trkpt>
    <trkpt lat="44.236507" lon="5.323575"><ele>766.0</ele></trkpt>
    <trkpt lat="44.236458" lon="5.323615"><ele>766.3</ele></trkpt>
    <trkpt lat="44.236408" lon="5.323655"><ele>766.7</ele></trkpt>
    <trkpt lat="44.236290" lon="5.323833"><ele>768.1</ele></trkpt>
    <trkpt lat="44.236231" lon="5.323922"><ele>769.0</ele></trkpt>
    <trkpt lat="44.236182" lon="5.324016"><ele>770.5</ele></trkpt>
    <trkpt lat="44.236133" lon="5.324110"><ele>772.0</ele></trkpt>
    <trkpt lat="44.235968" lon="5.324264"><ele>772.7</ele></trkpt>
    <trkpt lat="44.235886" lon="5.324341"><ele>773.2</ele></trkpt>
    <trkpt lat="44.235796" lon="5.324488"><ele>775.3</ele></trkpt>
    <trkpt lat="44.235736" lon="5.324586"><ele>776.3</ele></trkpt>
    <trkpt lat="44.235763" lon="5.324953"><ele>783.2</ele></trkpt>
    <trkpt lat="44.235711" lon="5.325043"><ele>783.9</ele></trkpt>
    <trkpt lat="44.235608" lon="5.325223"><ele>785.6</ele></trkpt>
    <trkpt lat="44.235482" lon="5.325399"><ele>786.2</ele></trkpt>
    <trkpt lat="44.235429" lon="5.325456"><ele>786.1</ele></trkpt>
    <trkpt lat="44.235423" lon="5.325570"><ele>787.3</ele></trkpt>
    <trkpt lat="44.235493" lon="5.325653"><ele>789.4</ele></trkpt>
    <trkpt lat="44.235577" lon="5.325679"><ele>791.2</ele></trkpt>
    <trkpt lat="44.235661" lon="5.325704"><ele>793.0</ele></trkpt>
    <trkpt lat="44.235745" lon="5.325730"><ele>794.9</ele></trkpt>
    <trkpt lat="44.235829" lon="5.325755"><ele>796.8</ele></trkpt>
    <trkpt lat="44.235877" lon="5.325894"><ele>799.9</ele></trkpt>
    <trkpt lat="44.235885" lon="5.326038"><ele>801.8</ele></trkpt>
    <trkpt lat="44.235882" lon="5.326124"><ele>802.7</ele></trkpt>
    <trkpt lat="44.235878" lon="5.326209"><ele>803.7</ele></trkpt>
    <trkpt lat="44.235813" lon="5.326644"><ele>807.5</ele></trkpt>
    <trkpt lat="44.235781" lon="5.326714"><ele>808.0</ele></trkpt>
    <trkpt lat="44.235748" lon="5.326784"><ele>808.6</ele></trkpt>
    <trkpt lat="44.235686" lon="5.326857"><ele>809.0</ele></trkpt>
    <trkpt lat="44.235560" lon="5.327006"><ele>810.4</ele></trkpt>
    <trkpt lat="44.235492" lon="5.327088"><ele>811.5</ele></trkpt>
    <trkpt lat="44.235513" lon="5.327152"><ele>813.1</ele></trkpt>
    <trkpt lat="44.235556" lon="5.327190"><ele>814.3</ele></trkpt>
    <trkpt lat="44.235600" lon="5.327229"><ele>815.7</ele></trkpt>
    <trkpt lat="44.235983" lon="5.327385"><ele>823.7</ele></trkpt>
    <trkpt lat="44.236038" lon="5.327389"><ele>824.4</ele></trkpt>
    <trkpt lat="44.236113" lon="5.327382"><ele>825.1</ele></trkpt>
    <trkpt lat="44.236187" lon="5.327355"><ele>825.9</ele></trkpt>
    <trkpt lat="44.236349" lon="5.327372"><ele>829.5</ele></trkpt>
    <trkpt lat="44.236401" lon="5.327423"><ele>831.7</ele></trkpt>
    <trkpt lat="44.236429" lon="5.327436"><ele>832.7</ele></trkpt>
    <trkpt lat="44.236467" lon="5.327426"><ele>833.4</ele></trkpt>
    <trkpt lat="44.236499" lon="5.327378"><ele>833.3</ele></trkpt>
    <trkpt lat="44.236623" lon="5.327171"><ele>833.2</ele></trkpt>
    <trkpt lat="44.236741" lon="5.327009"><ele>834.9</ele></trkpt>
    <trkpt lat="44.236784" lon="5.326976"><ele>835.8</ele></trkpt>
    <trkpt lat="44.236831" lon="5.326960"><ele>836.9</ele></trkpt>
    <trkpt lat="44.236860" lon="5.326963"><ele>837.8</ele></trkpt>
    <trkpt lat="44.236882" lon="5.326965"><ele>838.5</ele></trkpt>
    <trkpt lat="44.236998" lon="5.327031"><ele>841.9</ele></trkpt>
    <trkpt lat="44.237135" lon="5.327067"><ele>844.4</ele></trkpt>
    <trkpt lat="44.237208" lon="5.327058"><ele>845.3</ele></trkpt>
    <trkpt lat="44.237301" lon="5.327067"><ele>846.1</ele></trkpt>
    <trkpt lat="44.237401" lon="5.327092"><ele>847.2</ele></trkpt>
    <trkpt lat="44.237470" lon="5.327124"><ele>848.3</ele></trkpt>
    <trkpt lat="44.237522" lon="5.327174"><ele>850.1</ele></trkpt>
    <trkpt lat="44.237525" lon="5.327204"><ele>850.9</ele></trkpt>
    <trkpt lat="44.237445" lon="5.327237"><ele>851.0</ele></trkpt>
    <trkpt lat="44.237365" lon="5.327269"><ele>851.1</ele></trkpt>
    <trkpt lat="44.237327" lon="5.327314"><ele>851.9</ele></trkpt>
    <trkpt lat="44.237063" lon="5.327873"><ele>857.5</ele></trkpt>
    <trkpt lat="44.237037" lon="5.327948"><ele>858.0</ele></trkpt>
    <trkpt lat="44.237084" lon="5.327966"><ele>859.6</ele></trkpt>
    <trkpt lat="44.237152" lon="5.327914"><ele>860.6</ele></trkpt>
    <trkpt lat="44.237208" lon="5.327863"><ele>861.2</ele></trkpt>
    <trkpt lat="44.237265" lon="5.327811"><ele>861.4</ele></trkpt>
    <trkpt lat="44.237329" lon="5.327801"><ele>862.4</ele></trkpt>
    <trkpt lat="44.237394" lon="5.327791"><ele>863.4</ele></trkpt>
    <trkpt lat="44.237274" lon="5.328017"><ele>865.4</ele></trkpt>
    <trkpt lat="44.237174" lon="5.328236"><ele>867.1</ele></trkpt>
    <trkpt lat="44.237152" lon="5.328305"><ele>867.9</ele></trkpt>
    <trkpt lat="44.237162" lon="5.328408"><ele>870.4</ele></trkpt>
    <trkpt lat="44.237273" lon="5.328862"><ele>881.4</ele></trkpt>
    <trkpt lat="44.237299" lon="5.328941"><ele>883.3</ele></trkpt>
    <trkpt lat="44.237354" lon="5.328982"><ele>885.0</ele></trkpt>
    <trkpt lat="44.237429" lon="5.328944"><ele>885.7</ele></trkpt>
    <trkpt lat="44.237527" lon="5.328910"><ele>887.0</ele></trkpt>
    <trkpt lat="44.237828" lon="5.328867"><ele>892.8</ele></trkpt>
    <trkpt lat="44.238251" lon="5.328836"><ele>901.8</ele></trkpt>
    <trkpt lat="44.238340" lon="5.328860"><ele>904.3</ele></trkpt>
    <trkpt lat="44.238516" lon="5.328908"><ele>909.5</ele></trkpt>
    <trkpt lat="44.238592" lon="5.328953"><ele>912.4</ele></trkpt>
    <trkpt lat="44.238640" lon="5.329005"><ele>915.2</ele></trkpt>
    <trkpt lat="44.238688" lon="5.328992"><ele>916.2</ele></trkpt>
    <trkpt lat="44.238730" lon="5.328948"><ele>916.1</ele></trkpt>
    <trkpt lat="44.238785" lon="5.328881"><ele>915.9</ele></trkpt>
    <trkpt lat="44.238841" lon="5.328814"><ele>916.2</ele></trkpt>
    <trkpt lat="44.238896" lon="5.328747"><ele>916.7</ele></trkpt>
    <trkpt lat="44.238945" lon="5.328705"><ele>917.6</ele></trkpt>
    <trkpt lat="44.238994" lon="5.328662"><ele>918.5</ele></trkpt>
    <trkpt lat="44.239018" lon="5.328677"><ele>919.6</ele></trkpt>
    <trkpt lat="44.239025" lon="5.328731"><ele>921.0</ele></trkpt>
    <trkpt lat="44.239003" lon="5.328862"><ele>923.0</ele></trkpt>
    <trkpt lat="44.238952" lon="5.329065"><ele>926.9</ele></trkpt>
    <trkpt lat="44.238907" lon="5.329227"><ele>930.5</ele></trkpt>
    <trkpt lat="44.238884" lon="5.329263"><ele>931.0</ele></trkpt>
    <trkpt lat="44.238814" lon="5.329333"><ele>931.7</ele></trkpt>
    <trkpt lat="44.238744" lon="5.329404"><ele>932.2</ele></trkpt>
    <trkpt lat="44.238675" lon="5.329475"><ele>932.6</ele></trkpt>
    <trkpt lat="44.238599" lon="5.329563"><ele>933.8</ele></trkpt>
    <trkpt lat="44.238523" lon="5.329651"><ele>935.1</ele></trkpt>
    <trkpt lat="44.238471" lon="5.329743"><ele>937.4</ele></trkpt>
    <trkpt lat="44.238415" lon="5.329857"><ele>940.8</ele></trkpt>
    <trkpt lat="44.238331" lon="5.330078"><ele>947.6</ele></trkpt>
    <trkpt lat="44.238042" lon="5.330745"><ele>964.0</ele></trkpt>
    <trkpt lat="44.237873" lon="5.330959"><ele>966.2</ele></trkpt>
    <trkpt lat="44.237818" lon="5.330995"><ele>965.8</ele></trkpt>
    <trkpt lat="44.237795" lon="5.331059"><ele>967.5</ele></trkpt>
    <trkpt lat="44.237773" lon="5.331124"><ele>969.2</ele></trkpt>
    <trkpt lat="44.237753" lon="5.331244"><ele>972.5</ele></trkpt>
    <trkpt lat="44.237734" lon="5.331479"><ele>979.3</ele></trkpt>
    <trkpt lat="44.237718" lon="5.332080"><ele>992.3</ele></trkpt>
    <trkpt lat="44.237743" lon="5.332448"><ele>997.4</ele></trkpt>
    <trkpt lat="44.237784" lon="5.332534"><ele>998.4</ele></trkpt>
    <trkpt lat="44.237855" lon="5.332661"><ele>1000.3</ele></trkpt>
    <trkpt lat="44.237948" lon="5.332985"><ele>1004.5</ele></trkpt>
    <trkpt lat="44.238046" lon="5.333314"><ele>1009.6</ele></trkpt>
    <trkpt lat="44.238090" lon="5.333367"><ele>1011.0</ele></trkpt>
    <trkpt lat="44.238132" lon="5.333443"><ele>1012.8</ele></trkpt>
    <trkpt lat="44.238167" lon="5.333558"><ele>1015.2</ele></trkpt>
    <trkpt lat="44.238159" lon="5.333692"><ele>1017.5</ele></trkpt>
    <trkpt lat="44.238137" lon="5.333795"><ele>1018.9</ele></trkpt>
    <trkpt lat="44.238092" lon="5.334153"><ele>1024.4</ele></trkpt>
    <trkpt lat="44.238090" lon="5.334230"><ele>1025.5</ele></trkpt>
    <trkpt lat="44.238086" lon="5.334357"><ele>1027.3</ele></trkpt>
    <trkpt lat="44.238081" lon="5.334484"><ele>1028.9</ele></trkpt>
    <trkpt lat="44.238072" lon="5.334584"><ele>1029.7</ele></trkpt>
    <trkpt lat="44.238055" lon="5.334783"><ele>1031.6</ele></trkpt>
    <trkpt lat="44.238049" lon="5.334846"><ele>1032.3</ele></trkpt>
    <trkpt lat="44.238041" lon="5.334945"><ele>1033.3</ele></trkpt>
    <trkpt lat="44.238091" lon="5.334914"><ele>1033.0</ele></trkpt>
    <trkpt lat="44.238157" lon="5.334846"><ele>1032.6</ele></trkpt>
    <trkpt lat="44.238385" lon="5.334558"><ele>1033.4</ele></trkpt>
    <trkpt lat="44.238467" lon="5.334483"><ele>1033.5</ele></trkpt>
    <trkpt lat="44.238657" lon="5.334478"><ele>1034.0</ele></trkpt>
    <trkpt lat="44.238945" lon="5.334542"><ele>1033.8</ele></trkpt>
    <trkpt lat="44.239233" lon="5.334360"><ele>1037.2</ele></trkpt>
    <trkpt lat="44.239418" lon="5.334222"><ele>1041.0</ele></trkpt>
    <trkpt lat="44.239709" lon="5.334052"><ele>1047.1</ele></trkpt>
    <trkpt lat="44.240109" lon="5.333846"><ele>1053.9</ele></trkpt>
    <trkpt lat="44.240711" lon="5.333562"><ele>1059.9</ele></trkpt>
    <trkpt lat="44.240971" lon="5.333192"><ele>1064.3</ele></trkpt>
    <trkpt lat="44.241193" lon="5.332806"><ele>1069.3</ele></trkpt>
    <trkpt lat="44.241296" lon="5.332596"><ele>1071.4</ele></trkpt>
    <trkpt lat="44.241398" lon="5.332416"><ele>1073.4</ele></trkpt>
    <trkpt lat="44.241504" lon="5.332253"><ele>1075.1</ele></trkpt>
    <trkpt lat="44.241621" lon="5.332102"><ele>1076.9</ele></trkpt>
    <trkpt lat="44.241765" lon="5.331999"><ele>1078.9</ele></trkpt>
    <trkpt lat="44.242203" lon="5.331745"><ele>1085.4</ele></trkpt>
    <trkpt lat="44.242518" lon="5.331626"><ele>1090.4</ele></trkpt>
    <trkpt lat="44.242677" lon="5.331422"><ele>1093.4</ele></trkpt>
    <trkpt lat="44.242981" lon="5.331188"><ele>1098.6</ele></trkpt>
    <trkpt lat="44.243136" lon="5.330991"><ele>1101.3</ele></trkpt>
    <trkpt lat="44.243214" lon="5.330932"><ele>1102.6</ele></trkpt>
    <trkpt lat="44.243376" lon="5.330840"><ele>1105.7</ele></trkpt>
    <trkpt lat="44.243591" lon="5.330719"><ele>1109.6</ele></trkpt>
    <trkpt lat="44.243874" lon="5.330561"><ele>1113.8</ele></trkpt>
    <trkpt lat="44.244159" lon="5.330434"><ele>1118.8</ele></trkpt>
    <trkpt lat="44.244415" lon="5.330310"><ele>1123.3</ele></trkpt>
    <trkpt lat="44.244499" lon="5.330265"><ele>1124.8</ele></trkpt>
    <trkpt lat="44.244584" lon="5.330212"><ele>1126.2</ele></trkpt>
    <trkpt lat="44.244728" lon="5.330121"><ele>1128.6</ele></trkpt>
    <trkpt lat="44.244788" lon="5.330064"><ele>1129.6</ele></trkpt>
    <trkpt lat="44.245098" lon="5.329720"><ele>1136.7</ele></trkpt>
    <trkpt lat="44.245271" lon="5.329490"><ele>1141.3</ele></trkpt>
    <trkpt lat="44.245360" lon="5.329287"><ele>1144.0</ele></trkpt>
    <trkpt lat="44.245501" lon="5.329041"><ele>1147.4</ele></trkpt>
    <trkpt lat="44.245556" lon="5.328955"><ele>1149.0</ele></trkpt>
    <trkpt lat="44.245790" lon="5.328687"><ele>1152.1</ele></trkpt>
    <trkpt lat="44.245998" lon="5.328509"><ele>1154.0</ele></trkpt>
    <trkpt lat="44.246148" lon="5.328387"><ele>1155.4</ele></trkpt>
    <trkpt lat="44.246260" lon="5.328337"><ele>1156.0</ele></trkpt>
    <trkpt lat="44.246376" lon="5.328255"><ele>1156.6</ele></trkpt>
    <trkpt lat="44.246458" lon="5.328133"><ele>1157.2</ele></trkpt>
    <trkpt lat="44.246514" lon="5.328028"><ele>1157.8</ele></trkpt>
    <trkpt lat="44.246647" lon="5.327955"><ele>1158.2</ele></trkpt>
    <trkpt lat="44.246834" lon="5.327939"><ele>1157.4</ele></trkpt>
    <trkpt lat="44.247117" lon="5.327881"><ele>1156.0</ele></trkpt>
    <trkpt lat="44.247300" lon="5.327997"><ele>1153.9</ele></trkpt>
    <trkpt lat="44.247479" lon="5.328043"><ele>1152.2</ele></trkpt>
    <trkpt lat="44.247667" lon="5.328020"><ele>1150.5</ele></trkpt>
    <trkpt lat="44.247771" lon="5.327836"><ele>1150.7</ele></trkpt>
    <trkpt lat="44.247876" lon="5.327708"><ele>1150.5</ele></trkpt>
    <trkpt lat="44.248034" lon="5.327535"><ele>1150.8</ele></trkpt>
    <trkpt lat="44.248122" lon="5.327339"><ele>1151.3</ele></trkpt>
    <trkpt lat="44.248148" lon="5.327250"><ele>1151.8</ele></trkpt>
    <trkpt lat="44.248174" lon="5.327162"><ele>1152.3</ele></trkpt>
    <trkpt lat="44.248282" lon="5.327005"><ele>1152.3</ele></trkpt>
    <trkpt lat="44.248362" lon="5.326940"><ele>1151.6</ele></trkpt>
    <trkpt lat="44.248517" lon="5.326831"><ele>1150.7</ele></trkpt>
    <trkpt lat="44.248609" lon="5.326783"><ele>1149.8</ele></trkpt>
    <trkpt lat="44.248763" lon="5.326606"><ele>1149.7</ele></trkpt>
    <trkpt lat="44.248822" lon="5.326532"><ele>1149.7</ele></trkpt>
    <trkpt lat="44.248868" lon="5.326427"><ele>1150.0</ele></trkpt>
    <trkpt lat="44.248899" lon="5.326323"><ele>1151.0</ele></trkpt>
    <trkpt lat="44.248935" lon="5.326195"><ele>1152.4</ele></trkpt>
    <trkpt lat="44.249060" lon="5.325906"><ele>1154.4</ele></trkpt>
    <trkpt lat="44.249248" lon="5.325689"><ele>1154.2</ele></trkpt>
    <trkpt lat="44.249471" lon="5.325328"><ele>1155.4</ele></trkpt>
    <trkpt lat="44.249626" lon="5.325086"><ele>1155.4</ele></trkpt>
    <trkpt lat="44.249861" lon="5.324628"><ele>1154.4</ele></trkpt>
    <trkpt lat="44.250010" lon="5.324192"><ele>1156.5</ele></trkpt>
    <trkpt lat="44.250051" lon="5.324013"><ele>1158.1</ele></trkpt>
    <trkpt lat="44.250149" lon="5.323798"><ele>1159.6</ele></trkpt>
    <trkpt lat="44.250315" lon="5.323745"><ele>1158.6</ele></trkpt>
    <trkpt lat="44.250474" lon="5.323681"><ele>1157.4</ele></trkpt>
    <trkpt lat="44.250658" lon="5.323439"><ele>1156.5</ele></trkpt>
    <trkpt lat="44.250834" lon="5.323229"><ele>1154.0</ele></trkpt>
    <trkpt lat="44.251066" lon="5.323128"><ele>1148.8</ele></trkpt>
    <trkpt lat="44.251159" lon="5.323112"><ele>1146.8</ele></trkpt>
    <trkpt lat="44.251254" lon="5.323037"><ele>1145.0</ele></trkpt>
    <trkpt lat="44.251364" lon="5.322583"><ele>1142.8</ele></trkpt>
    <trkpt lat="44.251391" lon="5.322442"><ele>1141.5</ele></trkpt>
    <trkpt lat="44.251463" lon="5.322317"><ele>1139.7</ele></trkpt>
    <trkpt lat="44.251619" lon="5.322055"><ele>1136.8</ele></trkpt>
    <trkpt lat="44.251639" lon="5.321787"><ele>1136.1</ele></trkpt>
    <trkpt lat="44.251831" lon="5.321615"><ele>1135.2</ele></trkpt>
    <trkpt lat="44.251885" lon="5.321529"><ele>1134.7</ele></trkpt>
    <trkpt lat="44.252035" lon="5.321033"><ele>1132.4</ele></trkpt>
    <trkpt lat="44.252065" lon="5.320947"><ele>1132.0</ele></trkpt>
    <trkpt lat="44.252133" lon="5.320817"><ele>1131.3</ele></trkpt>
    <trkpt lat="44.252324" lon="5.320580"><ele>1129.4</ele></trkpt>
    <trkpt lat="44.252494" lon="5.320366"><ele>1127.4</ele></trkpt>
    <trkpt lat="44.252714" lon="5.320063"><ele>1123.9</ele></trkpt>
    <trkpt lat="44.252962" lon="5.319826"><ele>1121.0</ele></trkpt>
    <trkpt lat="44.253044" lon="5.319751"><ele>1120.2</ele></trkpt>
    <trkpt lat="44.253253" lon="5.319456"><ele>1118.3</ele></trkpt>
    <trkpt lat="44.253289" lon="5.319385"><ele>1118.2</ele></trkpt>
    <trkpt lat="44.253370" lon="5.319316"><ele>1117.7</ele></trkpt>
    <trkpt lat="44.253463" lon="5.319271"><ele>1116.8</ele></trkpt>
    <trkpt lat="44.253631" lon="5.319221"><ele>1115.1</ele></trkpt>
    <trkpt lat="44.253710" lon="5.319178"><ele>1114.3</ele></trkpt>
    <trkpt lat="44.253775" lon="5.319110"><ele>1113.8</ele></trkpt>
    <trkpt lat="44.253965" lon="5.318851"><ele>1111.5</ele></trkpt>
    <trkpt lat="44.254096" lon="5.318669"><ele>1110.1</ele></trkpt>
    <trkpt lat="44.254163" lon="5.318578"><ele>1109.1</ele></trkpt>
    <trkpt lat="44.254221" lon="5.318511"><ele>1108.3</ele></trkpt>
    <trkpt lat="44.254324" lon="5.318411"><ele>1106.5</ele></trkpt>
    <trkpt lat="44.254404" lon="5.318361"><ele>1104.9</ele></trkpt>
    <trkpt lat="44.254517" lon="5.318316"><ele>1103.5</ele></trkpt>
    <trkpt lat="44.254637" lon="5.318324"><ele>1102.6</ele></trkpt>
    <trkpt lat="44.254697" lon="5.318187"><ele>1101.7</ele></trkpt>
    <trkpt lat="44.254758" lon="5.317990"><ele>1100.4</ele></trkpt>
    <trkpt lat="44.254862" lon="5.317718"><ele>1099.3</ele></trkpt>
    <trkpt lat="44.254910" lon="5.317632"><ele>1099.3</ele></trkpt>
    <trkpt lat="44.254997" lon="5.317540"><ele>1098.9</ele></trkpt>
    <trkpt lat="44.255107" lon="5.317453"><ele>1098.9</ele></trkpt>
    <trkpt lat="44.255206" lon="5.317358"><ele>1098.9</ele></trkpt>
    <trkpt lat="44.255469" lon="5.317008"><ele>1099.4</ele></trkpt>
    <trkpt lat="44.255569" lon="5.316916"><ele>1099.2</ele></trkpt>
    <trkpt lat="44.255652" lon="5.316835"><ele>1099.4</ele></trkpt>
    <trkpt lat="44.255793" lon="5.316631"><ele>1099.8</ele></trkpt>
    <trkpt lat="44.255861" lon="5.316504"><ele>1100.5</ele></trkpt>
    <trkpt lat="44.255878" lon="5.316437"><ele>1101.0</ele></trkpt>
    <trkpt lat="44.255886" lon="5.316250"><ele>1102.4</ele></trkpt>
    <trkpt lat="44.255938" lon="5.316153"><ele>1102.6</ele></trkpt>
    <trkpt lat="44.256014" lon="5.316051"><ele>1102.5</ele></trkpt>
    <trkpt lat="44.256043" lon="5.315982"><ele>1102.7</ele></trkpt>
    <trkpt lat="44.256052" lon="5.315930"><ele>1102.9</ele></trkpt>
    <trkpt lat="44.256003" lon="5.315715"><ele>1104.9</ele></trkpt>
    <trkpt lat="44.255986" lon="5.315591"><ele>1106.0</ele></trkpt>
    <trkpt lat="44.255986" lon="5.315528"><ele>1106.5</ele></trkpt>
    <trkpt lat="44.256008" lon="5.315419"><ele>1106.8</ele></trkpt>
    <trkpt lat="44.256012" lon="5.315359"><ele>1107.2</ele></trkpt>
    <trkpt lat="44.256012" lon="5.315296"><ele>1107.7</ele></trkpt>
    <trkpt lat="44.255999" lon="5.315178"><ele>1108.9</ele></trkpt>
    <trkpt lat="44.255979" lon="5.315117"><ele>1109.8</ele></trkpt>
    <trkpt lat="44.255923" lon="5.314996"><ele>1112.1</ele></trkpt>
    <trkpt lat="44.255903" lon="5.314927"><ele>1113.0</ele></trkpt>
    <trkpt lat="44.255849" lon="5.314670"><ele>1116.4</ele></trkpt>
    <trkpt lat="44.255840" lon="5.314589"><ele>1117.7</ele></trkpt>
    <trkpt lat="44.255842" lon="5.314506"><ele>1118.9</ele></trkpt>
    <trkpt lat="44.255872" lon="5.314353"><ele>1119.7</ele></trkpt>
    <trkpt lat="44.255928" lon="5.314169"><ele>1119.6</ele></trkpt>
    <trkpt lat="44.255977" lon="5.313969"><ele>1118.2</ele></trkpt>
    <trkpt lat="44.255988" lon="5.313865"><ele>1117.8</ele></trkpt>
    <trkpt lat="44.255964" lon="5.313608"><ele>1118.3</ele></trkpt>
    <trkpt lat="44.255977" lon="5.313431"><ele>1116.5</ele></trkpt>
    <trkpt lat="44.255988" lon="5.313323"><ele>1115.3</ele></trkpt>
    <trkpt lat="44.256068" lon="5.313081"><ele>1111.0</ele></trkpt>
    <trkpt lat="44.256118" lon="5.313048"><ele>1108.7</ele></trkpt>
    <trkpt lat="44.256170" lon="5.313031"><ele>1106.4</ele></trkpt>
    <trkpt lat="44.256198" lon="5.312991"><ele>1105.2</ele></trkpt>
    <trkpt lat="44.256240" lon="5.312854"><ele>1103.1</ele></trkpt>
    <trkpt lat="44.256252" lon="5.312704"><ele>1102.0</ele></trkpt>
    <trkpt lat="44.256268" lon="5.312500"><ele>1100.2</ele></trkpt>
    <trkpt lat="44.256314" lon="5.312338"><ele>1097.2</ele></trkpt>
    <trkpt lat="44.256366" lon="5.312199"><ele>1094.5</ele></trkpt>
    <trkpt lat="44.256408" lon="5.312037"><ele>1091.3</ele></trkpt>
    <trkpt lat="44.256414" lon="5.311960"><ele>1090.3</ele></trkpt>
    <trkpt lat="44.256415" lon="5.311940"><ele>1090.1</ele></trkpt>
    <trkpt lat="44.256392" lon="5.311894"><ele>1089.6</ele></trkpt>
    <trkpt lat="44.256392" lon="5.311731"><ele>1085.6</ele></trkpt>
    <trkpt lat="44.256475" lon="5.311670"><ele>1083.1</ele></trkpt>
    <trkpt lat="44.256650" lon="5.311462"><ele>1077.3</ele></trkpt>
    <trkpt lat="44.256725" lon="5.311331"><ele>1074.8</ele></trkpt>
    <trkpt lat="44.256771" lon="5.311193"><ele>1072.7</ele></trkpt>
    <trkpt lat="44.256798" lon="5.311072"><ele>1070.8</ele></trkpt>
    <trkpt lat="44.256794" lon="5.311051"><ele>1070.2</ele></trkpt>
    <trkpt lat="44.256739" lon="5.311040"><ele>1068.6</ele></trkpt>
    <trkpt lat="44.256693" lon="5.311037"><ele>1067.5</ele></trkpt>
    <trkpt lat="44.256610" lon="5.311031"><ele>1065.6</ele></trkpt>
    <trkpt lat="44.256535" lon="5.311020"><ele>1063.9</ele></trkpt>
    <trkpt lat="44.256460" lon="5.310977"><ele>1060.7</ele></trkpt>
    <trkpt lat="44.256375" lon="5.310898"><ele>1055.7</ele></trkpt>
    <trkpt lat="44.256255" lon="5.310827"><ele>1051.7</ele></trkpt>
    <trkpt lat="44.256113" lon="5.310796"><ele>1048.7</ele></trkpt>
    <trkpt lat="44.255994" lon="5.310780"><ele>1046.8</ele></trkpt>
    <trkpt lat="44.255832" lon="5.310820"><ele>1048.1</ele></trkpt>
    <trkpt lat="44.255703" lon="5.310837"><ele>1047.8</ele></trkpt>
    <trkpt lat="44.255572" lon="5.310838"><ele>1046.5</ele></trkpt>
    <trkpt lat="44.255410" lon="5.310813"><ele>1043.8</ele></trkpt>
    <trkpt lat="44.255360" lon="5.310801"><ele>1042.8</ele></trkpt>
    <trkpt lat="44.254745" lon="5.310566"><ele>1030.5</ele></trkpt>
    <trkpt lat="44.254632" lon="5.310508"><ele>1028.0</ele></trkpt>
    <trkpt lat="44.254421" lon="5.310370"><ele>1022.8</ele></trkpt>
    <trkpt lat="44.254360" lon="5.310321"><ele>1021.0</ele></trkpt>
    <trkpt lat="44.254701" lon="5.310321"><ele>1021.5</ele></trkpt>
    <trkpt lat="44.254978" lon="5.310336"><ele>1021.4</ele></trkpt>
    <trkpt lat="44.255119" lon="5.310317"><ele>1020.1</ele></trkpt>
    <trkpt lat="44.255151" lon="5.310301"><ele>1019.4</ele></trkpt>
    <trkpt lat="44.255187" lon="5.310290"><ele>1018.8</ele></trkpt>
    <trkpt lat="44.255222" lon="5.310280"><ele>1018.3</ele></trkpt>
    <trkpt lat="44.255270" lon="5.310274"><ele>1017.9</ele></trkpt>
    <trkpt lat="44.255605" lon="5.310233"><ele>1015.3</ele></trkpt>
    <trkpt lat="44.255690" lon="5.310240"><ele>1015.5</ele></trkpt>
    <trkpt lat="44.255733" lon="5.310243"><ele>1015.6</ele></trkpt>
    <trkpt lat="44.255930" lon="5.310171"><ele>1012.8</ele></trkpt>
    <trkpt lat="44.256138" lon="5.310020"><ele>1006.1</ele></trkpt>
    <trkpt lat="44.256758" lon="5.309454"><ele>989.7</ele></trkpt>
    <trkpt lat="44.256792" lon="5.309418"><ele>989.3</ele></trkpt>
    <trkpt lat="44.256927" lon="5.309275"><ele>988.1</ele></trkpt>
    <trkpt lat="44.256946" lon="5.309245"><ele>987.6</ele></trkpt>
    <trkpt lat="44.256966" lon="5.309215"><ele>987.2</ele></trkpt>
    <trkpt lat="44.256992" lon="5.309118"><ele>984.6</ele></trkpt>
    <trkpt lat="44.257099" lon="5.308941"><ele>981.3</ele></trkpt>
    <trkpt lat="44.257307" lon="5.308606"><ele>975.3</ele></trkpt>
    <trkpt lat="44.257453" lon="5.308371"><ele>970.3</ele></trkpt>
    <trkpt lat="44.257687" lon="5.308031"><ele>963.2</ele></trkpt>
    <trkpt lat="44.257786" lon="5.307857"><ele>959.0</ele></trkpt>
    <trkpt lat="44.258139" lon="5.307442"><ele>948.8</ele></trkpt>
    <trkpt lat="44.258293" lon="5.307301"><ele>945.4</ele></trkpt>
    <trkpt lat="44.258535" lon="5.307007"><ele>938.4</ele></trkpt>
    <trkpt lat="44.258601" lon="5.306920"><ele>936.0</ele></trkpt>
    <trkpt lat="44.258634" lon="5.306877"><ele>934.8</ele></trkpt>
    <trkpt lat="44.258672" lon="5.306841"><ele>933.9</ele></trkpt>
    <trkpt lat="44.258709" lon="5.306806"><ele>932.9</ele></trkpt>
    <trkpt lat="44.258771" lon="5.306758"><ele>931.6</ele></trkpt>
    <trkpt lat="44.259042" lon="5.306616"><ele>928.3</ele></trkpt>
    <trkpt lat="44.259156" lon="5.306566"><ele>927.3</ele></trkpt>
    <trkpt lat="44.259232" lon="5.306538"><ele>927.0</ele></trkpt>
    <trkpt lat="44.259270" lon="5.306513"><ele>926.4</ele></trkpt>
    <trkpt lat="44.259309" lon="5.306489"><ele>925.8</ele></trkpt>
    <trkpt lat="44.259424" lon="5.306415"><ele>923.9</ele></trkpt>
    <trkpt lat="44.259753" lon="5.306109"><ele>915.1</ele></trkpt>
    <trkpt lat="44.259910" lon="5.305937"><ele>910.1</ele></trkpt>
    <trkpt lat="44.259753" lon="5.306109"><ele>915.1</ele></trkpt>
    <trkpt lat="44.259424" lon="5.306415"><ele>923.9</ele></trkpt>
    <trkpt lat="44.259309" lon="5.306489"><ele>925.8</ele></trkpt>
    <trkpt lat="44.259270" lon="5.306513"><ele>926.4</ele></trkpt>
    <trkpt lat="44.259232" lon="5.306538"><ele>927.0</ele></trkpt>
    <trkpt lat="44.259156" lon="5.306566"><ele>927.3</ele></trkpt>
    <trkpt lat="44.259042" lon="5.306616"><ele>928.3</ele></trkpt>
    <trkpt lat="44.258771" lon="5.306758"><ele>931.6</ele></trkpt>
    <trkpt lat="44.258709" lon="5.306806"><ele>932.9</ele></trkpt>
    <trkpt lat="44.258672" lon="5.306841"><ele>933.9</ele></trkpt>
    <trkpt lat="44.258634" lon="5.306877"><ele>934.8</ele></trkpt>
    <trkpt lat="44.258601" lon="5.306920"><ele>936.0</ele></trkpt>
    <trkpt lat="44.258535" lon="5.307007"><ele>938.4</ele></trkpt>
    <trkpt lat="44.258293" lon="5.307301"><ele>945.4</ele></trkpt>
    <trkpt lat="44.258139" lon="5.307442"><ele>948.8</ele></trkpt>
    <trkpt lat="44.257786" lon="5.307857"><ele>959.0</ele></trkpt>
    <trkpt lat="44.257687" lon="5.308031"><ele>963.2</ele></trkpt>
    <trkpt lat="44.257453" lon="5.308371"><ele>970.3</ele></trkpt>
    <trkpt lat="44.257307" lon="5.308606"><ele>975.3</ele></trkpt>
    <trkpt lat="44.257099" lon="5.308941"><ele>981.3</ele></trkpt>
    <trkpt lat="44.256992" lon="5.309118"><ele>984.6</ele></trkpt>
    <trkpt lat="44.256966" lon="5.309215"><ele>987.2</ele></trkpt>
    <trkpt lat="44.256946" lon="5.309245"><ele>987.6</ele></trkpt>
    <trkpt lat="44.256927" lon="5.309275"><ele>988.1</ele></trkpt>
    <trkpt lat="44.256792" lon="5.309418"><ele>989.3</ele></trkpt>
    <trkpt lat="44.256758" lon="5.309454"><ele>989.7</ele></trkpt>
    <trkpt lat="44.256138" lon="5.310020"><ele>1006.1</ele></trkpt>
    <trkpt lat="44.255930" lon="5.310171"><ele>1012.8</ele></trkpt>
    <trkpt lat="44.255733" lon="5.310243"><ele>1015.6</ele></trkpt>
    <trkpt lat="44.255690" lon="5.310240"><ele>1015.5</ele></trkpt>
    <trkpt lat="44.255605" lon="5.310233"><ele>1015.3</ele></trkpt>
    <trkpt lat="44.255270" lon="5.310274"><ele>1017.9</ele></trkpt>
    <trkpt lat="44.255222" lon="5.310280"><ele>1018.3</ele></trkpt>
    <trkpt lat="44.255187" lon="5.310290"><ele>1018.8</ele></trkpt>
    <trkpt lat="44.255151" lon="5.310301"><ele>1019.4</ele></trkpt>
    <trkpt lat="44.255119" lon="5.310317"><ele>1020.1</ele></trkpt>
    <trkpt lat="44.254978" lon="5.310336"><ele>1021.4</ele></trkpt>
    <trkpt lat="44.254701" lon="5.310321"><ele>1021.5</ele></trkpt>
    <trkpt lat="44.254360" lon="5.310321"><ele>1021.0</ele></trkpt>
    <trkpt lat="44.254421" lon="5.310370"><ele>1022.8</ele></trkpt>
    <trkpt lat="44.254632" lon="5.310508"><ele>1028.0</ele></trkpt>
    <trkpt lat="44.254745" lon="5.310566"><ele>1030.5</ele></trkpt>
    <trkpt lat="44.255360" lon="5.310801"><ele>1042.8</ele></trkpt>
    <trkpt lat="44.255410" lon="5.310813"><ele>1043.8</ele></trkpt>
    <trkpt lat="44.255572" lon="5.310838"><ele>1046.5</ele></trkpt>
    <trkpt lat="44.255703" lon="5.310837"><ele>1047.8</ele></trkpt>
    <trkpt lat="44.255832" lon="5.310820"><ele>1048.1</ele></trkpt>
    <trkpt lat="44.255994" lon="5.310780"><ele>1046.8</ele></trkpt>
    <trkpt lat="44.256113" lon="5.310796"><ele>1048.7</ele></trkpt>
    <trkpt lat="44.256255" lon="5.310827"><ele>1051.7</ele></trkpt>
    <trkpt lat="44.256375" lon="5.310898"><ele>1055.7</ele></trkpt>
    <trkpt lat="44.256460" lon="5.310977"><ele>1060.7</ele></trkpt>
    <trkpt lat="44.256535" lon="5.311020"><ele>1063.9</ele></trkpt>
    <trkpt lat="44.256610" lon="5.311031"><ele>1065.6</ele></trkpt>
    <trkpt lat="44.256693" lon="5.311037"><ele>1067.5</ele></trkpt>
    <trkpt lat="44.256739" lon="5.311040"><ele>1068.6</ele></trkpt>
    <trkpt lat="44.256794" lon="5.311051"><ele>1070.2</ele></trkpt>
    <trkpt lat="44.256798" lon="5.311072"><ele>1070.8</ele></trkpt>
    <trkpt lat="44.256771" lon="5.311193"><ele>1072.7</ele></trkpt>
    <trkpt lat="44.256725" lon="5.311331"><ele>1074.8</ele></trkpt>
    <trkpt lat="44.256650" lon="5.311462"><ele>1077.3</ele></trkpt>
    <trkpt lat="44.256475" lon="5.311670"><ele>1083.1</ele></trkpt>
    <trkpt lat="44.256392" lon="5.311731"><ele>1085.6</ele></trkpt>
    <trkpt lat="44.256392" lon="5.311894"><ele>1089.6</ele></trkpt>
    <trkpt lat="44.256415" lon="5.311940"><ele>1090.1</ele></trkpt>
    <trkpt lat="44.256414" lon="5.311960"><ele>1090.3</ele></trkpt>
    <trkpt lat="44.256408" lon="5.312037"><ele>1091.3</ele></trkpt>
    <trkpt lat="44.256366" lon="5.312199"><ele>1094.5</ele></trkpt>
    <trkpt lat="44.256314" lon="5.312338"><ele>1097.2</ele></trkpt>
    <trkpt lat="44.256268" lon="5.312500"><ele>1100.2</ele></trkpt>
    <trkpt lat="44.256252" lon="5.312704"><ele>1102.0</ele></trkpt>
    <trkpt lat="44.256240" lon="5.312854"><ele>1103.1</ele></trkpt>
    <trkpt lat="44.256198" lon="5.312991"><ele>1105.2</ele></trkpt>
    <trkpt lat="44.256170" lon="5.313031"><ele>1106.4</ele></trkpt>
    <trkpt lat="44.256118" lon="5.313048"><ele>1108.7</ele></trkpt>
    <trkpt lat="44.256068" lon="5.313081"><ele>1111.0</ele></trkpt>
    <trkpt lat="44.255988" lon="5.313323"><ele>1115.3</ele></trkpt>
    <trkpt lat="44.255977" lon="5.313431"><ele>1116.5</ele></trkpt>
    <trkpt lat="44.255964" lon="5.313608"><ele>1118.3</ele></trkpt>
    <trkpt lat="44.255988" lon="5.313865"><ele>1117.8</ele></trkpt>
    <trkpt lat="44.255977" lon="5.313969"><ele>1118.2</ele></trkpt>
    <trkpt lat="44.255928" lon="5.314169"><ele>1119.6</ele></trkpt>
    <trkpt lat="44.255872" lon="5.314353"><ele>1119.7</ele></trkpt>
    <trkpt lat="44.255842" lon="5.314506"><ele>1118.9</ele></trkpt>
    <trkpt lat="44.255840" lon="5.314589"><ele>1117.7</ele></trkpt>
    <trkpt lat="44.255849" lon="5.314670"><ele>1116.4</ele></trkpt>
    <trkpt lat="44.255903" lon="5.314927"><ele>1113.0</ele></trkpt>
    <trkpt lat="44.255923" lon="5.314996"><ele>1112.1</ele></trkpt>
    <trkpt lat="44.255979" lon="5.315117"><ele>1109.8</ele></trkpt>
    <trkpt lat="44.255999" lon="5.315178"><ele>1108.9</ele></trkpt>
    <trkpt lat="44.256012" lon="5.315296"><ele>1107.7</ele></trkpt>
    <trkpt lat="44.256012" lon="5.315359"><ele>1107.2</ele></trkpt>
    <trkpt lat="44.256008" lon="5.315419"><ele>1106.8</ele></trkpt>
    <trkpt lat="44.255986" lon="5.315528"><ele>1106.5</ele></trkpt>
    <trkpt lat="44.255986" lon="5.315591"><ele>1106.0</ele></trkpt>
    <trkpt lat="44.256003" lon="5.315715"><ele>1104.9</ele></trkpt>
    <trkpt lat="44.256052" lon="5.315930"><ele>1102.9</ele></trkpt>
    <trkpt lat="44.256043" lon="5.315982"><ele>1102.7</ele></trkpt>
    <trkpt lat="44.256014" lon="5.316051"><ele>1102.5</ele></trkpt>
    <trkpt lat="44.255938" lon="5.316153"><ele>1102.6</ele></trkpt>
    <trkpt lat="44.255886" lon="5.316250"><ele>1102.4</ele></trkpt>
    <trkpt lat="44.255878" lon="5.316437"><ele>1101.0</ele></trkpt>
    <trkpt lat="44.255861" lon="5.316504"><ele>1100.5</ele></trkpt>
    <trkpt lat="44.255793" lon="5.316631"><ele>1099.8</ele></trkpt>
    <trkpt lat="44.255652" lon="5.316835"><ele>1099.4</ele></trkpt>
    <trkpt lat="44.255569" lon="5.316916"><ele>1099.2</ele></trkpt>
    <trkpt lat="44.255469" lon="5.317008"><ele>1099.4</ele></trkpt>
    <trkpt lat="44.255206" lon="5.317358"><ele>1098.9</ele></trkpt>
    <trkpt lat="44.255107" lon="5.317453"><ele>1098.9</ele></trkpt>
    <trkpt lat="44.254997" lon="5.317540"><ele>1098.9</ele></trkpt>
    <trkpt lat="44.254910" lon="5.317632"><ele>1099.3</ele></trkpt>
    <trkpt lat="44.254862" lon="5.317718"><ele>1099.3</ele></trkpt>
    <trkpt lat="44.254758" lon="5.317990"><ele>1100.4</ele></trkpt>
    <trkpt lat="44.254697" lon="5.318187"><ele>1101.7</ele></trkpt>
    <trkpt lat="44.254637" lon="5.318324"><ele>1102.6</ele></trkpt>
    <trkpt lat="44.254517" lon="5.318316"><ele>1103.5</ele></trkpt>
    <trkpt lat="44.254404" lon="5.318361"><ele>1104.9</ele></trkpt>
    <trkpt lat="44.254324" lon="5.318411"><ele>1106.5</ele></trkpt>
    <trkpt lat="44.254221" lon="5.318511"><ele>1108.3</ele></trkpt>
    <trkpt lat="44.254163" lon="5.318578"><ele>1109.1</ele></trkpt>
    <trkpt lat="44.254096" lon="5.318669"><ele>1110.1</ele></trkpt>
    <trkpt lat="44.253965" lon="5.318851"><ele>1111.5</ele></trkpt>
    <trkpt lat="44.253775" lon="5.319110"><ele>1113.8</ele></trkpt>
    <trkpt lat="44.253710" lon="5.319178"><ele>1114.3</ele></trkpt>
    <trkpt lat="44.253631" lon="5.319221"><ele>1115.1</ele></trkpt>
    <trkpt lat="44.253463" lon="5.319271"><ele>1116.8</ele></trkpt>
    <trkpt lat="44.253370" lon="5.319316"><ele>1117.7</ele></trkpt>
    <trkpt lat="44.253289" lon="5.319385"><ele>1118.2</ele></trkpt>
    <trkpt lat="44.253253" lon="5.319456"><ele>1118.3</ele></trkpt>
    <trkpt lat="44.253044" lon="5.319751"><ele>1120.2</ele></trkpt>
    <trkpt lat="44.252962" lon="5.319826"><ele>1121.0</ele></trkpt>
    <trkpt lat="44.252714" lon="5.320063"><ele>1123.9</ele></trkpt>
    <trkpt lat="44.252494" lon="5.320366"><ele>1127.4</ele></trkpt>
    <trkpt lat="44.252324" lon="5.320580"><ele>1129.4</ele></trkpt>
    <trkpt lat="44.252133" lon="5.320817"><ele>1131.3</ele></trkpt>
    <trkpt lat="44.252065" lon="5.320947"><ele>1132.0</ele></trkpt>
    <trkpt lat="44.252035" lon="5.321033"><ele>1132.4</ele></trkpt>
    <trkpt lat="44.251885" lon="5.321529"><ele>1134.7</ele></trkpt>
    <trkpt lat="44.251831" lon="5.321615"><ele>1135.2</ele></trkpt>
    <trkpt lat="44.251639" lon="5.321787"><ele>1136.1</ele></trkpt>
    <trkpt lat="44.251619" lon="5.322055"><ele>1136.8</ele></trkpt>
    <trkpt lat="44.251463" lon="5.322317"><ele>1139.7</ele></trkpt>
    <trkpt lat="44.251391" lon="5.322442"><ele>1141.5</ele></trkpt>
    <trkpt lat="44.251364" lon="5.322583"><ele>1142.8</ele></trkpt>
    <trkpt lat="44.251254" lon="5.323037"><ele>1145.0</ele></trkpt>
    <trkpt lat="44.251159" lon="5.323112"><ele>1146.8</ele></trkpt>
    <trkpt lat="44.251066" lon="5.323128"><ele>1148.8</ele></trkpt>
    <trkpt lat="44.250834" lon="5.323229"><ele>1154.0</ele></trkpt>
    <trkpt lat="44.250658" lon="5.323439"><ele>1156.5</ele></trkpt>
    <trkpt lat="44.250474" lon="5.323681"><ele>1157.4</ele></trkpt>
    <trkpt lat="44.250315" lon="5.323745"><ele>1158.6</ele></trkpt>
    <trkpt lat="44.250149" lon="5.323798"><ele>1159.6</ele></trkpt>
    <trkpt lat="44.250051" lon="5.324013"><ele>1158.1</ele></trkpt>
    <trkpt lat="44.250010" lon="5.324192"><ele>1156.5</ele></trkpt>
    <trkpt lat="44.249861" lon="5.324628"><ele>1154.4</ele></trkpt>
    <trkpt lat="44.249626" lon="5.325086"><ele>1155.4</ele></trkpt>
    <trkpt lat="44.249471" lon="5.325328"><ele>1155.4</ele></trkpt>
    <trkpt lat="44.249248" lon="5.325689"><ele>1154.2</ele></trkpt>
    <trkpt lat="44.249060" lon="5.325906"><ele>1154.4</ele></trkpt>
    <trkpt lat="44.248935" lon="5.326195"><ele>1152.4</ele></trkpt>
    <trkpt lat="44.248899" lon="5.326323"><ele>1151.0</ele></trkpt>
    <trkpt lat="44.248868" lon="5.326427"><ele>1150.0</ele></trkpt>
    <trkpt lat="44.248822" lon="5.326532"><ele>1149.7</ele></trkpt>
    <trkpt lat="44.248763" lon="5.326606"><ele>1149.7</ele></trkpt>
    <trkpt lat="44.248609" lon="5.326783"><ele>1149.8</ele></trkpt>
    <trkpt lat="44.248517" lon="5.326831"><ele>1150.7</ele></trkpt>
    <trkpt lat="44.248362" lon="5.326940"><ele>1151.6</ele></trkpt>
    <trkpt lat="44.248282" lon="5.327005"><ele>1152.3</ele></trkpt>
    <trkpt lat="44.248174" lon="5.327162"><ele>1152.3</ele></trkpt>
    <trkpt lat="44.248148" lon="5.327250"><ele>1151.8</ele></trkpt>
    <trkpt lat="44.248122" lon="5.327339"><ele>1151.3</ele></trkpt>
    <trkpt lat="44.248034" lon="5.327535"><ele>1150.8</ele></trkpt>
    <trkpt lat="44.247876" lon="5.327708"><ele>1150.5</ele></trkpt>
    <trkpt lat="44.247771" lon="5.327836"><ele>1150.7</ele></trkpt>
    <trkpt lat="44.247667" lon="5.328020"><ele>1150.5</ele></trkpt>
    <trkpt lat="44.247479" lon="5.328043"><ele>1152.2</ele></trkpt>
    <trkpt lat="44.247300" lon="5.327997"><ele>1153.9</ele></trkpt>
    <trkpt lat="44.247117" lon="5.327881"><ele>1156.0</ele></trkpt>
    <trkpt lat="44.246834" lon="5.327939"><ele>1157.4</ele></trkpt>
    <trkpt lat="44.246647" lon="5.327955"><ele>1158.2</ele></trkpt>
    <trkpt lat="44.246514" lon="5.328028"><ele>1157.8</ele></trkpt>
    <trkpt lat="44.246458" lon="5.328133"><ele>1157.2</ele></trkpt>
    <trkpt lat="44.246376" lon="5.328255"><ele>1156.6</ele></trkpt>
    <trkpt lat="44.246260" lon="5.328337"><ele>1156.0</ele></trkpt>
    <trkpt lat="44.246148" lon="5.328387"><ele>1155.4</ele></trkpt>
    <trkpt lat="44.245998" lon="5.328509"><ele>1154.0</ele></trkpt>
    <trkpt lat="44.245790" lon="5.328687"><ele>1152.1</ele></trkpt>
    <trkpt lat="44.245556" lon="5.328955"><ele>1149.0</ele></trkpt>
    <trkpt lat="44.245501" lon="5.329041"><ele>1147.4</ele></trkpt>
    <trkpt lat="44.245360" lon="5.329287"><ele>1144.0</ele></trkpt>
    <trkpt lat="44.245271" lon="5.329490"><ele>1141.3</ele></trkpt>
    <trkpt lat="44.245098" lon="5.329720"><ele>1136.7</ele></trkpt>
    <trkpt lat="44.244788" lon="5.330064"><ele>1129.6</ele></trkpt>
    <trkpt lat="44.244728" lon="5.330121"><ele>1128.6</ele></trkpt>
    <trkpt lat="44.244584" lon="5.330212"><ele>1126.2</ele></trkpt>
    <trkpt lat="44.244499" lon="5.330265"><ele>1124.8</ele></trkpt>
    <trkpt lat="44.244415" lon="5.330310"><ele>1123.3</ele></trkpt>
    <trkpt lat="44.244159" lon="5.330434"><ele>1118.8</ele></trkpt>
    <trkpt lat="44.243874" lon="5.330561"><ele>1113.8</ele></trkpt>
    <trkpt lat="44.243591" lon="5.330719"><ele>1109.6</ele></trkpt>
    <trkpt lat="44.243376" lon="5.330840"><ele>1105.7</ele></trkpt>
    <trkpt lat="44.243214" lon="5.330932"><ele>1102.6</ele></trkpt>
    <trkpt lat="44.243136" lon="5.330991"><ele>1101.3</ele></trkpt>
    <trkpt lat="44.242981" lon="5.331188"><ele>1098.6</ele></trkpt>
    <trkpt lat="44.242677" lon="5.331422"><ele>1093.4</ele></trkpt>
    <trkpt lat="44.242518" lon="5.331626"><ele>1090.4</ele></trkpt>
    <trkpt lat="44.242203" lon="5.331745"><ele>1085.4</ele></trkpt>
    <trkpt lat="44.241765" lon="5.331999"><ele>1078.9</ele></trkpt>
    <trkpt lat="44.241621" lon="5.332102"><ele>1076.9</ele></trkpt>
    <trkpt lat="44.241504" lon="5.332253"><ele>1075.1</ele></trkpt>
    <trkpt lat="44.241398" lon="5.332416"><ele>1073.4</ele></trkpt>
    <trkpt lat="44.241296" lon="5.332596"><ele>1071.4</ele></trkpt>
    <trkpt lat="44.241193" lon="5.332806"><ele>1069.3</ele></trkpt>
    <trkpt lat="44.240971" lon="5.333192"><ele>1064.3</ele></trkpt>
    <trkpt lat="44.240711" lon="5.333562"><ele>1059.9</ele></trkpt>
    <trkpt lat="44.240109" lon="5.333846"><ele>1053.9</ele></trkpt>
    <trkpt lat="44.239709" lon="5.334052"><ele>1047.1</ele></trkpt>
    <trkpt lat="44.239418" lon="5.334222"><ele>1041.0</ele></trkpt>
    <trkpt lat="44.239233" lon="5.334360"><ele>1037.2</ele></trkpt>
    <trkpt lat="44.238945" lon="5.334542"><ele>1033.8</ele></trkpt>
    <trkpt lat="44.238657" lon="5.334478"><ele>1034.0</ele></trkpt>
    <trkpt lat="44.238467" lon="5.334483"><ele>1033.5</ele></trkpt>
    <trkpt lat="44.238385" lon="5.334558"><ele>1033.4</ele></trkpt>
    <trkpt lat="44.238157" lon="5.334846"><ele>1032.6</ele></trkpt>
    <trkpt lat="44.238091" lon="5.334914"><ele>1033.0</ele></trkpt>
    <trkpt lat="44.238041" lon="5.334945"><ele>1033.3</ele></trkpt>
    <trkpt lat="44.238049" lon="5.334846"><ele>1032.3</ele></trkpt>
    <trkpt lat="44.238055" lon="5.334783"><ele>1031.6</ele></trkpt>
    <trkpt lat="44.238072" lon="5.334584"><ele>1029.7</ele></trkpt>
    <trkpt lat="44.238081" lon="5.334484"><ele>1028.9</ele></trkpt>
    <trkpt lat="44.238086" lon="5.334357"><ele>1027.3</ele></trkpt>
    <trkpt lat="44.238090" lon="5.334230"><ele>1025.5</ele></trkpt>
    <trkpt lat="44.238092" lon="5.334153"><ele>1024.4</ele></trkpt>
    <trkpt lat="44.238137" lon="5.333795"><ele>1018.9</ele></trkpt>
    <trkpt lat="44.238159" lon="5.333692"><ele>1017.5</ele></trkpt>
    <trkpt lat="44.238167" lon="5.333558"><ele>1015.2</ele></trkpt>
    <trkpt lat="44.238132" lon="5.333443"><ele>1012.8</ele></trkpt>
    <trkpt lat="44.238090" lon="5.333367"><ele>1011.0</ele></trkpt>
    <trkpt lat="44.238046" lon="5.333314"><ele>1009.6</ele></trkpt>
    <trkpt lat="44.237948" lon="5.332985"><ele>1004.5</ele></trkpt>
    <trkpt lat="44.237855" lon="5.332661"><ele>1000.3</ele></trkpt>
    <trkpt lat="44.237784" lon="5.332534"><ele>998.4</ele></trkpt>
    <trkpt lat="44.237743" lon="5.332448"><ele>997.4</ele></trkpt>
    <trkpt lat="44.237718" lon="5.332080"><ele>992.3</ele></trkpt>
    <trkpt lat="44.237734" lon="5.331479"><ele>979.3</ele></trkpt>
    <trkpt lat="44.237753" lon="5.331244"><ele>972.5</ele></trkpt>
    <trkpt lat="44.237773" lon="5.331124"><ele>969.2</ele></trkpt>
    <trkpt lat="44.237795" lon="5.331059"><ele>967.5</ele></trkpt>
    <trkpt lat="44.237818" lon="5.330995"><ele>965.8</ele></trkpt>
    <trkpt lat="44.237873" lon="5.330959"><ele>966.2</ele></trkpt>
    <trkpt lat="44.238042" lon="5.330745"><ele>964.0</ele></trkpt>
    <trkpt lat="44.238331" lon="5.330078"><ele>947.6</ele></trkpt>
    <trkpt lat="44.238415" lon="5.329857"><ele>940.8</ele></trkpt>
    <trkpt lat="44.238471" lon="5.329743"><ele>937.4</ele></trkpt>
    <trkpt lat="44.238523" lon="5.329651"><ele>935.1</ele></trkpt>
    <trkpt lat="44.238599" lon="5.329563"><ele>933.8</ele></trkpt>
    <trkpt lat="44.238675" lon="5.329475"><ele>932.6</ele></trkpt>
    <trkpt lat="44.238744" lon="5.329404"><ele>932.2</ele></trkpt>
    <trkpt lat="44.238814" lon="5.329333"><ele>931.7</ele></trkpt>
    <trkpt lat="44.238884" lon="5.329263"><ele>931.0</ele></trkpt>
    <trkpt lat="44.238907" lon="5.329227"><ele>930.5</ele></trkpt>
    <trkpt lat="44.238952" lon="5.329065"><ele>926.9</ele></trkpt>
    <trkpt lat="44.239003" lon="5.328862"><ele>923.0</ele></trkpt>
    <trkpt lat="44.239025" lon="5.328731"><ele>921.0</ele></trkpt>
    <trkpt lat="44.239018" lon="5.328677"><ele>919.6</ele></trkpt>
    <trkpt lat="44.238994" lon="5.328662"><ele>918.5</ele></trkpt>
    <trkpt lat="44.238945" lon="5.328705"><ele>917.6</ele></trkpt>
    <trkpt lat="44.238896" lon="5.328747"><ele>916.7</ele></trkpt>
    <trkpt lat="44.238841" lon="5.328814"><ele>916.2</ele></trkpt>
    <trkpt lat="44.238785" lon="5.328881"><ele>915.9</ele></trkpt>
    <trkpt lat="44.238730" lon="5.328948"><ele>916.1</ele></trkpt>
    <trkpt lat="44.238688" lon="5.328992"><ele>916.2</ele></trkpt>
    <trkpt lat="44.238640" lon="5.329005"><ele>915.2</ele></trkpt>
    <trkpt lat="44.238592" lon="5.328953"><ele>912.4</ele></trkpt>
    <trkpt lat="44.238516" lon="5.328908"><ele>909.5</ele></trkpt>
    <trkpt lat="44.238340" lon="5.328860"><ele>904.3</ele></trkpt>
    <trkpt lat="44.238251" lon="5.328836"><ele>901.8</ele></trkpt>
    <trkpt lat="44.237828" lon="5.328867"><ele>892.8</ele></trkpt>
    <trkpt lat="44.237527" lon="5.328910"><ele>887.0</ele></trkpt>
    <trkpt lat="44.237429" lon="5.328944"><ele>885.7</ele></trkpt>
    <trkpt lat="44.237354" lon="5.328982"><ele>885.0</ele></trkpt>
    <trkpt lat="44.237299" lon="5.328941"><ele>883.3</ele></trkpt>
    <trkpt lat="44.237273" lon="5.328862"><ele>881.4</ele></trkpt>
    <trkpt lat="44.237162" lon="5.328408"><ele>870.4</ele></trkpt>
    <trkpt lat="44.237152" lon="5.328305"><ele>867.9</ele></trkpt>
    <trkpt lat="44.237174" lon="5.328236"><ele>867.1</ele></trkpt>
    <trkpt lat="44.237274" lon="5.328017"><ele>865.4</ele></trkpt>
    <trkpt lat="44.237394" lon="5.327791"><ele>863.4</ele></trkpt>
    <trkpt lat="44.237329" lon="5.327801"><ele>862.4</ele></trkpt>
    <trkpt lat="44.237265" lon="5.327811"><ele>861.4</ele></trkpt>
    <trkpt lat="44.237208" lon="5.327863"><ele>861.2</ele></trkpt>
    <trkpt lat="44.237152" lon="5.327914"><ele>860.6</ele></trkpt>
    <trkpt lat="44.237084" lon="5.327966"><ele>859.6</ele></trkpt>
    <trkpt lat="44.237037" lon="5.327948"><ele>858.0</ele></trkpt>
    <trkpt lat="44.237063" lon="5.327873"><ele>857.5</ele></trkpt>
    <trkpt lat="44.237327" lon="5.327314"><ele>851.9</ele></trkpt>
    <trkpt lat="44.237365" lon="5.327269"><ele>851.1</ele></trkpt>
    <trkpt lat="44.237445" lon="5.327237"><ele>851.0</ele></trkpt>
    <trkpt lat="44.237525" lon="5.327204"><ele>850.9</ele></trkpt>
    <trkpt lat="44.237522" lon="5.327174"><ele>850.1</ele></trkpt>
    <trkpt lat="44.237470" lon="5.327124"><ele>848.3</ele></trkpt>
    <trkpt lat="44.237401" lon="5.327092"><ele>847.2</ele></trkpt>
    <trkpt lat="44.237301" lon="5.327067"><ele>846.1</ele></trkpt>
    <trkpt lat="44.237208" lon="5.327058"><ele>845.3</ele></trkpt>
    <trkpt lat="44.237135" lon="5.327067"><ele>844.4</ele></trkpt>
    <trkpt lat="44.236998" lon="5.327031"><ele>841.9</ele></trkpt>
    <trkpt lat="44.236882" lon="5.326965"><ele>838.5</ele></trkpt>
    <trkpt lat="44.236860" lon="5.326963"><ele>837.8</ele></trkpt>
    <trkpt lat="44.236831" lon="5.326960"><ele>836.9</ele></trkpt>
    <trkpt lat="44.236784" lon="5.326976"><ele>835.8</ele></trkpt>
    <trkpt lat="44.236741" lon="5.327009"><ele>834.9</ele></trkpt>
    <trkpt lat="44.236623" lon="5.327171"><ele>833.2</ele></trkpt>
    <trkpt lat="44.236499" lon="5.327378"><ele>833.3</ele></trkpt>
    <trkpt lat="44.236467" lon="5.327426"><ele>833.4</ele></trkpt>
    <trkpt lat="44.236429" lon="5.327436"><ele>832.7</ele></trkpt>
    <trkpt lat="44.236401" lon="5.327423"><ele>831.7</ele></trkpt>
    <trkpt lat="44.236349" lon="5.327372"><ele>829.5</ele></trkpt>
    <trkpt lat="44.236187" lon="5.327355"><ele>825.9</ele></trkpt>
    <trkpt lat="44.236113" lon="5.327382"><ele>825.1</ele></trkpt>
    <trkpt lat="44.236038" lon="5.327389"><ele>824.4</ele></trkpt>
    <trkpt lat="44.235983" lon="5.327385"><ele>823.7</ele></trkpt>
    <trkpt lat="44.235600" lon="5.327229"><ele>815.7</ele></trkpt>
    <trkpt lat="44.235556" lon="5.327190"><ele>814.3</ele></trkpt>
    <trkpt lat="44.235513" lon="5.327152"><ele>813.1</ele></trkpt>
    <trkpt lat="44.235492" lon="5.327088"><ele>811.5</ele></trkpt>
    <trkpt lat="44.235560" lon="5.327006"><ele>810.4</ele></trkpt>
    <trkpt lat="44.235686" lon="5.326857"><ele>809.0</ele></trkpt>
    <trkpt lat="44.235748" lon="5.326784"><ele>808.6</ele></trkpt>
    <trkpt lat="44.235781" lon="5.326714"><ele>808.0</ele></trkpt>
    <trkpt lat="44.235813" lon="5.326644"><ele>807.5</ele></trkpt>
    <trkpt lat="44.235878" lon="5.326209"><ele>803.7</ele></trkpt>
    <trkpt lat="44.235882" lon="5.326124"><ele>802.7</ele></trkpt>
    <trkpt lat="44.235885" lon="5.326038"><ele>801.8</ele></trkpt>
    <trkpt lat="44.235877" lon="5.325894"><ele>799.9</ele></trkpt>
    <trkpt lat="44.235829" lon="5.325755"><ele>796.8</ele></trkpt>
    <trkpt lat="44.235745" lon="5.325730"><ele>794.9</ele></trkpt>
    <trkpt lat="44.235661" lon="5.325704"><ele>793.0</ele></trkpt>
    <trkpt lat="44.235577" lon="5.325679"><ele>791.2</ele></trkpt>
    <trkpt lat="44.235493" lon="5.325653"><ele>789.4</ele></trkpt>
    <trkpt lat="44.235423" lon="5.325570"><ele>787.3</ele></trkpt>
    <trkpt lat="44.235429" lon="5.325456"><ele>786.1</ele></trkpt>
    <trkpt lat="44.235482" lon="5.325399"><ele>786.2</ele></trkpt>
    <trkpt lat="44.235608" lon="5.325223"><ele>785.6</ele></trkpt>
    <trkpt lat="44.235711" lon="5.325043"><ele>783.9</ele></trkpt>
    <trkpt lat="44.235763" lon="5.324953"><ele>783.2</ele></trkpt>
    <trkpt lat="44.235736" lon="5.324586"><ele>776.3</ele></trkpt>
    <trkpt lat="44.235796" lon="5.324488"><ele>775.3</ele></trkpt>
    <trkpt lat="44.235886" lon="5.324341"><ele>773.2</ele></trkpt>
    <trkpt lat="44.235968" lon="5.324264"><ele>772.7</ele></trkpt>
    <trkpt lat="44.236133" lon="5.324110"><ele>772.0</ele></trkpt>
    <trkpt lat="44.236182" lon="5.324016"><ele>770.5</ele></trkpt>
    <trkpt lat="44.236231" lon="5.323922"><ele>769.0</ele></trkpt>
    <trkpt lat="44.236290" lon="5.323833"><ele>768.1</ele></trkpt>
    <trkpt lat="44.236408" lon="5.323655"><ele>766.7</ele></trkpt>
    <trkpt lat="44.236458" lon="5.323615"><ele>766.3</ele></trkpt>
    <trkpt lat="44.236507" lon="5.323575"><ele>766.0</ele></trkpt>
    <trkpt lat="44.236543" lon="5.323525"><ele>765.6</ele></trkpt>
    <trkpt lat="44.236569" lon="5.323450"><ele>764.9</ele></trkpt>
    <trkpt lat="44.236569" lon="5.323374"><ele>764.1</ele></trkpt>
    <trkpt lat="44.236562" lon="5.323288"><ele>763.2</ele></trkpt>
    <trkpt lat="44.236555" lon="5.323203"><ele>762.4</ele></trkpt>
    <trkpt lat="44.236545" lon="5.322863"><ele>759.6</ele></trkpt>
    <trkpt lat="44.236546" lon="5.322838"><ele>759.4</ele></trkpt>
    <trkpt lat="44.236556" lon="5.322729"><ele>758.5</ele></trkpt>
    <trkpt lat="44.236566" lon="5.322621"><ele>757.5</ele></trkpt>
    <trkpt lat="44.236574" lon="5.322565"><ele>757.0</ele></trkpt>
    <trkpt lat="44.236579" lon="5.322455"><ele>755.8</ele></trkpt>
    <trkpt lat="44.236577" lon="5.322347"><ele>754.7</ele></trkpt>
    <trkpt lat="44.236546" lon="5.322223"><ele>753.4</ele></trkpt>
    <trkpt lat="44.236416" lon="5.322052"><ele>751.6</ele></trkpt>
    <trkpt lat="44.236154" lon="5.321850"><ele>747.6</ele></trkpt>
    <trkpt lat="44.236017" lon="5.321720"><ele>744.7</ele></trkpt>
    <trkpt lat="44.235923" lon="5.321690"><ele>742.8</ele></trkpt>
    <trkpt lat="44.235842" lon="5.321698"><ele>741.4</ele></trkpt>
    <trkpt lat="44.235783" lon="5.321744"><ele>740.3</ele></trkpt>
    <trkpt lat="44.235724" lon="5.321790"><ele>739.1</ele></trkpt>
    <trkpt lat="44.235669" lon="5.321858"><ele>738.2</ele></trkpt>
    <trkpt lat="44.235605" lon="5.321938"><ele>737.2</ele></trkpt>
    <trkpt lat="44.235538" lon="5.322124"><ele>736.0</ele></trkpt>
    <trkpt lat="44.235510" lon="5.322239"><ele>735.4</ele></trkpt>
    <trkpt lat="44.235406" lon="5.322535"><ele>732.2</ele></trkpt>
    <trkpt lat="44.235308" lon="5.322738"><ele>729.0</ele></trkpt>
    <trkpt lat="44.235213" lon="5.322912"><ele>726.6</ele></trkpt>
    <trkpt lat="44.235097" lon="5.323150"><ele>724.7</ele></trkpt>
    <trkpt lat="44.235022" lon="5.323315"><ele>724.4</ele></trkpt>
    <trkpt lat="44.234969" lon="5.323377"><ele>723.9</ele></trkpt>
    <trkpt lat="44.234919" lon="5.323322"><ele>721.3</ele></trkpt>
    <trkpt lat="44.234827" lon="5.322982"><ele>715.1</ele></trkpt>
    <trkpt lat="44.234797" lon="5.322747"><ele>713.3</ele></trkpt>
    <trkpt lat="44.234792" lon="5.322647"><ele>712.8</ele></trkpt>
    <trkpt lat="44.234786" lon="5.322547"><ele>712.2</ele></trkpt>
    <trkpt lat="44.234754" lon="5.322448"><ele>710.7</ele></trkpt>
    <trkpt lat="44.234704" lon="5.322432"><ele>709.1</ele></trkpt>
    <trkpt lat="44.234671" lon="5.322460"><ele>708.4</ele></trkpt>
    <trkpt lat="44.234635" lon="5.322552"><ele>708.0</ele></trkpt>
    <trkpt lat="44.234526" lon="5.322827"><ele>706.2</ele></trkpt>
    <trkpt lat="44.234340" lon="5.323106"><ele>703.5</ele></trkpt>
    <trkpt lat="44.234113" lon="5.323242"><ele>700.6</ele></trkpt>
    <trkpt lat="44.233984" lon="5.323373"><ele>700.1</ele></trkpt>
    <trkpt lat="44.233896" lon="5.323478"><ele>700.7</ele></trkpt>
    <trkpt lat="44.233838" lon="5.323589"><ele>701.9</ele></trkpt>
    <trkpt lat="44.233809" lon="5.323644"><ele>702.8</ele></trkpt>
    <trkpt lat="44.233740" lon="5.323764"><ele>705.0</ele></trkpt>
    <trkpt lat="44.233702" lon="5.323813"><ele>705.6</ele></trkpt>
    <trkpt lat="44.233663" lon="5.323862"><ele>706.2</ele></trkpt>
    <trkpt lat="44.233618" lon="5.323898"><ele>706.4</ele></trkpt>
    <trkpt lat="44.233273" lon="5.324245"><ele>706.2</ele></trkpt>
    <trkpt lat="44.233006" lon="5.324519"><ele>704.5</ele></trkpt>
    <trkpt lat="44.232969" lon="5.324582"><ele>705.0</ele></trkpt>
    <trkpt lat="44.232933" lon="5.324644"><ele>705.5</ele></trkpt>
    <trkpt lat="44.232897" lon="5.324707"><ele>705.9</ele></trkpt>
    <trkpt lat="44.232861" lon="5.324770"><ele>706.3</ele></trkpt>
    <trkpt lat="44.232828" lon="5.324842"><ele>706.9</ele></trkpt>
    <trkpt lat="44.232795" lon="5.324914"><ele>707.5</ele></trkpt>
    <trkpt lat="44.232763" lon="5.324986"><ele>708.1</ele></trkpt>
    <trkpt lat="44.232725" lon="5.325036"><ele>708.0</ele></trkpt>
    <trkpt lat="44.232687" lon="5.325086"><ele>708.0</ele></trkpt>
    <trkpt lat="44.232612" lon="5.325185"><ele>708.1</ele></trkpt>
    <trkpt lat="44.232562" lon="5.325220"><ele>707.4</ele></trkpt>
    <trkpt lat="44.232462" lon="5.325289"><ele>706.2</ele></trkpt>
    <trkpt lat="44.232363" lon="5.325358"><ele>705.1</ele></trkpt>
    <trkpt lat="44.232313" lon="5.325392"><ele>704.5</ele></trkpt>
    <trkpt lat="44.232168" lon="5.325622"><ele>706.2</ele></trkpt>
    <trkpt lat="44.232087" lon="5.325725"><ele>706.8</ele></trkpt>
    <trkpt lat="44.231966" lon="5.325880"><ele>708.4</ele></trkpt>
    <trkpt lat="44.231926" lon="5.325931"><ele>708.7</ele></trkpt>
    <trkpt lat="44.231892" lon="5.325902"><ele>707.3</ele></trkpt>
    <trkpt lat="44.231803" lon="5.325886"><ele>704.9</ele></trkpt>
    <trkpt lat="44.231692" lon="5.325920"><ele>703.4</ele></trkpt>
    <trkpt lat="44.231642" lon="5.325955"><ele>703.1</ele></trkpt>
    <trkpt lat="44.231541" lon="5.326025"><ele>702.0</ele></trkpt>
    <trkpt lat="44.231368" lon="5.326179"><ele>700.9</ele></trkpt>
    <trkpt lat="44.231325" lon="5.326226"><ele>700.4</ele></trkpt>
    <trkpt lat="44.231283" lon="5.326273"><ele>699.9</ele></trkpt>
    <trkpt lat="44.231241" lon="5.326319"><ele>699.4</ele></trkpt>
    <trkpt lat="44.231199" lon="5.326366"><ele>698.9</ele></trkpt>
    <trkpt lat="44.231167" lon="5.326426"><ele>698.8</ele></trkpt>
    <trkpt lat="44.231135" lon="5.326486"><ele>698.6</ele></trkpt>
    <trkpt lat="44.231103" lon="5.326546"><ele>698.6</ele></trkpt>
    <trkpt lat="44.231008" lon="5.326727"><ele>699.1</ele></trkpt>
    <trkpt lat="44.230971" lon="5.326779"><ele>699.0</ele></trkpt>
    <trkpt lat="44.230935" lon="5.326831"><ele>699.0</ele></trkpt>
    <trkpt lat="44.230843" lon="5.326937"><ele>699.0</ele></trkpt>
    <trkpt lat="44.230658" lon="5.327147"><ele>698.4</ele></trkpt>
    <trkpt lat="44.230612" lon="5.327200"><ele>698.6</ele></trkpt>
    <trkpt lat="44.230567" lon="5.327238"><ele>698.5</ele></trkpt>
    <trkpt lat="44.230476" lon="5.327315"><ele>698.3</ele></trkpt>
    <trkpt lat="44.230431" lon="5.327354"><ele>698.2</ele></trkpt>
    <trkpt lat="44.230386" lon="5.327392"><ele>698.0</ele></trkpt>
    <trkpt lat="44.230051" lon="5.327633"><ele>696.0</ele></trkpt>
    <trkpt lat="44.229992" lon="5.327673"><ele>695.5</ele></trkpt>
    <trkpt lat="44.229900" lon="5.327710"><ele>693.7</ele></trkpt>
    <trkpt lat="44.229854" lon="5.327729"><ele>692.8</ele></trkpt>
    <trkpt lat="44.229837" lon="5.327721"><ele>692.2</ele></trkpt>
    <trkpt lat="44.229804" lon="5.327720"><ele>691.3</ele></trkpt>
    <trkpt lat="44.229766" lon="5.327731"><ele>690.4</ele></trkpt>
    <trkpt lat="44.229713" lon="5.327783"><ele>689.8</ele></trkpt>
    <trkpt lat="44.229619" lon="5.327931"><ele>689.2</ele></trkpt>
    <trkpt lat="44.229585" lon="5.328041"><ele>690.3</ele></trkpt>
    <trkpt lat="44.229537" lon="5.328199"><ele>691.8</ele></trkpt>
    <trkpt lat="44.229529" lon="5.328265"><ele>692.7</ele></trkpt>
    <trkpt lat="44.229521" lon="5.328330"><ele>693.7</ele></trkpt>
    <trkpt lat="44.229482" lon="5.328539"><ele>696.7</ele></trkpt>
    <trkpt lat="44.229450" lon="5.328654"><ele>698.1</ele></trkpt>
    <trkpt lat="44.229402" lon="5.328763"><ele>699.6</ele></trkpt>
    <trkpt lat="44.229363" lon="5.328795"><ele>699.7</ele></trkpt>
    <trkpt lat="44.229323" lon="5.328826"><ele>699.8</ele></trkpt>
    <trkpt lat="44.229290" lon="5.328832"><ele>699.4</ele></trkpt>
    <trkpt lat="44.229256" lon="5.328838"><ele>699.1</ele></trkpt>
    <trkpt lat="44.229195" lon="5.328848"><ele>698.4</ele></trkpt>
    <trkpt lat="44.229071" lon="5.328868"><ele>699.2</ele></trkpt>
    <trkpt lat="44.228982" lon="5.328883"><ele>700.2</ele></trkpt>
    <trkpt lat="44.228931" lon="5.328883"><ele>700.5</ele></trkpt>
    <trkpt lat="44.228880" lon="5.328882"><ele>701.0</ele></trkpt>
    <trkpt lat="44.228827" lon="5.328863"><ele>701.7</ele></trkpt>
    <trkpt lat="44.228774" lon="5.328844"><ele>702.4</ele></trkpt>
    <trkpt lat="44.228729" lon="5.328814"><ele>702.7</ele></trkpt>
    <trkpt lat="44.228683" lon="5.328784"><ele>703.1</ele></trkpt>
    <trkpt lat="44.228618" lon="5.328720"><ele>703.2</ele></trkpt>
    <trkpt lat="44.228550" lon="5.328627"><ele>704.0</ele></trkpt>
    <trkpt lat="44.228420" lon="5.328418"><ele>704.2</ele></trkpt>
    <trkpt lat="44.228393" lon="5.328368"><ele>704.1</ele></trkpt>
    <trkpt lat="44.228367" lon="5.328319"><ele>704.2</ele></trkpt>
    <trkpt lat="44.228306" lon="5.328195"><ele>705.0</ele></trkpt>
    <trkpt lat="44.228275" lon="5.328132"><ele>705.5</ele></trkpt>
    <trkpt lat="44.228205" lon="5.327989"><ele>706.8</ele></trkpt>
    <trkpt lat="44.228177" lon="5.327925"><ele>707.0</ele></trkpt>
    <trkpt lat="44.228149" lon="5.327861"><ele>707.2</ele></trkpt>
    <trkpt lat="44.228120" lon="5.327797"><ele>707.4</ele></trkpt>
    <trkpt lat="44.228056" lon="5.327675"><ele>707.4</ele></trkpt>
    <trkpt lat="44.228024" lon="5.327615"><ele>706.9</ele></trkpt>
    <trkpt lat="44.227986" lon="5.327575"><ele>707.1</ele></trkpt>
    <trkpt lat="44.227910" lon="5.327494"><ele>707.5</ele></trkpt>
    <trkpt lat="44.227870" lon="5.327466"><ele>708.0</ele></trkpt>
    <trkpt lat="44.227831" lon="5.327438"><ele>708.4</ele></trkpt>
    <trkpt lat="44.227736" lon="5.327373"><ele>709.2</ele></trkpt>
    <trkpt lat="44.227559" lon="5.327281"><ele>710.9</ele></trkpt>
    <trkpt lat="44.227191" lon="5.327194"><ele>712.4</ele></trkpt>
    <trkpt lat="44.227130" lon="5.327197"><ele>712.7</ele></trkpt>
    <trkpt lat="44.227007" lon="5.327203"><ele>713.3</ele></trkpt>
    <trkpt lat="44.226885" lon="5.327208"><ele>714.7</ele></trkpt>
    <trkpt lat="44.226824" lon="5.327211"><ele>715.9</ele></trkpt>
    <trkpt lat="44.226714" lon="5.327192"><ele>717.3</ele></trkpt>
    <trkpt lat="44.226645" lon="5.327174"><ele>718.0</ele></trkpt>
    <trkpt lat="44.226580" lon="5.327117"><ele>717.5</ele></trkpt>
    <trkpt lat="44.226544" lon="5.327057"><ele>716.4</ele></trkpt>
    <trkpt lat="44.226509" lon="5.326997"><ele>715.4</ele></trkpt>
    <trkpt lat="44.226474" lon="5.326936"><ele>714.2</ele></trkpt>
    <trkpt lat="44.226445" lon="5.326908"><ele>714.0</ele></trkpt>
    <trkpt lat="44.226417" lon="5.326880"><ele>713.7</ele></trkpt>
    <trkpt lat="44.226385" lon="5.326876"><ele>714.0</ele></trkpt>
    <trkpt lat="44.226353" lon="5.326873"><ele>713.9</ele></trkpt>
    <trkpt lat="44.226270" lon="5.326909"><ele>715.0</ele></trkpt>
    <trkpt lat="44.226221" lon="5.326962"><ele>716.4</ele></trkpt>
    <trkpt lat="44.226172" lon="5.327015"><ele>717.6</ele></trkpt>
    <trkpt lat="44.226123" lon="5.327069"><ele>718.7</ele></trkpt>
    <trkpt lat="44.226074" lon="5.327122"><ele>719.3</ele></trkpt>
    <trkpt lat="44.226025" lon="5.327170"><ele>719.6</ele></trkpt>
    <trkpt lat="44.225975" lon="5.327219"><ele>720.0</ele></trkpt>
    <trkpt lat="44.225933" lon="5.327251"><ele>720.3</ele></trkpt>
    <trkpt lat="44.225890" lon="5.327283"><ele>720.6</ele></trkpt>
    <trkpt lat="44.225835" lon="5.327309"><ele>720.5</ele></trkpt>
    <trkpt lat="44.225724" lon="5.327360"><ele>720.8</ele></trkpt>
    <trkpt lat="44.225614" lon="5.327411"><ele>721.1</ele></trkpt>
    <trkpt lat="44.225559" lon="5.327436"><ele>721.2</ele></trkpt>
    <trkpt lat="44.225506" lon="5.327468"><ele>720.6</ele></trkpt>
    <trkpt lat="44.225452" lon="5.327499"><ele>720.0</ele></trkpt>
    <trkpt lat="44.225240" lon="5.327687"><ele>719.8</ele></trkpt>
    <trkpt lat="44.225134" lon="5.327780"><ele>720.5</ele></trkpt>
    <trkpt lat="44.225082" lon="5.327827"><ele>720.7</ele></trkpt>
    <trkpt lat="44.225037" lon="5.327879"><ele>721.2</ele></trkpt>
    <trkpt lat="44.224992" lon="5.327931"><ele>721.8</ele></trkpt>
    <trkpt lat="44.224902" lon="5.328034"><ele>723.5</ele></trkpt>
    <trkpt lat="44.224797" lon="5.328162"><ele>725.3</ele></trkpt>
    <trkpt lat="44.224756" lon="5.328212"><ele>725.9</ele></trkpt>
    <trkpt lat="44.224723" lon="5.328258"><ele>726.4</ele></trkpt>
    <trkpt lat="44.224690" lon="5.328305"><ele>727.1</ele></trkpt>
    <trkpt lat="44.224654" lon="5.328343"><ele>727.4</ele></trkpt>
    <trkpt lat="44.224582" lon="5.328419"><ele>727.9</ele></trkpt>
    <trkpt lat="44.224522" lon="5.328444"><ele>727.7</ele></trkpt>
    <trkpt lat="44.224463" lon="5.328468"><ele>727.6</ele></trkpt>
    <trkpt lat="44.224249" lon="5.328506"><ele>727.9</ele></trkpt>
    <trkpt lat="44.223669" lon="5.328628"><ele>729.1</ele></trkpt>
    <trkpt lat="44.223381" lon="5.328713"><ele>730.3</ele></trkpt>
    <trkpt lat="44.223277" lon="5.328731"><ele>730.5</ele></trkpt>
    <trkpt lat="44.223092" lon="5.328755"><ele>730.9</ele></trkpt>
    <trkpt lat="44.222978" lon="5.328797"><ele>730.9</ele></trkpt>
    <trkpt lat="44.222890" lon="5.328881"><ele>730.4</ele></trkpt>
    <trkpt lat="44.222861" lon="5.328920"><ele>730.1</ele></trkpt>
    <trkpt lat="44.222851" lon="5.328934"><ele>730.0</ele></trkpt>
    <trkpt lat="44.222761" lon="5.329090"><ele>728.5</ele></trkpt>
    <trkpt lat="44.222725" lon="5.329180"><ele>727.5</ele></trkpt>
    <trkpt lat="44.222716" lon="5.329194"><ele>727.4</ele></trkpt>
    <trkpt lat="44.222611" lon="5.329356"><ele>724.9</ele></trkpt>
    <trkpt lat="44.222578" lon="5.329371"><ele>724.2</ele></trkpt>
    <trkpt lat="44.222542" lon="5.329351"><ele>723.9</ele></trkpt>
    <trkpt lat="44.222508" lon="5.329272"><ele>724.6</ele></trkpt>
    <trkpt lat="44.222468" lon="5.329208"><ele>725.2</ele></trkpt>
    <trkpt lat="44.222411" lon="5.329184"><ele>725.4</ele></trkpt>
    <trkpt lat="44.222347" lon="5.329210"><ele>724.6</ele></trkpt>
    <trkpt lat="44.222214" lon="5.329391"><ele>719.3</ele></trkpt>
    <trkpt lat="44.222167" lon="5.329418"><ele>718.7</ele></trkpt>
    <trkpt lat="44.222104" lon="5.329417"><ele>718.7</ele></trkpt>
    <trkpt lat="44.221920" lon="5.329327"><ele>721.4</ele></trkpt>
    <trkpt lat="44.221874" lon="5.329335"><ele>722.0</ele></trkpt>
    <trkpt lat="44.221888" lon="5.329408"><ele>719.9</ele></trkpt>
    <trkpt lat="44.221928" lon="5.329460"><ele>718.0</ele></trkpt>
    <trkpt lat="44.222156" lon="5.329645"><ele>714.4</ele></trkpt>
    <trkpt lat="44.222213" lon="5.329679"><ele>713.8</ele></trkpt>
    <trkpt lat="44.222318" lon="5.329713"><ele>714.9</ele></trkpt>
    <trkpt lat="44.222349" lon="5.329754"><ele>714.9</ele></trkpt>
    <trkpt lat="44.222396" lon="5.329841"><ele>714.7</ele></trkpt>
    <trkpt lat="44.222429" lon="5.329929"><ele>714.3</ele></trkpt>
    <trkpt lat="44.222488" lon="5.330142"><ele>713.2</ele></trkpt>
    <trkpt lat="44.222501" lon="5.330237"><ele>712.5</ele></trkpt>
    <trkpt lat="44.222494" lon="5.330330"><ele>711.9</ele></trkpt>
    <trkpt lat="44.222472" lon="5.330431"><ele>711.3</ele></trkpt>
    <trkpt lat="44.222328" lon="5.330835"><ele>708.1</ele></trkpt>
    <trkpt lat="44.222216" lon="5.331138"><ele>707.0</ele></trkpt>
    <trkpt lat="44.222181" lon="5.331237"><ele>706.7</ele></trkpt>
    <trkpt lat="44.222099" lon="5.331533"><ele>705.5</ele></trkpt>
    <trkpt lat="44.222080" lon="5.331631"><ele>705.3</ele></trkpt>
    <trkpt lat="44.222073" lon="5.331751"><ele>705.5</ele></trkpt>
    <trkpt lat="44.222081" lon="5.331979"><ele>706.6</ele></trkpt>
    <trkpt lat="44.222086" lon="5.332037"><ele>707.1</ele></trkpt>
    <trkpt lat="44.222121" lon="5.332248"><ele>709.5</ele></trkpt>
    <trkpt lat="44.222087" lon="5.332326"><ele>709.8</ele></trkpt>
    <trkpt lat="44.221952" lon="5.332402"><ele>707.4</ele></trkpt>
    <trkpt lat="44.221812" lon="5.332527"><ele>706.6</ele></trkpt>
    <trkpt lat="44.221741" lon="5.332605"><ele>706.5</ele></trkpt>
    <trkpt lat="44.221302" lon="5.333139"><ele>704.3</ele></trkpt>
    <trkpt lat="44.221141" lon="5.333327"><ele>703.5</ele></trkpt>
    <trkpt lat="44.221075" lon="5.333389"><ele>703.5</ele></trkpt>
    <trkpt lat="44.220990" lon="5.333443"><ele>703.7</ele></trkpt>
    <trkpt lat="44.220862" lon="5.333489"><ele>703.4</ele></trkpt>
    <trkpt lat="44.220706" lon="5.333520"><ele>702.8</ele></trkpt>
    <trkpt lat="44.220611" lon="5.333562"><ele>702.7</ele></trkpt>
    <trkpt lat="44.220524" lon="5.333648"><ele>702.9</ele></trkpt>
    <trkpt lat="44.220361" lon="5.333882"><ele>702.4</ele></trkpt>
    <trkpt lat="44.220324" lon="5.333946"><ele>702.1</ele></trkpt>
    <trkpt lat="44.220281" lon="5.334042"><ele>701.6</ele></trkpt>
    <trkpt lat="44.220256" lon="5.334102"><ele>701.1</ele></trkpt>
    <trkpt lat="44.220242" lon="5.334143"><ele>700.8</ele></trkpt>
    <trkpt lat="44.220234" lon="5.334175"><ele>700.6</ele></trkpt>
    <trkpt lat="44.220232" lon="5.334252"><ele>700.6</ele></trkpt>
    <trkpt lat="44.220235" lon="5.334306"><ele>700.7</ele></trkpt>
    <trkpt lat="44.220242" lon="5.334375"><ele>700.9</ele></trkpt>
    <trkpt lat="44.220252" lon="5.334465"><ele>701.4</ele></trkpt>
    <trkpt lat="44.220255" lon="5.334513"><ele>701.9</ele></trkpt>
    <trkpt lat="44.220255" lon="5.334535"><ele>702.0</ele></trkpt>
    <trkpt lat="44.220254" lon="5.334565"><ele>702.2</ele></trkpt>
    <trkpt lat="44.220243" lon="5.334620"><ele>702.3</ele></trkpt>
    <trkpt lat="44.220235" lon="5.334652"><ele>702.4</ele></trkpt>
    <trkpt lat="44.220221" lon="5.334683"><ele>702.3</ele></trkpt>
    <trkpt lat="44.220207" lon="5.334703"><ele>702.1</ele></trkpt>
    <trkpt lat="44.220186" lon="5.334723"><ele>701.7</ele></trkpt>
    <trkpt lat="44.220155" lon="5.334745"><ele>701.3</ele></trkpt>
    <trkpt lat="44.219835" lon="5.334932"><ele>697.1</ele></trkpt>
    <trkpt lat="44.219764" lon="5.334971"><ele>696.3</ele></trkpt>
    <trkpt lat="44.219427" lon="5.334989"><ele>693.6</ele></trkpt>
    <trkpt lat="44.219175" lon="5.335014"><ele>692.4</ele></trkpt>
    <trkpt lat="44.219050" lon="5.335045"><ele>691.4</ele></trkpt>
    <trkpt lat="44.218923" lon="5.335081"><ele>690.5</ele></trkpt>
    <trkpt lat="44.218827" lon="5.335177"><ele>690.7</ele></trkpt>
    <trkpt lat="44.218758" lon="5.335245"><ele>690.4</ele></trkpt>
    <trkpt lat="44.218694" lon="5.335317"><ele>690.2</ele></trkpt>
    <trkpt lat="44.218562" lon="5.335465"><ele>689.5</ele></trkpt>
    <trkpt lat="44.218451" lon="5.335613"><ele>689.1</ele></trkpt>
    <trkpt lat="44.218327" lon="5.335781"><ele>688.6</ele></trkpt>
    <trkpt lat="44.218219" lon="5.335995"><ele>688.1</ele></trkpt>
    <trkpt lat="44.218127" lon="5.336226"><ele>687.3</ele></trkpt>
    <trkpt lat="44.217920" lon="5.336913"><ele>687.4</ele></trkpt>
    <trkpt lat="44.217888" lon="5.337050"><ele>687.4</ele></trkpt>
    <trkpt lat="44.217848" lon="5.337262"><ele>687.8</ele></trkpt>
    <trkpt lat="44.217828" lon="5.337440"><ele>688.5</ele></trkpt>
    <trkpt lat="44.217814" lon="5.337575"><ele>689.1</ele></trkpt>
    <trkpt lat="44.217800" lon="5.337646"><ele>689.4</ele></trkpt>
    <trkpt lat="44.217781" lon="5.337673"><ele>689.3</ele></trkpt>
    <trkpt lat="44.217752" lon="5.337694"><ele>689.5</ele></trkpt>
    <trkpt lat="44.217680" lon="5.337713"><ele>689.8</ele></trkpt>
    <trkpt lat="44.217662" lon="5.337718"><ele>689.9</ele></trkpt>
    <trkpt lat="44.217574" lon="5.337725"><ele>690.2</ele></trkpt>
    <trkpt lat="44.217174" lon="5.337805"><ele>692.2</ele></trkpt>
    <trkpt lat="44.217045" lon="5.337848"><ele>692.4</ele></trkpt>
    <trkpt lat="44.216898" lon="5.337901"><ele>692.9</ele></trkpt>
    <trkpt lat="44.216842" lon="5.337922"><ele>692.9</ele></trkpt>
    <trkpt lat="44.216614" lon="5.337985"><ele>692.1</ele></trkpt>
    <trkpt lat="44.216324" lon="5.338057"><ele>690.6</ele></trkpt>
    <trkpt lat="44.216105" lon="5.338067"><ele>689.2</ele></trkpt>
    <trkpt lat="44.215691" lon="5.337978"><ele>685.7</ele></trkpt>
    <trkpt lat="44.215591" lon="5.337954"><ele>684.9</ele></trkpt>
    <trkpt lat="44.215493" lon="5.337944"><ele>684.4</ele></trkpt>
    <trkpt lat="44.215193" lon="5.337938"><ele>683.2</ele></trkpt>
    <trkpt lat="44.215012" lon="5.337969"><ele>683.2</ele></trkpt>
    <trkpt lat="44.214927" lon="5.337962"><ele>682.5</ele></trkpt>
    <trkpt lat="44.214665" lon="5.337886"><ele>679.9</ele></trkpt>
    <trkpt lat="44.214587" lon="5.337883"><ele>679.7</ele></trkpt>
    <trkpt lat="44.214504" lon="5.337908"><ele>680.0</ele></trkpt>
    <trkpt lat="44.214388" lon="5.337922"><ele>679.6</ele></trkpt>
    <trkpt lat="44.214185" lon="5.337881"><ele>677.0</ele></trkpt>
    <trkpt lat="44.214127" lon="5.337878"><ele>676.2</ele></trkpt>
    <trkpt lat="44.214047" lon="5.337883"><ele>675.2</ele></trkpt>
    <trkpt lat="44.213691" lon="5.338016"><ele>672.5</ele></trkpt>
    <trkpt lat="44.213609" lon="5.338055"><ele>672.0</ele></trkpt>
    <trkpt lat="44.213540" lon="5.338105"><ele>671.4</ele></trkpt>
    <trkpt lat="44.213522" lon="5.338192"><ele>671.9</ele></trkpt>
    <trkpt lat="44.213523" lon="5.338305"><ele>672.9</ele></trkpt>
    <trkpt lat="44.213505" lon="5.338408"><ele>673.3</ele></trkpt>
    <trkpt lat="44.213461" lon="5.338463"><ele>673.3</ele></trkpt>
    <trkpt lat="44.213421" lon="5.338472"><ele>672.9</ele></trkpt>
    <trkpt lat="44.213376" lon="5.338444"><ele>671.9</ele></trkpt>
    <trkpt lat="44.213229" lon="5.338283"><ele>669.6</ele></trkpt>
    <trkpt lat="44.213150" lon="5.338098"><ele>667.3</ele></trkpt>
    <trkpt lat="44.213103" lon="5.338014"><ele>665.7</ele></trkpt>
    <trkpt lat="44.212942" lon="5.337934"><ele>664.1</ele></trkpt>
    <trkpt lat="44.212861" lon="5.337898"><ele>663.3</ele></trkpt>
    <trkpt lat="44.212734" lon="5.337868"><ele>662.0</ele></trkpt>
    <trkpt lat="44.212598" lon="5.337931"><ele>661.1</ele></trkpt>
    <trkpt lat="44.212542" lon="5.337981"><ele>660.9</ele></trkpt>
    <trkpt lat="44.212496" lon="5.338070"><ele>661.1</ele></trkpt>
    <trkpt lat="44.212445" lon="5.338249"><ele>662.1</ele></trkpt>
    <trkpt lat="44.212422" lon="5.338308"><ele>662.5</ele></trkpt>
    <trkpt lat="44.212385" lon="5.338328"><ele>662.5</ele></trkpt>
    <trkpt lat="44.212364" lon="5.338338"><ele>662.6</ele></trkpt>
    <trkpt lat="44.212295" lon="5.338334"><ele>662.3</ele></trkpt>
    <trkpt lat="44.212238" lon="5.338293"><ele>661.5</ele></trkpt>
    <trkpt lat="44.212135" lon="5.338067"><ele>658.2</ele></trkpt>
    <trkpt lat="44.212091" lon="5.337994"><ele>657.3</ele></trkpt>
    <trkpt lat="44.212028" lon="5.337942"><ele>656.8</ele></trkpt>
    <trkpt lat="44.211953" lon="5.337935"><ele>656.7</ele></trkpt>
    <trkpt lat="44.211877" lon="5.337948"><ele>656.0</ele></trkpt>
    <trkpt lat="44.211799" lon="5.337973"><ele>655.2</ele></trkpt>
    <trkpt lat="44.211652" lon="5.338041"><ele>653.7</ele></trkpt>
    <trkpt lat="44.211588" lon="5.338096"><ele>653.5</ele></trkpt>
    <trkpt lat="44.211537" lon="5.338150"><ele>653.4</ele></trkpt>
    <trkpt lat="44.211518" lon="5.338170"><ele>653.4</ele></trkpt>
    <trkpt lat="44.211471" lon="5.338218"><ele>653.5</ele></trkpt>
    <trkpt lat="44.211149" lon="5.338202"><ele>650.4</ele></trkpt>
    <trkpt lat="44.211112" lon="5.338186"><ele>649.9</ele></trkpt>
    <trkpt lat="44.211054" lon="5.338117"><ele>649.6</ele></trkpt>
    <trkpt lat="44.210735" lon="5.337659"><ele>646.9</ele></trkpt>
    <trkpt lat="44.210665" lon="5.337539"><ele>646.1</ele></trkpt>
    <trkpt lat="44.210504" lon="5.337264"><ele>644.2</ele></trkpt>
    <trkpt lat="44.210341" lon="5.337021"><ele>642.2</ele></trkpt>
    <trkpt lat="44.210277" lon="5.336937"><ele>640.9</ele></trkpt>
    <trkpt lat="44.210126" lon="5.336805"><ele>640.1</ele></trkpt>
    <trkpt lat="44.210049" lon="5.336746"><ele>639.2</ele></trkpt>
    <trkpt lat="44.209969" lon="5.336710"><ele>638.3</ele></trkpt>
    <trkpt lat="44.209798" lon="5.336683"><ele>636.9</ele></trkpt>
    <trkpt lat="44.209714" lon="5.336686"><ele>636.8</ele></trkpt>
    <trkpt lat="44.209625" lon="5.336701"><ele>636.6</ele></trkpt>
    <trkpt lat="44.209248" lon="5.336788"><ele>633.4</ele></trkpt>
    <trkpt lat="44.208906" lon="5.336860"><ele>630.5</ele></trkpt>
    <trkpt lat="44.208805" lon="5.336878"><ele>630.5</ele></trkpt>
    <trkpt lat="44.208724" lon="5.336835"><ele>630.2</ele></trkpt>
    <trkpt lat="44.208696" lon="5.336819"><ele>630.1</ele></trkpt>
    <trkpt lat="44.208679" lon="5.336802"><ele>630.0</ele></trkpt>
    <trkpt lat="44.208596" lon="5.336716"><ele>629.5</ele></trkpt>
    <trkpt lat="44.208453" lon="5.336541"><ele>629.7</ele></trkpt>
    <trkpt lat="44.208287" lon="5.336362"><ele>630.1</ele></trkpt>
    <trkpt lat="44.208213" lon="5.336307"><ele>630.1</ele></trkpt>
    <trkpt lat="44.208120" lon="5.336253"><ele>630.3</ele></trkpt>
    <trkpt lat="44.208002" lon="5.336206"><ele>630.3</ele></trkpt>
    <trkpt lat="44.207941" lon="5.336191"><ele>630.3</ele></trkpt>
    <trkpt lat="44.207873" lon="5.336184"><ele>630.3</ele></trkpt>
    <trkpt lat="44.207375" lon="5.336201"><ele>627.7</ele></trkpt>
    <trkpt lat="44.207202" lon="5.336216"><ele>626.5</ele></trkpt>
    <trkpt lat="44.207121" lon="5.336217"><ele>625.7</ele></trkpt>
    <trkpt lat="44.207042" lon="5.336205"><ele>624.7</ele></trkpt>
    <trkpt lat="44.206980" lon="5.336181"><ele>623.9</ele></trkpt>
    <trkpt lat="44.206913" lon="5.336134"><ele>623.2</ele></trkpt>
    <trkpt lat="44.206861" lon="5.336045"><ele>622.6</ele></trkpt>
    <trkpt lat="44.206857" lon="5.336011"><ele>622.4</ele></trkpt>
    <trkpt lat="44.206741" lon="5.335943"><ele>622.2</ele></trkpt>
    <trkpt lat="44.206678" lon="5.335920"><ele>622.3</ele></trkpt>
    <trkpt lat="44.206565" lon="5.335891"><ele>623.4</ele></trkpt>
    <trkpt lat="44.206414" lon="5.335921"><ele>625.1</ele></trkpt>
    <trkpt lat="44.206346" lon="5.335945"><ele>626.2</ele></trkpt>
    <trkpt lat="44.206230" lon="5.336017"><ele>628.3</ele></trkpt>
    <trkpt lat="44.206157" lon="5.336021"><ele>629.9</ele></trkpt>
    <trkpt lat="44.206073" lon="5.335879"><ele>634.4</ele></trkpt>
    <trkpt lat="44.206140" lon="5.335593"><ele>637.1</ele></trkpt>
    <trkpt lat="44.206203" lon="5.335436"><ele>637.5</ele></trkpt>
    <trkpt lat="44.206328" lon="5.335048"><ele>638.2</ele></trkpt>
    <trkpt lat="44.206378" lon="5.334848"><ele>639.3</ele></trkpt>
    <trkpt lat="44.206454" lon="5.334393"><ele>643.8</ele></trkpt>
    <trkpt lat="44.206483" lon="5.334194"><ele>645.8</ele></trkpt>
    <trkpt lat="44.206523" lon="5.334002"><ele>647.2</ele></trkpt>
    <trkpt lat="44.206603" lon="5.333661"><ele>649.3</ele></trkpt>
    <trkpt lat="44.206630" lon="5.333463"><ele>651.6</ele></trkpt>
    <trkpt lat="44.206561" lon="5.333572"><ele>653.1</ele></trkpt>
    <trkpt lat="44.206483" lon="5.333695"><ele>654.7</ele></trkpt>
    <trkpt lat="44.205952" lon="5.334709"><ele>664.3</ele></trkpt>
    <trkpt lat="44.205767" lon="5.335017"><ele>666.5</ele></trkpt>
    <trkpt lat="44.205704" lon="5.335119"><ele>667.2</ele></trkpt>
    <trkpt lat="44.205563" lon="5.335328"><ele>669.7</ele></trkpt>
    <trkpt lat="44.205485" lon="5.335479"><ele>670.4</ele></trkpt>
    <trkpt lat="44.205367" lon="5.335752"><ele>671.3</ele></trkpt>
    <trkpt lat="44.205256" lon="5.335987"><ele>672.5</ele></trkpt>
    <trkpt lat="44.205137" lon="5.336219"><ele>673.7</ele></trkpt>
    <trkpt lat="44.205048" lon="5.336362"><ele>675.4</ele></trkpt>
    <trkpt lat="44.204851" lon="5.336648"><ele>677.5</ele></trkpt>
    <trkpt lat="44.204788" lon="5.336732"><ele>678.7</ele></trkpt>
    <trkpt lat="44.204711" lon="5.336818"><ele>680.5</ele></trkpt>
    <trkpt lat="44.204578" lon="5.336932"><ele>681.6</ele></trkpt>
    <trkpt lat="44.204475" lon="5.336950"><ele>682.7</ele></trkpt>
    <trkpt lat="44.204104" lon="5.336990"><ele>678.2</ele></trkpt>
    <trkpt lat="44.203872" lon="5.336790"><ele>674.0</ele></trkpt>
    <trkpt lat="44.203846" lon="5.336749"><ele>673.9</ele></trkpt>
    <trkpt lat="44.203834" lon="5.336729"><ele>673.8</ele></trkpt>
    <trkpt lat="44.203814" lon="5.336721"><ele>673.8</ele></trkpt>
    <trkpt lat="44.203794" lon="5.336713"><ele>673.7</ele></trkpt>
    <trkpt lat="44.203573" lon="5.336696"><ele>673.0</ele></trkpt>
    <trkpt lat="44.203551" lon="5.336697"><ele>673.0</ele></trkpt>
    <trkpt lat="44.203528" lon="5.336697"><ele>672.9</ele></trkpt>
    <trkpt lat="44.203438" lon="5.336700"><ele>672.7</ele></trkpt>
    <trkpt lat="44.203308" lon="5.336652"><ele>672.2</ele></trkpt>
    <trkpt lat="44.203010" lon="5.336448"><ele>670.4</ele></trkpt>
    <trkpt lat="44.202532" lon="5.336190"><ele>663.3</ele></trkpt>
    <trkpt lat="44.202499" lon="5.336173"><ele>662.2</ele></trkpt>
    <trkpt lat="44.202398" lon="5.336123"><ele>660.5</ele></trkpt>
    <trkpt lat="44.202326" lon="5.336094"><ele>659.5</ele></trkpt>
    <trkpt lat="44.202253" lon="5.336065"><ele>658.5</ele></trkpt>
    <trkpt lat="44.202157" lon="5.336049"><ele>657.2</ele></trkpt>
    <trkpt lat="44.202125" lon="5.336044"><ele>656.8</ele></trkpt>
    <trkpt lat="44.202092" lon="5.336043"><ele>656.5</ele></trkpt>
    <trkpt lat="44.202058" lon="5.336043"><ele>656.2</ele></trkpt>
    <trkpt lat="44.202028" lon="5.336043"><ele>656.0</ele></trkpt>
    <trkpt lat="44.201969" lon="5.336044"><ele>655.5</ele></trkpt>
    <trkpt lat="44.201499" lon="5.336060"><ele>650.4</ele></trkpt>
    <trkpt lat="44.201327" lon="5.336087"><ele>649.9</ele></trkpt>
    <trkpt lat="44.201087" lon="5.336110"><ele>651.1</ele></trkpt>
    <trkpt lat="44.201033" lon="5.336097"><ele>651.0</ele></trkpt>
    <trkpt lat="44.200914" lon="5.336106"><ele>651.6</ele></trkpt>
    <trkpt lat="44.200524" lon="5.336255"><ele>650.8</ele></trkpt>
    <trkpt lat="44.200102" lon="5.336368"><ele>652.2</ele></trkpt>
    <trkpt lat="44.199906" lon="5.336417"><ele>653.1</ele></trkpt>
    <trkpt lat="44.199577" lon="5.336437"><ele>649.6</ele></trkpt>
    <trkpt lat="44.199515" lon="5.336433"><ele>648.6</ele></trkpt>
    <trkpt lat="44.199450" lon="5.336437"><ele>647.8</ele></trkpt>
  </trkseg></trk></gpx>